Gen,Frecuencia_CV
FBLN2,25
SEMA3G,25
MYLK2,25
CA4,25
LINC01310,25
MEGF6,25
GPD1,25
COL9A3,25
EDN3,25
LBH,25
ARC,25
CSRP3,25
NKG7,25
ELFN1,25
FBN3,25
MALAT1,25
PCLAF,25
GPCPD1,25
IFI6,25
CIRBP,25
KREMEN2,25
LINC01006,25
RAB7B,25
PRR22,25
ZNF341-AS1,25
MYOG,25
PEX11G,25
COL14A1,20
SPDEF,20
CARNS1,20
SNORD17,20
CPXM1,20
TARBP1,20
CLEC3B,20
KRT26,20
RNU11,20
LRRC17,20
GLYCTK,20
TMEM88,20
XPNPEP2,20
TMEM121,20
JAG2,20
SERPINB11,20
GPRC5A,20
NKD2,20
LINC01392,20
TNFRSF21,20
PPDPF,20
OAS3,20
TBX21,20
LTB4R2,15
EGR1,15
CHAT,15
KCNE5,15
HSD17B8,15
KRT86,15
PLCH2,15
NOXA1,15
FAAP100,15
COL18A1,15
ZNF628,15
NUP210L,15
TPGS1,15
SLC16A11,15
EXOC3L1,15
CASTOR3,15
LILRA5,15
DEGS2,15
C7orf61,15
GOLGA8T,15
MRPL23-AS1,15
IFI44L,15
DSCAM-AS1,15
COL9A2,15
C9orf153,15
FOXS1,10
DHRS11,10
FLT3,10
NUPR1,10
EPSTI1,10
PPP1R14A,10
CYGB,10
CMTM5,10
LRG1,10
CDKL1,10
TUBB3,10
TMEM37,10
ACTA2,10
HCRTR1,10
LOC283038,10
NAA80,10
FAAH,10
RD3,10
GKAP1,10
MYO7B,10
HOXC6,10
CHTF18,10
BTBD17,10
CCND1,10
CASQ2,10
HERC6,10
KRTAP5-7,10
CLLU1,10
SLC35G5,10
SLC25A10,10
NID2,10
SYCE1L,10
AICDA,10
Unnamed: 21908,10
PSPN,10
MIA,10
SEMA3C,10
ANO1,10
ATP2A3,5
TAS2R4,5
LINC00470,5
TRPV6,5
POU2AF1,5
RASGRF1,5
CD96,5
INF2,5
PYCR3,5
TRPC7,5
LDB3,5
SLC16A6,5
RERGL,5
SNX22,5
NUDT18,5
SLC6A1,5
GZMA,5
THSD7B,5
EGR4,5
PRR7,5
SLCO4A1,5
SLC6A6,5
KAZALD1,5
SPINK2,5
RBP1,5
ACCS,5
ZDHHC12,5
MT1M,5
HRG,5
CCNB3,5
SLC6A13,5
HES4,5
SAPCD2,5
IGFN1,5
OPLAH,5
RBM47,5
VGF,5
MEX3A,5
SLC38A5,5
ACP2,5
ST7-AS1,5
FOXQ1,5
SPON2,5
LGALS2,5
ST6GALNAC1,5
CTRC,5
HSPA12B,5
RNF126,5
CTNNBIP1,5
MISP,5
MAB21L3,5
NEU4,5
ABCG2,5
ABHD16B,5
REM1,5
ISM1,5
CCBE1,5
CHADL,5
ATP6V0E2,5
TTLL11,5
DUSP2,5
IGF2,5
FAM9A,5
ALG1L,5
TMEM151A,5
HEATR9,5
ISG15,5
CRACR2B,5
LINC02288,5
GJC2,5
NRL,5
CCDC36,5
H1-7,5
PNISR,5
WDR86,5
BCYRN1,5
NKX2-8,5
BFSP1,5
NEXN-AS1,5
AGRN,5
FOXL1,5
GLTPD2,5
SLC19A1,5
GFRAL,5
ANGPT2,5
SKOR1,5
GJB1,5
LINC02245,5
HOXB13,5
CLEC2B,5
LOC441086,5
NRARP,5
PGM5-AS1,5
TSPAN9,5
PPIAL4G,5
PRSS56,5
KCNJ6,5
LAMC3,5
MUC5B,5
FAM182B,5
NEBL-AS1,5
EPHA8,5
AOC3,5
LMO1,5
OTX2-AS1,5
IQCJ-SCHIP1,5
LINC00838,5
LINC01133,5
COL4A3,5
HTR6,5
MPO,5
LOC100507065,5
DNAJB5-DT,5
PHKA1-AS1,5
NALT1,5
AGPAT4,5
RNU6-9,5
MIR8066,5
LINC01338,5
LOC102723831,5
SND1-IT1,5
LOC105274304,5
AEBP1,0
TLE5,0
CRISP1,0
AFM,0
AFP,0
AGA,0
ACAN,0
AGER,0
AGL,0
AGRP,0
JAG1,0
AGT,0
AGTR1,0
APLNR,0
AGXT,0
NR0B1,0
AHCY,0
AHR,0
AHSG,0
AIF1,0
CRYBG1,0
AK1,0
AK2,0
AK4,0
AKT1,0
AKT2,0
ALAD,0
ALAS1,0
ALAS2,0
ALB,0
ALCAM,0
ABCD1,0
ALDH1A1,0
ALDH2,0
ALDH3A1,0
ALDH1B1,0
ALDH1A3,0
ALDH3B1,0
ALDH3B2,0
ALDH9A1,0
ALDH3A2,0
ABCD2,0
ALDOA,0
ALDOB,0
ALDOC,0
AKR1B1,0
ALK,0
ALOX12,0
ALOX5,0
ALOX5AP,0
ALOX12B,0
ALOX15,0
ALOX15B,0
ALPI,0
ALPL,0
ALPP,0
ALPG,0
ALX3,0
AMBN,0
AMBP,0
AMD1,0
AMELX,0
AMELY,0
AMFR,0
AMH,0
AMHR2,0
AMPD1,0
AMPD2,0
AMPD3,0
AMPH,0
BIN1,0
AMT,0
AMY1A,0
AMY2A,0
AMY2B,0
ANG,0
ANGPT1,0
ANK1,0
ANK2,0
ANK3,0
ANPEP,0
SLC25A4,0
SLC25A5,0
SLC25A6,0
ANXA1,0
ANXA2,0
ANXA3,0
ANXA4,0
ANXA5,0
ANXA6,0
ANXA7,0
ANXA11,0
ANXA13,0
AOAH,0
AOC2,0
AOX1,0
APAF1,0
NUDT2,0
APOF,0
APBA1,0
APBA2,0
APBB1,0
APBB2,0
APC,0
APCS,0
AIRE,0
APEH,0
APEX1,0
BIRC2,0
BIRC3,0
XIAP,0
BIRC5,0
APLP1,0
APLP2,0
APOA1,0
APOA2,0
APOA4,0
APOB,0
APOBEC1,0
APOC1,0
AQP8,0
APOC2,0
APOC3,0
APOC4,0
APOD,0
APOE,0
APOH,0
APP,0
APRT,0
KLK3,0
FAS,0
FASLG,0
SHROOM2,0
AQP1,0
AQP2,0
AQP3,0
AQP4,0
AQP5,0
AQP6,0
AQP7,0
AQP9,0
AR,0
ABCC6,0
ARAF,0
ARCN1,0
TRIM23,0
AREG,0
ARF1,0
ARF3,0
ARF4,0
ARL4D,0
ARF5,0
ARF6,0
ARG1,0
ARG2,0
RHOA,0
RHOB,0
RHOC,0
RND3,0
RHOG,0
ARHGAP1,0
ARHGAP4,0
ARHGAP5,0
ARHGAP6,0
ARHGDIA,0
ARHGDIB,0
ARHGDIG,0
RHOH,0
ARL1,0
PHOX2A,0
ARL2,0
ARL3,0
ARNT,0
ARNTL,0
ARR3,0
ARRB1,0
ARRB2,0
ARSA,0
ARSB,0
STS,0
ARSD,0
ARSL,0
ARSF,0
ART1,0
ART3,0
ART4,0
ARVCF,0
ASAH1,0
ASCL1,0
ASCL2,0
ASGR1,0
ASGR2,0
ASIP,0
ASL,0
ASMT,0
GET3,0
ASNS,0
ASPA,0
ASPH,0
ASS1,0
ASTN1,0
SERPINC1,0
ZFHX3,0
ATF1,0
ATF3,0
ATF4,0
ATIC,0
ATM,0
RERE,0
ATOH1,0
ATOX1,0
ATP1A1,0
ATP1A2,0
ATP1A3,0
ATP12A,0
ATP1A4,0
ATP1B1,0
ATP1B2,0
ATP1B3,0
FXYD2,0
ATP2A1,0
ATP2A2,0
ATP2B1,0
ATP2B2,0
ATP2B3,0
ATP2B4,0
ATP4A,0
ATP4B,0
ATP5F1A,0
ALDH7A1,0
ATP5F1B,0
ATP5F1C,0
ATP5F1D,0
ATP5F1E,0
ATP5PB,0
ATP5MC1,0
ATP5MC2,0
ATP5MC3,0
ATP5ME,0
ATP5PF,0
ATP6V1A,0
ATP6V1B1,0
ATP6V1B2,0
ATP6V0C,0
ATP6V1C1,0
ATP6V1E1,0
ATP6V0B,0
ATP6V1G2,0
ATP6V0A1,0
ATP6AP1,0
ATP7A,0
ATP5PO,0
ATP7B,0
ATR,0
ATRX,0
KIF1A,0
AUH,0
AUP1,0
AVP,0
AVPR1A,0
AVPR1B,0
AVPR2,0
AXL,0
AZGP1,0
AZU1,0
B2M,0
BAAT,0
BACH1,0
BAD,0
BAG1,0
ADGRB1,0
ADGRB2,0
ADGRB3,0
BAK1,0
NKX3-2,0
BARD1,0
BAX,0
BBS1,0
BBS2,0
BBS4,0
BCAT1,0
BCAT2,0
BCHE,0
BCKDHA,0
BCKDHB,0
BCL2,0
BCL2A1,0
BCL2L1,0
BCL2L2,0
BCL3,0
BCL6,0
BCL7A,0
NBEAP1,0
BCL9,0
TNFRSF17,0
HCN2,0
OPN1SW,0
BCR,0
BCS1L,0
BDH1,0
BDKRB1,0
BDKRB2,0
BDNF,0
CFB,0
BGLAP,0
BGN,0
CEACAM1,0
BHMT,0
BICD1,0
BID,0
BIK,0
PRDM1,0
BLK,0
BLM,0
BLMH,0
CXCR5,0
BLVRA,0
BLVRB,0
BNC1,0
BMI1,0
BMP1,0
BMP2,0
BMP3,0
BMP4,0
BMP5,0
BMP6,0
BMP7,0
BMP8B,0
BMPR1A,0
BMPR1B,0
BMPR2,0
BMX,0
POLR3D,0
BNIP1,0
BNIP2,0
BNIP3,0
BNIP3L,0
BOK,0
DST,0
FOXL2,0
BPGM,0
BPHL,0
BPI,0
BRCA1,0
BRAF,0
BRCA2,0
BRDT,0
ZFP36L1,0
ZFP36L2,0
BRS3,0
BSG,0
BST1,0
BST2,0
BTC,0
BTD,0
KLF9,0
KLF5,0
BTF3,0
BTG1,0
BTK,0
BTN1A1,0
BUB1,0
BUB1B,0
BYSL,0
TSPO,0
C1QBP,0
SERPING1,0
ERC2-IT1,0
C1QA,0
C1QB,0
C1QC,0
C1R,0
C1S,0
C2,0
C3,0
C3AR1,0
C4A,0
C4B,0
C4BPA,0
C4BPB,0
CAPN5,0
C5,0
C5AR1,0
C6,0
C7,0
C8A,0
C8B,0
C8G,0
OSGIN2,0
C9,0
VPS51,0
MRPL49,0
ZNHIT2,0
MPPED2,0
MYRF,0
TMEM258,0
DAGLA,0
GAS8-AS1,0
FMNL1,0
LDLRAD4,0
PTTG1IP,0
CFAP410,0
TMEM50B,0
MPPED1,0
CA1,0
CA2,0
CA3,0
CA5A,0
CA6,0
CA7,0
CA8,0
CA9,0
CA11,0
CA12,0
CACNA1A,0
CACNA1B,0
CACNA1C,0
CACNA1D,0
CACNA1E,0
CACNA1F,0
CACNA1S,0
DDR1,0
CACNA2D1,0
CACNB1,0
CACNB2,0
CACNB3,0
CACNB4,0
CACNG1,0
SLC25A20,0
CAD,0
CALB1,0
CALB2,0
S100G,0
CALCA,0
CALCB,0
CALCR,0
CALD1,0
CALM1,0
CALM2,0
CALM3,0
CALML3,0
CALR,0
CALU,0
CAMK4,0
CAMK2A,0
CAMK2B,0
CAMK2D,0
CAMK2G,0
CAMLG,0
CAMP,0
CANX,0
CAPG,0
CAPN1,0
CAPN2,0
CAPN3,0
CAPNS1,0
CAPN6,0
CAPS,0
CAPZA1,0
CAPZA2,0
CAST,0
CAPZB,0
CARS1,0
CASP1,0
CASP2,0
CASP3,0
CASP4,0
CASP5,0
CASP6,0
CASP7,0
CASP8,0
CASP9,0
CASP10,0
CASQ1,0
CASR,0
CAT,0
CAV1,0
CAV2,0
CAV3,0
RUNX2,0
RUNX1,0
RUNX1T1,0
CBFA2T3,0
RUNX3,0
CBFB,0
SERPINA6,0
CBL,0
CBLB,0
CBLN1,0
SERPINH1,0
CBR1,0
CBR3,0
CBS,0
CCIN,0
KYAT1,0
CCK,0
CCKAR,0
CCKBR,0
KRIT1,0
CCNA2,0
CCNB1,0
CCNC,0
CCND2,0
CCND3,0
CCNE1,0
CCNF,0
CCNG1,0
CCNG2,0
CCNH,0
CCNT1,0
CCNT2,0
CCT6A,0
CD1A,0
CD1B,0
CD1C,0
CD1D,0
CD1E,0
CD2,0
CD3D,0
CD3E,0
CD3G,0
CD247,0
CD4,0
CD5,0
CD5L,0
CD6,0
CD7,0
CD8A,0
CD8B,0
CD9,0
CD14,0
CD19,0
MS4A1,0
MS4A3,0
CD22,0
CD27,0
CD28,0
CD80,0
CD86,0
TNFRSF8,0
TNFSF8,0
CD33,0
SIGLEC6,0
CD34,0
CD36,0
SCARB1,0
SCARB2,0
CD37,0
CD38,0
ENTPD1,0
ENTPD2,0
ENTPD6,0
ENTPD3,0
ENTPD5,0
CD40,0
CD40LG,0
CD44,0
CD47,0
CD48,0
CD53,0
CD58,0
CD59,0
CD63,0
CD68,0
CD69,0
CD70,0
CD72,0
CD74,0
CD79A,0
CD79B,0
CD81,0
ADGRE5,0
CD151,0
CDA,0
CDK1,0
CDK11B,0
LRBA,0
CDC5L,0
SEPTIN7,0
CDC6,0
CDC20,0
CDC25A,0
CDC25B,0
CDC25C,0
CDC27,0
CDC34,0
CDC42,0
CDH1,0
CDH2,0
CDH3,0
CDH4,0
CDH5,0
CDH6,0
CDH7,0
CDH8,0
CDH9,0
CDH10,0
CDH11,0
CDH12,0
CDH13,0
CDH15,0
CDH16,0
CDH17,0
CDH18,0
CDK2,0
CDK3,0
CDK4,0
CDK5,0
CDK6,0
CDK7,0
CDK8,0
CDK9,0
CDKN1A,0
CDKN1B,0
CDKN1C,0
CDKN2A,0
CDKN2B,0
CDKN2C,0
CDKN2D,0
CDKN3,0
CDO1,0
CDR1,0
CDR2,0
CDS1,0
CDSN,0
CD52,0
CDX1,0
CDX2,0
CDX4,0
CLGN,0
CEACAM5,0
CEBPA,0
CEBPB,0
CEBPD,0
CEBPE,0
CEBPG,0
CEL,0
CENPA,0
CENPB,0
CENPC,0
CENPE,0
CENPF,0
CES1,0
CETN1,0
CETN2,0
CETN3,0
CETP,0
CFL1,0
CFL2,0
CTSC,0
CFTR,0
CGA,0
CGB3,0
CEACAM3,0
CEACAM7,0
CEACAM8,0
CEACAM4,0
CHAD,0
RCBTB2,0
RCC1,0
CHD1,0
CHD2,0
CHD3,0
CHD4,0
AKR1C4,0
CHEK1,0
FOXN3,0
CHGA,0
CHGB,0
CHI3L1,0
CHI3L2,0
CHIT1,0
CHKA,0
CHKB,0
CHM,0
CHML,0
CHN1,0
CHN2,0
CHRM1,0
CHRM2,0
LYST,0
CHRM3,0
CHRM4,0
CHRM5,0
CHRNA1,0
CHRNA2,0
CHRNA3,0
CHRNA4,0
CHRNA5,0
CHRNA7,0
CHRNB1,0
CHRNB2,0
CHRNB3,0
CHRNB4,0
CHRND,0
CHRNE,0
CHRNG,0
CHUK,0
CIDEA,0
CKB,0
CISH,0
TBCB,0
CKM,0
CKMT1B,0
CKMT2,0
ERCC8,0
CKS1B,0
CKS2,0
AP2M1,0
AP1S1,0
AP2S1,0
AP3S1,0
CLC,0
CLCA1,0
CLCN1,0
CLCN2,0
CLCN3,0
CLCN4,0
CLCN5,0
CLCN6,0
CLCN7,0
CLCNKA,0
CLCNKB,0
CLU,0
CLIC1,0
CLIC2,0
CLK1,0
CLK2,0
CLK3,0
TPP1,0
CLN3,0
CLN5,0
CLNS1A,0
CLPS,0
CLPTM1,0
CLTA,0
CLTB,0
CLTC,0
CMA1,0
CCR1,0
CCR3,0
CCR4,0
CCR5,0
CCR6,0
CCR7,0
CCR8,0
ACKR2,0
CMKLR1,0
LTB4R,0
ABCC2,0
CNGB1,0
CNGA1,0
CNGA2,0
CNGA3,0
CNGA4,0
PLK3,0
CNN1,0
CNN2,0
CNN3,0
CNP,0
CNR1,0
CNR2,0
CNTF,0
CNTFR,0
CNTN1,0
COL1A1,0
COL1A2,0
COL2A1,0
COL3A1,0
COL4A1,0
COL4A2,0
COL4A4,0
COL4A5,0
COL4A6,0
COL5A1,0
COL5A2,0
COL6A1,0
COL6A2,0
COL6A3,0
COL7A1,0
COL8A1,0
COL8A2,0
COL9A1,0
COL10A1,0
COL11A1,0
COL11A2,0
COL12A1,0
COL13A1,0
COL15A1,0
COL16A1,0
COL17A1,0
COL19A1,0
COMP,0
COMT,0
COPA,0
COPB1,0
KLF6,0
SLC31A1,0
SLC31A2,0
CORT,0
MAP3K8,0
COX4I1,0
COX5B,0
COX6A1,0
COX6A2,0
COX6B1,0
COX6C,0
COX7A1,0
COX7A2,0
COX7B,0
COX7C,0
COX8A,0
COX10,0
COX11,0
COX15,0
CP,0
CPA1,0
CPA2,0
CPA3,0
CPB1,0
CPB2,0
CPD,0
CPE,0
CLDN4,0
CLDN3,0
CLDN7,0
CPM,0
CPN1,0
CPN2,0
CPOX,0
CPS1,0
CPT1A,0
CPT1B,0
CPT2,0
CR1,0
CR1L,0
CR2,0
CRABP1,0
CRABP2,0
CRAT,0
CREB1,0
ATF2,0
CREBBP,0
ATF6B,0
CREBL2,0
CREM,0
CRH,0
CRHBP,0
CRHR1,0
CRHR2,0
CRIP1,0
CRIP2,0
CRK,0
CRKL,0
CRMP1,0
CRP,0
HAPLN1,0
CRX,0
CRY1,0
CRY2,0
CRYAA,0
CRYAB,0
CRYBA1,0
CRYBA2,0
CRYBA4,0
CRYBB1,0
CRYBB2,0
CRYBB3,0
CRYGA,0
CRYGB,0
CRYGC,0
CRYGD,0
CRYGS,0
CRYM,0
CRYZ,0
CS,0
MAPK14,0
CSE1L,0
CSF1,0
CSF1R,0
CSF2,0
CSF2RA,0
CSF2RB,0
CSF3,0
CSF3R,0
CSH1,0
CSH2,0
CSHL1,0
CSK,0
CSN1S1,0
CSNK1A1,0
CSNK1D,0
CSNK1E,0
CSNK1G2,0
CSNK1G3,0
CSNK2A1,0
CSNK2A2,0
CSNK2B,0
VCAN,0
NCAN,0
CSPG4,0
CSRP1,0
CSRP2,0
CST1,0
CST2,0
CST3,0
CST5,0
CST6,0
CSTA,0
CSTB,0
CSTF1,0
CSTF2,0
CSTF3,0
NKX2-5,0
CTAG1B,0
CTBS,0
CTBP1,0
CTBP2,0
CTF1,0
CCN2,0
CTH,0
CTLA4,0
CTNNA1,0
CTNNA2,0
CTNS,0
CTNNB1,0
CTNND1,0
CTNND2,0
CTPS1,0
CTRB1,0
CTRL,0
CTSB,0
CTSD,0
CTSE,0
CTSG,0
CTSH,0
CTSK,0
CTSL,0
CTSV,0
CTSO,0
CTSS,0
CTSW,0
CTSZ,0
CUX1,0
CX3CR1,0
CXADR,0
TEX28,0
CYB5A,0
CYB561,0
CYBA,0
CYBB,0
CYC1,0
CYLC1,0
CYLC2,0
CYLD,0
CYP1A1,0
CYP1A2,0
CYP1B1,0
CYP2A6,0
CYP2A7,0
CYP3A7,0
CYP2A13,0
CYP2B6,0
CYP2C19,0
CYP2C8,0
CYP2C9,0
CYP2C18,0
CYP2D7,0
CYP2D6,0
CYP2E1,0
CYP2F1,0
CYP2J2,0
CYP3A4,0
CYP3A5,0
CYP4A11,0
CYP4B1,0
CYP7A1,0
CYP8B1,0
CYP11A1,0
CYP11B1,0
CYP11B2,0
CYP17A1,0
CYP19A1,0
CYP21A2,0
CYP24A1,0
CYP26A1,0
CYP27A1,0
CYP27B1,0
CYP51A1,0
DAB1,0
DAB2,0
DACH1,0
DAD1,0
CD55,0
DAG1,0
DGKA,0
DGKB,0
DGKG,0
DGKQ,0
DAO,0
DAP,0
DAPK1,0
DAPK3,0
DARS1,0
DAXX,0
DAZL,0
BRINP1,0
DBH,0
DBI,0
DBN1,0
DBP,0
DBT,0
DCC,0
ECI1,0
DCK,0
DCN,0
DCTD,0
ACE,0
DCT,0
DCTN1,0
DCX,0
DDB1,0
DDB2,0
DDC,0
AKR1C1,0
AKR1C2,0
GADD45A,0
DDIT3,0
DDOST,0
DDT,0
DDX1,0
DDX3X,0
DDX5,0
DDX6,0
DMXL1,0
DHX8,0
DHX9,0
DDX10,0
DDX11,0
DHX15,0
DECR1,0
DEFA3,0
DEFA4,0
DEFA5,0
DEFB1,0
DEFB4A,0
DES,0
CFD,0
DFFA,0
DFFB,0
TIMM8A,0
GSDME,0
COCH,0
DGUOK,0
DHCR7,0
DHCR24,0
DHFR,0
DHODH,0
DHPS,0
CYB5R3,0
NQO1,0
DIAPH1,0
DIAPH2,0
SEPTIN1,0
DIO1,0
DIO2,0
DIO3,0
DKC1,0
DLAT,0
DLD,0
DLG1,0
DLG2,0
DLG3,0
DLG4,0
DLST,0
DLX1,0
DLX2,0
DLX3,0
DLX4,0
DLX5,0
DLX6,0
DMBT1,0
DMD,0
SARDH,0
DMP1,0
DNM1,0
DMPK,0
DMRT1,0
DMWD,0
DNA2,0
DNAH5,0
DNAH6,0
DNAH8,0
DNAH9,0
DNASE1,0
DNASE1L1,0
DNASE1L2,0
DNASE1L3,0
DNASE2,0
DYNC1H1,0
DYNC1I1,0
DYNC1I2,0
DYNC1LI2,0
DNM2,0
DNMT1,0
TRDMT1,0
DNMT3A,0
DNMT3B,0
DNTT,0
DOCK1,0
DOCK2,0
DOCK3,0
DOK1,0
DXO,0
DPAGT1,0
DPEP1,0
DPH1,0
DPH2,0
DPP4,0
DPP6,0
DPT,0
DPYD,0
DPYS,0
DPYSL2,0
DPYSL3,0
DR1,0
SLC26A3,0
DRD1,0
DRD2,0
DRD3,0
DRD4,0
DRD5,0
DRG2,0
ARID3A,0
DRP2,0
ATN1,0
DSC1,0
DSC2,0
DSC3,0
DSCAM,0
RCAN1,0
DSG1,0
DSG2,0
DSG3,0
TSC22D3,0
DSP,0
EPYC,0
DSPP,0
SLC26A2,0
DTNA,0
DTNB,0
HBEGF,0
DTX1,0
DTYMK,0
ECM2,0
DUSP1,0
DUSP3,0
DUSP4,0
DUSP5,0
DUSP6,0
DUSP7,0
DUSP8,0
DUSP9,0
DUT,0
DVL1,0
DVL2,0
DVL3,0
DYRK1A,0
TOR1A,0
E2F1,0
E2F2,0
E2F3,0
E2F4,0
E2F5,0
E2F6,0
E4F1,0
EBF1,0
GPR183,0
ECE1,0
TYMP,0
ECH1,0
ECHS1,0
ECM1,0
ECT2,0
EDA,0
S1PR1,0
LPAR1,0
S1PR3,0
EDN1,0
EDN2,0
EDNRA,0
EDNRB,0
PHC1,0
PHC2,0
EEF1A1,0
EEF1A2,0
EEF1B2,0
EEF1D,0
EEF1G,0
EEF2,0
EIF2D,0
EFNA1,0
EFNA2,0
EFNA3,0
EFNA4,0
EFNA5,0
EFNB1,0
EFNB2,0
EFNB3,0
EGF,0
CELSR3,0
CELSR2,0
MEGF8,0
MEGF9,0
EGFR,0
EGR2,0
EGR3,0
EHHADH,0
EIF1AX,0
EIF2S1,0
EIF2B1,0
EIF2S3,0
EPHA2,0
EIF4A1,0
EIF4A2,0
EIF4B,0
EIF4E,0
EIF4EBP1,0
EIF4EBP2,0
EIF4G1,0
EIF4G2,0
EIF5,0
EIF5A,0
CELA1,0
ELANE,0
SERPINB1,0
ELAVL2,0
ELAVL1,0
ELAVL3,0
ELAVL4,0
ELF1,0
ELF2,0
ELF3,0
ELF4,0
ELF5,0
ELK1,0
ELK3,0
ELK4,0
ELN,0
EML1,0
EMD,0
MARK2,0
EMP1,0
EMP2,0
EMP3,0
ADGRE1,0
EMX1,0
CTTN,0
EMX2,0
EN1,0
EN2,0
ENDOG,0
ENG,0
ENO1,0
ENO2,0
ENO3,0
ENPEP,0
ENSA,0
SLC29A1,0
EP300,0
EPAS1,0
EPB41,0
EPB41L1,0
EPB41L2,0
EPB42,0
DMTN,0
STOM,0
EPHA1,0
EPHA3,0
EPHA4,0
EPHA5,0
EPHA7,0
EPHB1,0
EPHB2,0
EPHB3,0
EPHB4,0
EPHB6,0
EPHX1,0
EPHX2,0
STX2,0
CLN8,0
EPO,0
EPOR,0
EPRS1,0
EPS8,0
EPS15,0
NR2F6,0
ERBB2,0
ERBB3,0
ERBB4,0
ERCC1,0
ERCC2,0
EREG,0
EYA4,0
ERCC3,0
ERCC4,0
ERCC5,0
ERCC6,0
ERF,0
ERG,0
ERH,0
ERN1,0
ERV3-1,0
FBL,0
ESD,0
ESR1,0
ESR2,0
ESRRA,0
ESRRB,0
ESRRG,0
ETF1,0
ETFA,0
ETFB,0
ETFDH,0
ETS1,0
ETS2,0
ETV1,0
ETV2,0
ETV3,0
ETV4,0
ETV5,0
ETV6,0
EVC,0
MECOM,0
EVI2A,0
EVI2B,0
EVPL,0
EVX1,0
EWSR1,0
EXT1,0
EXT2,0
EXTL1,0
EXTL2,0
EXTL3,0
EYA1,0
EYA2,0
EYA3,0
EZH1,0
EZH2,0
F2,0
F2R,0
F2RL1,0
F2RL2,0
F3,0
F5,0
F7,0
F8,0
F9,0
F10,0
F11,0
F12,0
F13A1,0
F13B,0
FABP4,0
FABP1,0
FABP2,0
FABP3,0
FABP5,0
FABP6,0
FABP7,0
FANCA,0
FANCC,0
FANCD2,0
FANCE,0
ACSL1,0
ACSL3,0
ACSL4,0
FAH,0
PTK2B,0
BPTF,0
FANCB,0
FANCF,0
FANCG,0
FAP,0
FBLN1,0
FARSA,0
FASN,0
FAT1,0
FAT2,0
FAU,0
FBN1,0
FBN2,0
EFEMP1,0
FBP1,0
FCAR,0
FCER1A,0
MS4A2,0
FCER1G,0
FCER2,0
FCGR1A,0
FCGR1B,0
FCGR2A,0
FCGR2B,0
FCGR3A,0
FCGR3B,0
FCGRT,0
FKTN,0
FCN1,0
FCN2,0
FDFT1,0
FDPS,0
FDX1,0
FDXR,0
FECH,0
FEN1,0
GPC4,0
FER,0
FES,0
FGA,0
FGB,0
FGD1,0
FGF1,0
FGF2,0
FGF3,0
FGF4,0
FGF5,0
FGF6,0
FGF7,0
FGF8,0
FGF9,0
FGF10,0
FGF11,0
FGF12,0
FGF13,0
FGF14,0
FGFR1,0
FGFR3,0
GPC5,0
FGFR2,0
FGFR4,0
FGG,0
FGL1,0
FGR,0
FH,0
FHIT,0
FHL1,0
FHL2,0
FHL3,0
VEGFD,0
FKBP1A,0
FKBP1B,0
FKBP2,0
FKBP3,0
FKBP4,0
FKBP5,0
FOXG1,0
FOXF1,0
FOXF2,0
FOXC1,0
FOXD1,0
FOXD4,0
FOXI1,0
FOXE3,0
FOXJ1,0
FOXC2,0
FOXE1,0
FOXM1,0
FOXD2,0
FOXO1,0
FOXO3,0
FOXO3B,0
FLG,0
FLI1,0
FLII,0
MLANA,0
FLNA,0
FLNB,0
FLNC,0
FLOT2,0
FLT1,0
FLT3LG,0
FLT4,0
FMO1,0
FMO2,0
FMO3,0
FMO4,0
FMO5,0
FMOD,0
FMR1,0
AFF2,0
FN1,0
FNTA,0
FNTB,0
FOLH1,0
FOLR1,0
FOLR2,0
FOLR3,0
FOS,0
FOSB,0
FOSL2,0
FPGS,0
FPR1,0
FPR2,0
FPR3,0
FXN,0
FRK,0
MTOR,0
FRG1,0
FRZB,0
FSHB,0
CENPI,0
FSHR,0
NR5A2,0
FTH1,0
FTL,0
ADAM2,0
NR5A1,0
FUCA1,0
FUCA2,0
GAST,0
FUS,0
FUT1,0
FUT2,0
FUT3,0
FUT4,0
FUT5,0
FUT6,0
FUT7,0
FUT8,0
KDSR,0
ACKR1,0
FYB1,0
FYN,0
FZD2,0
G6PC,0
G6PD,0
SLC37A4,0
GAGE1,0
XRCC6,0
GAA,0
GAB1,0
GABBR1,0
GABPA,0
GABPB1,0
GABRA1,0
GABRA2,0
GABRA3,0
GABRA4,0
GABRA5,0
GABRA6,0
GABRB1,0
GABRB2,0
GABRB3,0
GABRD,0
GABRE,0
GABRG1,0
GABRG2,0
GABRG3,0
GABRP,0
GABRR1,0
GABRR2,0
GAD1,0
GAD2,0
GAGE2C,0
GAGE5,0
GAK,0
GALC,0
GALE,0
B4GALNT1,0
GALK1,0
GALK2,0
GALR1,0
GALNS,0
GALNT1,0
GALNT2,0
GALNT3,0
GALT,0
GAMT,0
GANC,0
GAP43,0
GAPDH,0
LRRC32,0
GARS1,0
GART,0
GAS1,0
GAS2,0
GAS6,0
GAS8,0
GATA1,0
GATA2,0
GATA3,0
GATA4,0
GATA6,0
GATM,0
GBA,0
NIPSNAP2,0
GBE1,0
GBP1,0
GBP2,0
GBP3,0
GBX1,0
GBX2,0
GC,0
GCDH,0
GCG,0
GCGR,0
GCH1,0
GCHFR,0
GCK,0
GCKR,0
BLOC1S1,0
KAT2A,0
NR6A1,0
GCNT1,0
GCNT2,0
GCSH,0
GDF1,0
GDF2,0
MSTN,0
GDF9,0
GDF10,0
GDI1,0
GDI2,0
GDNF,0
GEM,0
GFAP,0
GFER,0
GFI1,0
GFPT1,0
GFRA1,0
GFRA2,0
GFRA3,0
GGCX,0
GGT1,0
B4GALT1,0
GGT7,0
GGT5,0
GH1,0
GH2,0
GHR,0
GHRH,0
GHRHR,0
GHSR,0
CBLIF,0
GIP,0
GIPR,0
GJA1,0
GJA3,0
GJA4,0
GJA5,0
GJB2,0
GJB3,0
GJB5,0
GK,0
GK2,0
GLA,0
GPC3,0
GLB1,0
GCLC,0
GCLM,0
GLDC,0
GLE1,0
GLG1,0
GLI1,0
GLI2,0
GLI3,0
GLI4,0
GLO1,0
GLP1R,0
GLRA1,0
GLRA2,0
GLRB,0
GLS,0
GLRX,0
GLUD1,0
GLUD2,0
GLUL,0
GM2A,0
GMDS,0
GMFB,0
GML,0
GMPR,0
GNA11,0
GNA12,0
GNA15,0
GNAI1,0
GNAI2,0
GNAI3,0
GNAL,0
GNAO1,0
GNAQ,0
GNAS,0
GNAT1,0
GNAT2,0
GNAZ,0
GNB1,0
GNB2,0
GNB3,0
GNG3,0
GNG4,0
GNG5,0
GNG7,0
GNG10,0
GNG11,0
GNGT1,0
GNGT2,0
GNL1,0
GNRH1,0
GNRH2,0
GNRHR,0
GNS,0
GOLGA1,0
GOLGA2,0
GOLGA3,0
GOLGA4,0
GOLGB1,0
GOT1,0
GOT2,0
SFN,0
GP1BA,0
GP2,0
GP9,0
GPC1,0
GPD2,0
GPI,0
GPLD1,0
GPM6A,0
GPM6B,0
GPR1,0
CCR10,0
GPR3,0
GPR4,0
XCR1,0
GPR6,0
NPBWR1,0
NPBWR2,0
CXCR3,0
PRLHR,0
GPR12,0
UTS2R,0
GPR15,0
GPR17,0
GPR18,0
GPR19,0
GPR20,0
GPR21,0
GPR22,0
LPAR4,0
MCHR1,0
GPR25,0
GPR26,0
GPR27,0
GPER1,0
GPR31,0
GPR32,0
GPR33,0
GPR34,0
GPR35,0
GPR37,0
MLNR,0
GPR39,0
FFAR1,0
FFAR3,0
FFAR2,0
GRK4,0
GRK5,0
GRK6,0
MKNK2,0
GPS1,0
GPS2,0
GPT,0
GPX1,0
GPX2,0
GPX3,0
GPX4,0
GPX5,0
GPX7,0
GRB2,0
GRB7,0
GRB10,0
GRB14,0
RAPGEF1,0
GRIA1,0
GRIA2,0
GRIA3,0
GRIA4,0
GRID1,0
GRID2,0
GRN,0
GRIK1,0
GRIK2,0
GRIK3,0
GRIK4,0
GRIK5,0
GRIN1,0
GRIN2A,0
GRIN2B,0
GRIN2C,0
GRIN2D,0
GRINA,0
NR3C1,0
ARHGAP35,0
GRM1,0
GRM2,0
GRM3,0
GRM4,0
GRM5,0
GRM6,0
GRM7,0
GRM8,0
CXCL1,0
CXCL2,0
CXCL3,0
GRP,0
PDIA3,0
GRPR,0
GRSF1,0
GSC2,0
GSK3A,0
GSK3B,0
GSN,0
GSPT1,0
GSR,0
GSS,0
GSTA1,0
GSTA2,0
GSTA3,0
GSTA4,0
GSTM1,0
GSTM2,0
GSTM3,0
GSTM4,0
GSTM5,0
GSTP1,0
GSTT2,0
GSTZ1,0
MSH6,0
GTF2A1,0
GTF2A2,0
GTF2B,0
GTF2E1,0
GTF2E2,0
GTF2F1,0
GTF2F2,0
GTF2H1,0
GTF2H2,0
GTF2H3,0
GTF2H4,0
GTF2I,0
GTF3A,0
BRF1,0
GTF3C1,0
GTF3C2,0
GUCY1A2,0
GUCA1A,0
GUCA1B,0
GUCA2A,0
GUCA2B,0
GUCY1A1,0
GUCY1B1,0
GUCY2C,0
GUCY2F,0
GUK1,0
GUSB,0
GYG1,0
GYPA,0
GYPB,0
GYPC,0
GYPE,0
GYS1,0
GYS2,0
GZMH,0
GUCY2D,0
GZMB,0
GZMK,0
GZMM,0
H1-0,0
H1-2,0
H1-3,0
H1-4,0
H1-5,0
H1-6,0
H2AC8,0
H2AC7,0
H2AX,0
H2AZ1,0
H2BC5,0
H2BC3,0
H3-3A,0
H3-3B,0
H1-1,0
HABP2,0
HSD17B10,0
HAGH,0
HADHA,0
HADHB,0
HADH,0
HAL,0
HARS1,0
HAS1,0
HAS2,0
HAS3,0
HBA1,0
HBA2,0
HBM,0
HBB,0
HBD,0
HBE1,0
HBG1,0
HBG2,0
HBQ1,0
HBZ,0
HCCS,0
SERPIND1,0
HCFC1,0
HCK,0
HCLS1,0
HCRT,0
HCRTR2,0
HTT,0
HDAC1,0
HDAC2,0
HDC,0
HDGF,0
HDLBP,0
HELLS,0
NCKAP1L,0
HEXA,0
HEXB,0
CFH,0
HFE,0
CFHR1,0
HGD,0
HGF,0
HGFAC,0
NRG1,0
HHEX,0
HIC1,0
HIF1A,0
HIP1,0
UBE2K,0
HINT1,0
HIVEP1,0
HIVEP2,0
HK1,0
HK2,0
HK3,0
ZBTB48,0
HLA-A,0
HLA-B,0
HLA-C,0
HLA-DMA,0
HLA-DMB,0
MNX1,0
HLA-DOA,0
HLA-DOB,0
HLA-DPA1,0
HLA-DPB1,0
HLA-DQA1,0
HLA-DQA2,0
HLA-DQB1,0
HLA-DQB2,0
HLA-DRA,0
HLA-DRB1,0
HLA-DRB5,0
HLF,0
HLA-E,0
HLA-F,0
HLA-G,0
MR1,0
HLCS,0
HLX,0
HMBS,0
HMGB1,0
HMGB2,0
HMGB3,0
HMGN1,0
HMGN2,0
HMGCL,0
HMGCR,0
HMGCS1,0
HMGCS2,0
HMGA1,0
HMMR,0
HMOX1,0
HMOX2,0
NR4A1,0
HMX1,0
HMX2,0
FOXA1,0
FOXA2,0
FOXA3,0
HNF4A,0
HNF4G,0
ONECUT1,0
HNMT,0
SLC29A2,0
HNRNPA1,0
HNRNPA2B1,0
HNRNPAB,0
HNRNPC,0
HNRNPD,0
HNRNPF,0
HNRNPH1,0
HNRNPH2,0
HNRNPH3,0
HNRNPK,0
HNRNPL,0
HNRNPU,0
TLX1,0
TLX2,0
HOXA1,0
HOXA2,0
HOXA3,0
HOXA4,0
HOXA5,0
HOXA6,0
HOXA7,0
HOXA9,0
HOXA10,0
HPCA,0
HOXA13,0
HOXB1,0
HOXB2,0
HOXB3,0
HOXB4,0
HOXB5,0
HOXB6,0
HOXB7,0
HOXB8,0
HOXB9,0
HOXC4,0
HOXC5,0
HOXC8,0
HOXC9,0
HOXC10,0
HOXC11,0
HOXC12,0
HOXC13,0
HOXD1,0
HOXD3,0
HOXD4,0
HOXD8,0
HOXD9,0
HOXD10,0
HOXD11,0
HOXD12,0
HOXD13,0
HP,0
HPCAL1,0
HPD,0
HPGD,0
HPN,0
HPR,0
HPRT1,0
HPS1,0
HPX,0
HRAS,0
AGFG1,0
AGFG2,0
HRH1,0
HRC,0
HRH2,0
PRMT2,0
PRMT1,0
HES1,0
HSBP1,0
HSD3B1,0
HSD3B2,0
HSD11B1,0
HSD11B2,0
HSD17B1,0
HSD17B3,0
HSD17B2,0
HSD17B4,0
HSF1,0
HSF2,0
HSF4,0
DNAJB2,0
DNAJA1,0
HSPA1A,0
HSPA1B,0
HSPA1L,0
HSPA2,0
HSPA4,0
HSPA5,0
HSPA6,0
HSPA8,0
HSPA9,0
HSPB1,0
HSPB2,0
HSP90AA1,0
IGSF3,0
HSP90AB1,0
HSPD1,0
HSPE1,0
DNAJB1,0
DNAJC4,0
HSPG2,0
NDST1,0
FOXN2,0
HTN1,0
HTN3,0
HTR1A,0
HTR1B,0
HTR1D,0
HTR1E,0
HTR2A,0
HTR2B,0
HTR2C,0
HTR3A,0
HTR4,0
HTR5A,0
HTR7,0
HUS1,0
TNC,0
HYAL1,0
IAPP,0
IARS1,0
IBSP,0
ICA1,0
ICAM1,0
ICAM2,0
ICAM3,0
ICAM4,0
IRF8,0
MRPL58,0
ID1,0
ID2,0
ID3,0
ID4,0
IDE,0
IDH1,0
IDH2,0
IDH3A,0
IDH3B,0
IDH3G,0
IDI1,0
IDS,0
IDUA,0
CFI,0
IFI16,0
IFI27,0
IFI35,0
SP110,0
IFIT2,0
IFIT1,0
IFIT3,0
IFNA1,0
IFNA2,0
IFNA4,0
IFNA5,0
IFNA6,0
IFNA7,0
IFNA8,0
IFNA10,0
IFNA13,0
IFNA14,0
IFNA16,0
IFNA17,0
IFNA21,0
IFNAR1,0
IFNAR2,0
IFNB1,0
IFNG,0
IFNGR1,0
IFNGR2,0
IFNW1,0
IFRD1,0
IGBP1,0
IGF1,0
IGF1R,0
IGF2R,0
IGFALS,0
IGFBP1,0
IGFBP2,0
IGFBP3,0
IGFBP4,0
IGFBP5,0
IGFBP6,0
IGFBP7,0
CCN1,0
IGHMBP2,0
JCHAIN,0
RBPJ,0
IGLL1,0
IGSF1,0
IHH,0
IK,0
IKBKB,0
IL1A,0
IL1B,0
IL1R1,0
IL1RAP,0
IL1RN,0
IL2,0
IL2RA,0
IL2RB,0
IL2RG,0
IL3,0
IL3RA,0
IL4,0
IL4R,0
IL5,0
IL5RA,0
IL6,0
IL6R,0
IL6ST,0
IL7,0
IL7R,0
CXCL8,0
CXCR1,0
IL9,0
CXCR2,0
IL9R,0
IL10,0
IL10RA,0
IL10RB,0
IL11,0
IL11RA,0
IL12A,0
IL12B,0
IL12RB1,0
IL12RB2,0
IL13,0
IL13RA1,0
IL13RA2,0
IL15,0
IL15RA,0
IL16,0
TNFRSF9,0
IL17A,0
IL18,0
FOXK2,0
ILF2,0
ILF3,0
ILK,0
IMPA1,0
IMPA2,0
IMPDH1,0
IMPDH2,0
IMPG1,0
INCENP,0
IDO1,0
ING1,0
ING2,0
INHA,0
INHBA,0
INHBB,0
INHBC,0
CXCL10,0
INPP1,0
INS,0
INPP4A,0
INPP5A,0
INPP5B,0
INPP5D,0
INPPL1,0
INSIG1,0
INSL3,0
INSL4,0
INSM1,0
INSR,0
INSRR,0
EIF3E,0
PDX1,0
IPP,0
IPW,0
IRAK1,0
ITGA6,0
IRAK2,0
IREB2,0
IRF1,0
IRF2,0
IRF3,0
IRF4,0
IRF5,0
IRF6,0
IRF7,0
IRS1,0
ISG20,0
ISL1,0
ISLR,0
ITGA1,0
ITGA2,0
ITGA2B,0
ITGA3,0
ITGA4,0
ITGA5,0
ITGA7,0
ITGA9,0
ITGAD,0
ITGAE,0
ITGAL,0
ITGAM,0
ITGAV,0
ITGAX,0
ITGB1,0
ITGB2,0
ITGB3,0
ITGB4,0
EIF6,0
ITGB5,0
ITGB6,0
ITGB7,0
ITGB8,0
ITIH1,0
ITIH2,0
ITIH3,0
ITIH4,0
ITK,0
STT3A,0
ITPA,0
ITPK1,0
ITPKA,0
ITPKB,0
ITPR1,0
ITPR2,0
ITPR3,0
IVD,0
IVL,0
JAK1,0
JAK2,0
JAK3,0
JARID2,0
JUN,0
JUNB,0
JUND,0
JUP,0
ANOS1,0
CD82,0
KARS1,0
KCNA1,0
KCNA2,0
KCNA3,0
KCNA4,0
KCNA5,0
KCNA6,0
KCNA7,0
KCNA10,0
KCNB1,0
KCNC1,0
KCNC2,0
KCNC3,0
KCNC4,0
KCND1,0
KCND2,0
KCND3,0
KCNE1,0
KCNF1,0
KCNG1,0
KCNH1,0
KCNH2,0
KCNJ1,0
KCNJ2,0
KCNJ3,0
KCNJ4,0
KCNJ5,0
KCNJ8,0
KCNJ9,0
KCNJ10,0
KCNJ11,0
KCNJ12,0
KCNJ13,0
KCNJ14,0
KCNJ15,0
KCNJ16,0
KCNK1,0
KCNK2,0
KCNK3,0
KCNMA1,0
KCNMB1,0
KCNN1,0
KCNN2,0
KCNN3,0
KCNN4,0
KCNQ1,0
KCNQ2,0
KCNQ3,0
KCNS1,0
KCNS2,0
KCNS3,0
KDR,0
KEL,0
KHK,0
KIF2A,0
KIF3C,0
KIF5A,0
KIF5B,0
KIF5C,0
KIFC3,0
KIR2DL1,0
KIR2DL3,0
KIR2DL4,0
KIR2DS4,0
KIR2DS5,0
KIR3DL1,0
KIR3DL2,0
KIR3DS1,0
KISS1,0
KIT,0
KLK1,0
KLK2,0
KLKB1,0
KLRB1,0
KLRC1,0
KLRC2,0
KLRC3,0
KLRD1,0
KNG1,0
KLC1,0
KIF11,0
KIFC1,0
KIF25,0
KIF22,0
KPNA1,0
KPNB1,0
KPNA2,0
KPNA3,0
KPNA4,0
KPNA5,0
TNPO1,0
IPO5,0
KRAS,0
KRTAP5-9,0
KRT1,0
KRT2,0
KRT3,0
KRT4,0
KRT5,0
KRT6A,0
KRT6B,0
KRT7,0
KRT8,0
KRT9,0
KRT10,0
KRT12,0
KRT13,0
KRT14,0
KRT15,0
KRT16,0
KRT17,0
KRT18,0
KRT19,0
KRT31,0
KRT32,0
KRT33A,0
KRT33B,0
KRT34,0
KRT35,0
KRT81,0
KRT82,0
KRT83,0
KRT84,0
KRT85,0
KTN1,0
L1CAM,0
LAD1,0
AFF3,0
LAG3,0
LAIR1,0
LAIR2,0
LALBA,0
LAMA2,0
LAMA3,0
LAMA4,0
LAMA5,0
LAMB1,0
LAMB2,0
LAMB3,0
LAMC1,0
LAMP1,0
LAMC2,0
LAMP2,0
RPSA,0
STMN1,0
LASP1,0
LBP,0
LBR,0
LCAT,0
LCK,0
LCN1,0
LCN2,0
LCP1,0
LCP2,0
LCT,0
LDHA,0
LDHB,0
LDHC,0
LDLR,0
LECT2,0
LEP,0
LEPR,0
LETM1,0
LFNG,0
LGALS1,0
LGALS3,0
LGALS3BP,0
LGALS4,0
LGALS7,0
LGALS8,0
LGALS9,0
LHB,0
LHCGR,0
LHX1,0
LIF,0
LIFR,0
LIG1,0
LIG3,0
LIG4,0
LIM2,0
ABLIM1,0
LIMK1,0
LIMK2,0
LIMS1,0
LIPA,0
LIPC,0
LIPE,0
FADS1,0
LLGL2,0
FADS3,0
LLGL1,0
LMAN1,0
LMNA,0
LMNB1,0
LMO2,0
PRICKLE3,0
LMO7,0
LMX1A,0
LMX1B,0
LNPEP,0
VWA5A,0
LOR,0
LOX,0
LOXL1,0
LOXL2,0
LPA,0
LPL,0
LPO,0
LPP,0
LRMP,0
LRCH4,0
LRP1,0
LRP2,0
LRP3,0
LRP4,0
LRP6,0
LRP5,0
LRPAP1,0
LSAMP,0
LSP1,0
LSS,0
LTA4H,0
LTA,0
LTB,0
CYP4F3,0
LTBP1,0
LTBP2,0
LTBP3,0
LTBR,0
LTC4S,0
LTF,0
LTK,0
BCAM,0
LUM,0
LY6E,0
LY6H,0
LY9,0
CD180,0
LY75,0
LYL1,0
LYN,0
SH2D1A,0
LYZ,0
TACSTD2,0
TM4SF1,0
EPCAM,0
M6PR,0
CAPRIN1,0
NBR1,0
MAB21L1,0
MARCKS,0
MXD1,0
MAD2L1,0
SMAD1,0
SMAD2,0
SMAD3,0
SMAD4,0
SMAD5,0
SMAD6,0
SMAD7,0
SMAD9,0
MAF,0
MAFG,0
MAG,0
MAGEA2,0
MAGEA3,0
MAGEA4,0
MAGEA6,0
MAGEA8,0
MAGEA9,0
MAGEA10,0
MAGEA11,0
MAGEA12,0
MAGEB3,0
MAGEB4,0
MAGOH,0
MAK,0
MAL,0
MAN1A1,0
MAN2A2,0
MAN2C1,0
MAN2A1,0
MAN2B1,0
MANBA,0
MAOA,0
MAOB,0
MAP1A,0
MAP1B,0
MAP2,0
MAP4,0
MAP6,0
MAPT,0
MARK1,0
MARK3,0
MARS1,0
MAS1,0
MAT1A,0
MAT2A,0
MATK,0
MATN1,0
MATN2,0
MATN3,0
MAX,0
MAZ,0
MB,0
MBD1,0
MBL2,0
MBNL1,0
MBP,0
MC1R,0
MC2R,0
MC3R,0
MC4R,0
MC5R,0
MCAM,0
MCC,0
CHST6,0
MCF2,0
MCL1,0
MCM2,0
MCM3,0
MCM4,0
MCM5,0
MCM6,0
MCM7,0
CD46,0
SMCP,0
ADAM11,0
MDFI,0
DNAJB9,0
MDH1,0
MDH2,0
MDK,0
MDM2,0
MDM4,0
ME1,0
ME2,0
MEA1,0
MECP2,0
MEF2A,0
BORCS8-MEF2B,0
MEF2C,0
MEF2D,0
MEFV,0
MEIS1,0
MEIS2,0
MEIS3P1,0
MAP3K1,0
MAP3K3,0
MAP3K4,0
MAP3K5,0
RAB8A,0
MEN1,0
MEOX1,0
MEOX2,0
MEP1A,0
MEP1B,0
MEST,0
MET,0
METTL1,0
MFAP1,0
MFAP2,0
MFAP3,0
MFAP4,0
MFGE8,0
MELTF,0
MFNG,0
MGAT1,0
SCGB2A1,0
MGAT2,0
MGAT3,0
MGAT5,0
SCGB2A2,0
MIA2,0
KITLG,0
MGMT,0
MGP,0
MGST1,0
MGST2,0
MGST3,0
CIITA,0
CD99,0
MICB,0
MID1,0
MIF,0
CXCL9,0
MIP,0
MIPEP,0
MITF,0
ATXN3,0
MKI67,0
MKLN1,0
MLF1,0
MLH1,0
MAP3K9,0
MAP3K10,0
MLN,0
MAP3K11,0
KMT2A,0
MLLT1,0
AFF1,0
MLLT3,0
AFDN,0
MLLT6,0
FOXO4,0
NR3C2,0
TRPM1,0
MME,0
MMP1,0
MMP2,0
MMP3,0
MMP7,0
MMP8,0
MMP9,0
MMP10,0
MMP11,0
MMP12,0
MMP13,0
MMP14,0
MMP15,0
MMP16,0
MMP17,0
MMP19,0
ALDH6A1,0
MN1,0
MNAT1,0
MNDA,0
MNT,0
MOBP,0
MOCS1,0
MOCS2,0
MOG,0
MOS,0
MOV10,0
CD200,0
MPG,0
MPI,0
MPL,0
MPP1,0
MPP2,0
MPP3,0
MPST,0
MPV17,0
MPZ,0
MRC1,0
MRE11,0
ABCC1,0
MYO1B,0
CITED1,0
MSH2,0
MSH3,0
MSH4,0
MSH5,0
MSI1,0
MSMB,0
MSN,0
MSR1,0
MSRA,0
MST1,0
MST1R,0
MSX1,0
MSX2,0
MT1A,0
MT1B,0
MT1E,0
MT1F,0
MT1G,0
MT1H,0
MT1X,0
MT2A,0
MT3,0
MTAP,0
MTCP1,0
MTF1,0
NUDT1,0
MTHFD1,0
MTHFR,0
MTIF2,0
MTM1,0
MYO1F,0
MTNR1A,0
MTNR1B,0
MTTP,0
MTR,0
MTRR,0
MTX1,0
MUC1,0
MUC2,0
MUC3A,0
MUC4,0
MUC5AC,0
MUC6,0
MUC7,0
TRIM37,0
MUSK,0
MMUT,0
MUTYH,0
MVD,0
MVK,0
MX1,0
MX2,0
MXI1,0
MYB,0
MYBL1,0
MYBPC1,0
MYBL2,0
MYBPC2,0
MYBPC3,0
MYBPH,0
MYC,0
MYCL,0
MYCN,0
MYD88,0
GADD45B,0
MYF6,0
MYH1,0
MYH2,0
MYH3,0
MYH4,0
MYH6,0
MYH7,0
MYH8,0
MYH9,0
MYH10,0
MYH11,0
MYL1,0
MYL2,0
MYL3,0
MYL4,0
MYL5,0
MYL6,0
MYLK,0
MYO1A,0
MYO1C,0
MYO1D,0
MYO1E,0
MYO5A,0
MYO5B,0
MYO6,0
MYO7A,0
MYO9A,0
MYO9B,0
MYO10,0
MYOC,0
MYOD1,0
PPP1R12A,0
PPP1R12B,0
MYT1,0
NAB1,0
NAB2,0
NACA,0
NAGA,0
NAGLU,0
HNRNPM,0
NAIP,0
NAP1L1,0
NAP1L2,0
NAP1L3,0
NAP1L4,0
NARS1,0
NASP,0
CEACAM6,0
NBL1,0
NUBP1,0
NBN,0
NCAM1,0
NCAM2,0
NCBP1,0
NCF2,0
NCF4,0
NCK1,0
NCL,0
NDN,0
NDP,0
NDUFA1,0
NDUFA2,0
NDUFA3,0
NDUFA4,0
NDUFA5,0
NDUFA6,0
NDUFA7,0
NDUFA8,0
NEB,0
NDUFA9,0
NDUFA10,0
NDUFAB1,0
NDUFB1,0
NDUFB2,0
NDUFB3,0
NDUFB4,0
NDUFB5,0
NDUFB6,0
NDUFB7,0
NDUFB8,0
NDUFB9,0
NDUFB10,0
NDUFC1,0
NDUFC2,0
NDUFS1,0
NDUFS2,0
NDUFS3,0
NDUFV1,0
NDUFS4,0
NDUFS5,0
NDUFS6,0
NDUFS8,0
NDUFV2,0
NDUFV3,0
DRG1,0
NEDD4,0
SEPTIN2,0
RPL10A,0
NEDD8,0
NEDD9,0
NEFM,0
NEFH,0
NELL1,0
NEFL,0
NEK1,0
NEK2,0
NEK3,0
NELL2,0
NEO1,0
NEU1,0
NEU2,0
NEUROD1,0
NEUROD2,0
NEUROG1,0
NF1,0
NF2,0
NFATC1,0
NFATC2,0
NFIA,0
NFATC3,0
NFATC4,0
NFE2,0
NFE2L1,0
NFE2L2,0
NFIB,0
NFIC,0
NFIL3,0
NFIX,0
NFKB1,0
NFKB2,0
NFKBIA,0
NFKBIB,0
NFKBIE,0
NFKBIL1,0
TONSL,0
NFRKB,0
NFX1,0
NFYA,0
NFYB,0
NFYC,0
NGF,0
NGFR,0
NHLH1,0
NHLH2,0
SNU13,0
NHS,0
NID1,0
NINJ1,0
NINJ2,0
NIT1,0
NKTR,0
NKX2-2,0
NKX3-1,0
NKX6-1,0
NNAT,0
NMB,0
NMBR,0
NME1,0
NME2,0
NME3,0
NME4,0
NQO2,0
NMT1,0
NNMT,0
NODAL,0
NOP2,0
NONO,0
NOS1,0
NOS2,0
NOS3,0
CNOT2,0
CNOT3,0
CNOT4,0
NOTCH1,0
NPY,0
NOTCH2,0
NOTCH3,0
NOTCH4,0
CCN3,0
NOVA1,0
NOVA2,0
PNP,0
NPAS1,0
NPAS2,0
NPAT,0
NPC1,0
NPHP1,0
NPHS1,0
NPM1,0
NPPA,0
NPPB,0
NPPC,0
NPR1,0
NPR2,0
NPR3,0
NPTX1,0
NPTX2,0
NPY1R,0
NPY2R,0
NPY5R,0
SLC11A2,0
NRAP,0
NRAS,0
NRCAM,0
NRDC,0
NRF1,0
NRGN,0
NRTN,0
YBX1,0
NSF,0
NT5E,0
NTF3,0
NTF4,0
NTHL1,0
NTRK1,0
NTRK2,0
NTRK3,0
NTN3,0
ROR1,0
ROR2,0
DDR2,0
NTS,0
NTSR1,0
NUCB1,0
NUCB2,0
NUMA1,0
NUP88,0
NUP98,0
NR4A2,0
NVL,0
GPR143,0
OAS1,0
OAS2,0
OAT,0
TBC1D25,0
OAZ1,0
OAZ2,0
OCA2,0
OCM2,0
OCRL,0
ODC1,0
ODF1,0
ODF2,0
OMD,0
OGDH,0
OGG1,0
OGN,0
OLR1,0
OMG,0
OMP,0
OPA1,0
OPCML,0
TNFRSF11B,0
OPHN1,0
OPRD1,0
OPRK1,0
OPRL1,0
OPRM1,0
SIX6,0
OR1D2,0
OR1F1,0
OR2C1,0
OR3A1,0
OR3A2,0
ORC1,0
ORC2,0
ORC4,0
ORC5,0
SLC22A18,0
SLC22A18AS,0
ORM1,0
ORM2,0
OSBP,0
OSM,0
OTC,0
CLDN11,0
OTX1,0
OTX2,0
OVGP1,0
OVOL1,0
OXA1L,0
OXCT1,0
OXT,0
OXTR,0
P2RX1,0
P2RX3,0
P2RX4,0
P2RX5,0
P2RX7,0
P2RY1,0
P2RY2,0
P2RY4,0
P2RY6,0
P2RY11,0
P4HA1,0
P4HB,0
PA2G4,0
PEBP1,0
PABPC3,0
FURIN,0
PCSK6,0
PAEP,0
PAFAH1B1,0
PAFAH1B2,0
PAFAH1B3,0
PAFAH2,0
PRDX1,0
PAH,0
SERPINE1,0
SERPINB2,0
PAK1,0
PAK2,0
PAK3,0
PALM,0
PAM,0
CNTN3,0
REG3A,0
PAPPA,0
PRKN,0
PARN,0
PAWR,0
PAX1,0
PAX2,0
PAX3,0
PAX4,0
PAX5,0
PAX6,0
PAX7,0
PDCL,0
PAX9,0
PBX1,0
PBX2,0
PBX3,0
PC,0
PCBD1,0
PCBP1,0
PCBP2,0
PCCA,0
PCCB,0
PCDH1,0
PCDHGC3,0
PCDH7,0
PCDH8,0
PCDH9,0
SERPINA5,0
PCK1,0
PCK2,0
PCM1,0
PCMT1,0
PCNA,0
PCNT,0
PCOLCE,0
CHMP1A,0
PCP4,0
PCSK1,0
PCSK5,0
PCSK2,0
CDK16,0
CDK17,0
CDK18,0
PCYT1A,0
PDC,0
PDCD1,0
PDCD2,0
PDE1A,0
PDE1C,0
PDE2A,0
PDE3A,0
PDE3B,0
PDE4A,0
PDE4B,0
PDE4C,0
PDE4D,0
PDE6A,0
PDE6C,0
PDE6D,0
PDE6G,0
PDE6H,0
PDE7A,0
PDE8A,0
PDE9A,0
PDE1B,0
PDGFA,0
PDGFB,0
PDGFRA,0
PDGFRL,0
PDE6B,0
PDGFRB,0
PDHA1,0
PDHA2,0
PDHB,0
PDK1,0
PDK2,0
PDK3,0
PDK4,0
ENPP1,0
ENPP2,0
ENPP3,0
PDPK1,0
SLC26A4,0
PDYN,0
PDZK1,0
PECAM1,0
SERPINF1,0
PEG3,0
PENK,0
PEPD,0
PER1,0
GATB,0
PEX1,0
PEX6,0
PEX7,0
PEX10,0
PEX12,0
PEX13,0
PEX14,0
PF4,0
PF4V1,0
PFAS,0
CFP,0
PFDN1,0
PFDN2,0
PFDN4,0
PFDN5,0
ATP8B1,0
PFKFB1,0
PFKFB2,0
PFKFB3,0
PFKFB4,0
PFKL,0
VIT,0
PFKM,0
PFKP,0
PFN1,0
PFN2,0
CDK14,0
PGA5,0
PGAM1,0
PGAM2,0
PGC,0
PGD,0
PGF,0
PGGT1B,0
PGK1,0
PGK2,0
PGM1,0
PGM3,0
PGM5,0
PGR,0
ABCB1,0
ABCB4,0
PHB,0
SLC25A3,0
PHEX,0
PHF1,0
PHF2,0
PHKA1,0
PHKA2,0
PHKB,0
PHKG1,0
PHKG2,0
PHYH,0
SERPINA1,0
PI3,0
SERPINA4,0
SERPINB5,0
SERPINB6,0
SERPINE2,0
SERPINB8,0
SERPINB9,0
SERPINB10,0
SERPINI1,0
SERPINB13,0
SERPINI2,0
PIGA,0
PIGC,0
PIGF,0
PIGH,0
PIGR,0
PIK3C2A,0
PIK3C2B,0
PIK3C2G,0
PIK3C3,0
PIK3CA,0
PIK3CB,0
PIM1,0
PIK3CD,0
PIK3CG,0
PIK3R1,0
PIK3R2,0
PI4KA,0
PI4KB,0
PIN1,0
PIN4,0
PIP,0
PIP4K2A,0
PITPNA,0
PITX1,0
PITX2,0
PITX3,0
PKD1,0
PKD2,0
PKLR,0
PKHD1,0
PKM,0
PKNOX1,0
PKP1,0
PKP2,0
PLA2G1B,0
PLA2G2A,0
PLA2G4A,0
PLA2G5,0
PLAG1,0
PLAGL1,0
PLAGL2,0
PLAT,0
PLAU,0
PLAUR,0
PLCB2,0
PLCB3,0
PLCB4,0
PLCD1,0
PLCL1,0
PLCG1,0
PLCG2,0
PLD1,0
PLD2,0
PLEC,0
PLG,0
PLEK,0
PLGLB2,0
PLGLB1,0
SERPINF2,0
PLIN1,0
PLK1,0
FXYD1,0
FXYD3,0
PLN,0
PLOD1,0
PLOD2,0
PLP1,0
PLP2,0
PLRG1,0
PLS1,0
PLS3,0
PLSCR1,0
PLTP,0
PLXNA1,0
PLXNA2,0
PLXNB1,0
PLXNB3,0
PMAIP1,0
PMCH,0
PNOC,0
PML,0
PMM1,0
PMM2,0
PMP2,0
PMP22,0
PMS1,0
EXOSC9,0
EXOSC10,0
PMS2,0
PRRX1,0
PNLIP,0
PNLIPRP1,0
PNLIPRP2,0
PNMT,0
PNN,0
UBL3,0
SEPTIN5,0
SEPTIN4,0
PODXL,0
POLA1,0
POLB,0
POLD1,0
POLD2,0
POLE,0
POLE2,0
POLG,0
POLH,0
POLR2A,0
POLR2B,0
POLR2C,0
POLR2D,0
POLR2E,0
POLR2F,0
POLR2G,0
POLR2H,0
POLR2I,0
POLR2J,0
POLR2K,0
POLR2L,0
POLRMT,0
POMC,0
PON1,0
PON2,0
PON3,0
POR,0
POU1F1,0
POU2F1,0
POU2F2,0
POU3F1,0
POU3F2,0
POU3F3,0
POU3F4,0
POU4F1,0
POU4F2,0
POU4F3,0
POU5F1,0
POU6F1,0
PPA1,0
PPARA,0
PPARD,0
PPARG,0
MED1,0
PPEF2,0
PPAT,0
PPBP,0
PPEF1,0
CTSA,0
PPIA,0
PPIB,0
PPIC,0
PPID,0
PPL,0
PPM1A,0
PPM1B,0
PPM1G,0
PPOX,0
PPP1CA,0
PPP1CB,0
PPP1CC,0
PPP1R1A,0
PPP1R2,0
PPP1R3A,0
PPP1R3C,0
PPP1R3D,0
PPP1R7,0
PPP1R8,0
PPP1R10,0
PPP2CA,0
PPP2CB,0
PPP2R1A,0
PPP2R1B,0
PPP2R2A,0
PPP2R2B,0
PPP2R2C,0
PPP2R3A,0
PTPA,0
PPP2R5A,0
PPP2R5B,0
PPP2R5C,0
PPP2R5D,0
PPP2R5E,0
PPP3CA,0
PPP4C,0
PPP3CB,0
PPP3CC,0
PPP3R1,0
PPP3R2,0
PPP5C,0
PPP6C,0
PPT1,0
PPY,0
NPY4R,0
PRB1,0
PRB3,0
PRB4,0
PRCC,0
PRCP,0
PRELP,0
PREP,0
PRF1,0
SRGN,0
PRG2,0
PRH1,0
PRH2,0
PRIM1,0
PRIM2,0
PRKAA1,0
PRKAA2,0
PRKAB1,0
PRKAB2,0
PRKACA,0
PRKACB,0
PRKACG,0
PKIA,0
PKIB,0
PRKAG1,0
PRKAR1A,0
PRKAR1B,0
PRKAR2A,0
PRKAR2B,0
PRKCA,0
PRKCB,0
PRKCD,0
PRKCE,0
PRKCG,0
PRKCH,0
PRKCI,0
PKN1,0
PKN2,0
PRKD1,0
PRKCQ,0
PRKCSH,0
PRKCZ,0
PRKDC,0
PRKG1,0
PRKG2,0
MAPK1,0
MAPK3,0
MAPK4,0
MAPK6,0
MAPK7,0
MAPK8,0
MAPK11,0
MAPK9,0
MAPK10,0
MAPK13,0
MAP2K1,0
MAP2K2,0
MAP2K3,0
MAP2K5,0
MAP2K6,0
MAP2K7,0
EIF2AK2,0
DNAJC3,0
THAP12,0
PRKX,0
PRL,0
PRLR,0
PRM1,0
PRM2,0
PRNP,0
PROC,0
PRODH,0
PROP1,0
PROS1,0
PROX1,0
PRPH,0
PRPS1,0
PRPS2,0
PRPSAP1,0
PRPSAP2,0
PRRG1,0
PRRG2,0
LGMN,0
PRSS1,0
PRSS2,0
PRSS3,0
MASP1,0
RELN,0
KLK7,0
TMPRSS15,0
PRSS8,0
KLK6,0
HTRA1,0
KLK10,0
PRTN3,0
PSAP,0
PSD,0
PSEN1,0
PSEN2,0
PSG1,0
PSG2,0
PSG3,0
PSG4,0
PSG5,0
PSG6,0
PSG7,0
PSG9,0
PSG11,0
PSKH1,0
PSMA1,0
PSMA2,0
PSMA3,0
PSMA4,0
PSMA5,0
PSMA6,0
PSMA7,0
PSMB1,0
PSMB2,0
PSMB3,0
PSMB4,0
PSMB5,0
PSMB6,0
PSMB7,0
PSMB8,0
PYY,0
PSMB9,0
PSMB10,0
PSMC1,0
PSMC2,0
PSMC3,0
PSMC4,0
PSMC5,0
PSMC6,0
PSMD1,0
PSMD2,0
PSMD3,0
PSMD4,0
PSMD5,0
PSMD7,0
PSMD8,0
PSMD9,0
PSMD10,0
PSMD11,0
PSMD12,0
PSMD13,0
PSME1,0
PSME2,0
PSPH,0
PTAFR,0
PTBP1,0
TAS2R38,0
PTCH1,0
PTEN,0
PTGDR,0
PTGDS,0
PTGER1,0
PTGER2,0
PTGER3,0
PTGER4,0
PTGFR,0
PTGFRN,0
PTGIR,0
PTGIS,0
PTH,0
PTGS1,0
PTGS2,0
PTHLH,0
PTH1R,0
PTH2R,0
PTK2,0
PTK6,0
PTK7,0
TWF1,0
PTMA,0
PTMS,0
PTN,0
QSOX1,0
PTPN1,0
PTPN2,0
PTPN3,0
PTPN4,0
PTPN6,0
PTPN7,0
PTPN9,0
PTPN11,0
PTPN12,0
PTPN13,0
PTPN14,0
PTPRA,0
PTPRB,0
PTPRC,0
PTPRD,0
PTPRCAP,0
PTPRE,0
PTPRF,0
PTPRG,0
PTPRH,0
PTPRJ,0
PTPRK,0
PTPRM,0
PTPRN,0
PTPRN2,0
PTPRO,0
PTPRR,0
PTPRS,0
PTPRZ1,0
PTS,0
PTX3,0
RAD1,0
PURA,0
PURB,0
PVALB,0
PVR,0
NECTIN1,0
NECTIN2,0
PVT1,0
PWP2,0
PEX19,0
ABCD3,0
ABCD4,0
PXMP2,0
PEX2,0
PXN,0
PEX5,0
PYCR1,0
ALDH18A1,0
PCYT2,0
PYGB,0
PYGL,0
PYGM,0
PZP,0
QARS1,0
QDPR,0
RAB1A,0
RAB2A,0
RGL2,0
RAB3A,0
RAB3B,0
RAB3IL1,0
RAB4A,0
RAB5A,0
RAB5B,0
RAB6A,0
MAP4K2,0
RAB13,0
RAB27A,0
RAB27B,0
RABGGTA,0
RABGGTB,0
RABIF,0
RAB5C,0
RAC1,0
RAC2,0
RAC3,0
RAD9A,0
RAD17,0
RAD21,0
RAD23A,0
RAD23B,0
RAD51,0
RAD51C,0
RAD51B,0
MOK,0
RAD51D,0
RAD52,0
RAF1,0
RAG1,0
RAG2,0
RALA,0
RALB,0
RALGDS,0
RAN,0
RANBP1,0
RANBP2,0
RANGAP1,0
RAP1A,0
RAP1B,0
RAP1GAP,0
RAP1GDS1,0
RAP2A,0
RAP2B,0
RAPSN,0
RARA,0
RARB,0
RARG,0
RARS1,0
RARRES1,0
RARRES2,0
PLAAT4,0
RASA1,0
RASA2,0
RASGRF2,0
RB1,0
ARID4A,0
KDM5A,0
RBBP4,0
RBBP5,0
RBBP6,0
RBBP7,0
RBBP8,0
RBL1,0
RBL2,0
RBM3,0
RBM4,0
RBMS1,0
RBMS2,0
RBMY1A1,0
RBP2,0
RBP3,0
RBP4,0
RCN1,0
RCN2,0
OPN1LW,0
RCVRN,0
RDH5,0
PRPH2,0
RDX,0
RECQL,0
REL,0
REG1A,0
REG1B,0
RELA,0
RELB,0
REN,0
RENBP,0
UPF1,0
DPF2,0
REST,0
RET,0
REV3L,0
RFC1,0
RFC2,0
RFC3,0
RFC4,0
RFC5,0
RFNG,0
TRIM27,0
RFPL1,0
RFX1,0
RFX2,0
RFX3,0
RFX4,0
RFX5,0
RFXAP,0
RGR,0
RGS1,0
RGS2,0
RGS3,0
RGS4,0
RGS7,0
RGS10,0
RGS12,0
RGS13,0
RGS16,0
RHAG,0
RHCE,0
RHD,0
RHEB,0
RHO,0
GRK1,0
RLN1,0
RIT2,0
RING1,0
RIT1,0
RLBP1,0
RLF,0
RLN2,0
RMRP,0
RN7SL1,0
RNASE1,0
RNASE2,0
RNASE3,0
RNASE4,0
RNASE6,0
RNASEL,0
SNORA63,0
SNORA62,0
RNF2,0
BRD2,0
RNF4,0
RNF5,0
RNF6,0
RNH1,0
RNPEP,0
ABCE1,0
RNU2-1,0
SNORD15A,0
SNORA73A,0
SNORD20,0
SNORD21,0
RNY1,0
RNY3,0
RNY4,0
ROBO1,0
ROBO2,0
ROCK1,0
ROM1,0
RORA,0
RORB,0
RORC,0
ROS1,0
RP9,0
RP1,0
RP2,0
RPGR,0
RPA1,0
RPA2,0
RPA3,0
RPE,0
RPE65,0
RPL3,0
RPL3L,0
RPL4,0
RPL5,0
RPL6,0
RPL7,0
RPL7A,0
RPL8,0
RPL9,0
RPL10,0
RPL11,0
RPL12,0
RPL13,0
RPL15,0
RPL17,0
RPL18,0
RPL18A,0
RPL19,0
RPL21,0
RPL22,0
RPL23A,0
MRPL23,0
RPL24,0
RPL26,0
RPL27,0
RPL30,0
RPL27A,0
RPL28,0
RPL29,0
RPL31,0
RPL32,0
RPL34,0
RPL35A,0
RPL36AL,0
RPL37,0
RPL37A,0
RPL38,0
RPL39,0
RPL41,0
RPL36A,0
RPLP0,0
RPLP1,0
RPLP2,0
MRPL12,0
MRPS12,0
RPN1,0
RPN2,0
RPS2,0
RPS3,0
RPS3A,0
RPS4X,0
RPS4Y1,0
RPS5,0
RPS6,0
RPS6KA1,0
RPS6KA2,0
RPS6KA3,0
RPS6KB1,0
RPS6KB2,0
RPS7,0
RPS8,0
RPS9,0
RPS10,0
RPS11,0
RPS12,0
RPS13,0
RPS14,0
RPS15,0
RPS15A,0
RPS16,0
RPS17,0
RPS18,0
RPS19,0
RPS20,0
RPS21,0
RPS23,0
RPS24,0
RPS25,0
RPS26,0
RPS27,0
RPS27A,0
RPS28,0
RPS29,0
RRAD,0
RRAS,0
RRBP1,0
RREB1,0
RRM1,0
RRM2,0
RTKN,0
RS1,0
RSC1A1,0
CLIP1,0
RSU1,0
RTN1,0
RTN2,0
RXRA,0
RXRB,0
RXRG,0
RYK,0
RYR1,0
RYR2,0
RYR3,0
S100A1,0
SORT1,0
S100A2,0
S100A3,0
S100A4,0
S100A5,0
S100A6,0
S100A7,0
S100A8,0
S100A9,0
S100A10,0
S100A11,0
S100A12,0
S100A13,0
S100B,0
S100P,0
SAA1,0
SAA2,0
SAA4,0
VPS52,0
SAFB,0
SAG,0
ACSM3,0
SALL2,0
SALL1,0
MAPK12,0
SARS1,0
TSPAN31,0
SAT1,0
SATB1,0
SBF1,0
MSMO1,0
SC5D,0
ATXN1,0
ATXN2,0
ATXN7,0
ATXN8OS,0
SERPINB3,0
SERPINB4,0
SCD,0
CLEC11A,0
SCML1,0
SCN1A,0
SCN1B,0
SCN2A,0
SCN2B,0
SCN3A,0
SCN4A,0
SCN4B,0
SCN5A,0
SCN7A,0
SCN8A,0
SCN9A,0
SCN10A,0
SCNN1A,0
SCNN1B,0
SCNN1D,0
SCNN1G,0
SCO1,0
SCP2,0
SCT,0
SCTR,0
SRL,0
CCL1,0
CCL2,0
CCL3,0
CCL3L1,0
CCL5,0
CCL8,0
CCL11,0
CCL13,0
CCL14,0
CCL15,0
CCL16,0
CCL17,0
CCL18,0
CCL19,0
CCL20,0
CCL21,0
CCL22,0
CCL23,0
CCL24,0
CCL25,0
CXCL6,0
CXCL11,0
CXCL5,0
XCL1,0
CX3CL1,0
SDC1,0
SDC2,0
SDC4,0
SDCBP,0
CXCL12,0
SDF2,0
SDHA,0
SDHB,0
SDHC,0
SDHD,0
SEC13,0
SEC14L1,0
SECTM1,0
TRAPPC2,0
SEL1L,0
SELE,0
SELL,0
SELP,0
SELPLG,0
SEMA3F,0
SEMG2,0
SELENOP,0
SELENOW,0
MAP2K4,0
SET,0
SETMAR,0
SFPQ,0
SFRP1,0
SFRP2,0
SFRP4,0
SFRP5,0
SRSF1,0
SRSF2,0
SRSF3,0
SRSF4,0
SRSF5,0
SRSF6,0
SRSF7,0
SFSWAP,0
TRA2B,0
SFTPB,0
SFTPC,0
SFTPD,0
SGCA,0
SGCB,0
SGCD,0
SGCG,0
SGK1,0
SCG5,0
SGSH,0
SGTA,0
SH3BGR,0
SH3BGRL,0
SH3BP2,0
ITSN1,0
SH3GL1,0
SH3GL2,0
SH3GL3,0
SHB,0
SHBG,0
SHC1,0
FBXW4,0
SHH,0
SHMT1,0
SHMT2,0
SHOX,0
SHOX2,0
SI,0
SIAH1,0
SIAH2,0
ST6GAL1,0
ST3GAL1,0
ST3GAL2,0
ST3GAL4,0
ST3GAL3,0
ST8SIA1,0
PMEL,0
STIL,0
SIM1,0
SIM2,0
SIPA1,0
SIX1,0
SIX3,0
SKI,0
SKIL,0
SKIV2L,0
SKP1,0
SKP2,0
SLA,0
SLAMF1,0
SLC1A1,0
SLC1A2,0
SLC1A3,0
SLC4A3,0
SLC1A4,0
SLC1A5,0
SLC1A6,0
SLC1A7,0
SLC2A1,0
SLC2A2,0
SLC2A3,0
SLC2A4,0
SLC2A5,0
SLC3A1,0
SLC3A2,0
SLC4A1,0
SLC4A2,0
SLC5A1,0
SLC5A2,0
SMTN,0
SLC5A3,0
SLC5A4,0
SLC5A5,0
SLC6A2,0
SLC6A3,0
SLC6A4,0
SLC6A7,0
SLC6A8,0
SLC6A9,0
SLC6A11,0
SLC6A12,0
SLC7A1,0
SLC7A2,0
SLC8A2,0
SLC7A4,0
SLC8A1,0
SLC8A3,0
SLC9A1,0
SLC9A2,0
SLC9A3,0
SLC9A5,0
SLC10A1,0
SLC10A2,0
SLC11A1,0
SLC12A1,0
SLC12A2,0
SLC12A3,0
SLC12A4,0
SLC13A1,0
SLC14A1,0
SLC15A1,0
SLC15A2,0
SLC16A1,0
SLC16A2,0
SLC17A1,0
SLC34A1,0
SLC18A1,0
SLC18A2,0
SLC18A3,0
SLC20A1,0
SLC20A2,0
SLC25A1,0
SLCO2A1,0
SLCO1A2,0
SLC22A1,0
SLC22A3,0
SLC22A2,0
SLC22A4,0
SLC22A5,0
SLIT1,0
SLIT3,0
SLN,0
SLPI,0
SNAI2,0
SMARCA1,0
SMARCA2,0
HLTF,0
SMARCA4,0
SMARCB1,0
SMARCC1,0
SMARCC2,0
SMARCD1,0
SMARCD2,0
SMARCD3,0
SMARCE1,0
SMN1,0
SMN2,0
SMO,0
SMPD1,0
SMPD2,0
SMS,0
SUMO3,0
SUMO2,0
SIGLEC1,0
SNAI1,0
SNAP25,0
SNAPC1,0
SNAPC2,0
SNAPC3,0
SNCB,0
SNAPC4,0
SNCA,0
SNCG,0
FSCN1,0
SNRNP70,0
SNRPA,0
SNRPA1,0
SNRPB,0
SNRPB2,0
SNRPC,0
SNRPD1,0
SNRPD2,0
SNRPD3,0
SNRPE,0
SNRPF,0
SNRPG,0
SNRPN,0
SNTA1,0
SNTB1,0
SNX1,0
SNX2,0
SNTB2,0
SOAT1,0
SOD1,0
SOD2,0
SOD3,0
CAPN15,0
SON,0
SORD,0
SORL1,0
SOS1,0
SOS2,0
SOX1,0
SOX2,0
SOX3,0
SOX4,0
SOX5,0
SOX9,0
SOX10,0
SOX11,0
SOX15,0
SOX12,0
SP1,0
SP2,0
SP3,0
SP4,0
SP100,0
SPAG1,0
UAP1,0
SPAG4,0
SPAM1,0
SPARC,0
SPAST,0
SPG7,0
SPI1,0
SPIB,0
SPINK1,0
SPINT1,0
SPN,0
SPP2,0
SPOCK1,0
SPP1,0
SPR,0
SPRR1B,0
SPRR2A,0
SPRR2D,0
SPRR2E,0
SPRR2F,0
SPRR2G,0
SPRR3,0
SPTA1,0
SPTAN1,0
SPTB,0
SPTBN1,0
SPTBN2,0
SQLE,0
SRC,0
SRD5A1,0
SRD5A2,0
SRI,0
AKR1D1,0
SREBF1,0
SREBF2,0
SRF,0
SRM,0
SRMS,0
SRP9,0
SRP14,0
SRP19,0
SRP54,0
SRP68,0
SRP72,0
SRPK1,0
SRPK2,0
SRPRA,0
SRY,0
TRIM21,0
RO60,0
SSB,0
SSBP1,0
ITPRID2,0
SSR1,0
SSR2,0
SSR3,0
SSR4,0
SSRP1,0
SST,0
SSTR1,0
SSTR2,0
SSTR3,0
SSTR4,0
SSTR5,0
SSX1,0
SSX2,0
SSX5,0
SS18,0
DENND2B,0
ST13,0
ST14,0
STAC,0
STAR,0
STAT1,0
STAT2,0
STAT3,0
STAT4,0
STAT5A,0
STAT5B,0
STAT6,0
STATH,0
STAU1,0
STC1,0
HSPA13,0
SULT1E1,0
ELOVL4,0
STIM1,0
NEK4,0
STK3,0
STK4,0
AURKA,0
CDKL5,0
STK10,0
STK11,0
AURKC,0
SULT1A2,0
STRN,0
STX1A,0
STX3,0
STX4,0
STX5,0
STXBP1,0
STXBP2,0
STXBP3,0
STYX,0
SULT1A1,0
SULT1C2,0
SULT2B1,0
SUOX,0
SULT2A1,0
SUPT4H1,0
SUPT5H,0
SUPT6H,0
SUPV3L1,0
ABCC8,0
SURF1,0
SURF2,0
SURF4,0
MED22,0
SURF6,0
SUV39H1,0
SVIL,0
VAMP1,0
VAMP2,0
VAMP7,0
XCL2,0
SYCP1,0
SYK,0
SYN1,0
SYN2,0
SYP,0
SYPL1,0
SYT1,0
SYT4,0
SYT5,0
TBXT,0
TAC1,0
TACR2,0
TAC3,0
TACC1,0
ADAM17,0
TACR1,0
TACR3,0
TADA2A,0
TAF1,0
TAF2,0
TAF4,0
TAF4B,0
TAGLN,0
TAF5,0
TAF6,0
TAF7,0
TAF9,0
TAF10,0
TAF11,0
TAF12,0
TAF13,0
MAP3K7,0
TAL1,0
TAL2,0
TALDO1,0
TAP1,0
TAP2,0
TAPBP,0
TARBP2,0
TARS1,0
TAT,0
TBX1,0
CNTN2,0
TAZ,0
TBCA,0
TBCC,0
TBCD,0
TBCE,0
SERPINA7,0
TBL1X,0
TBP,0
TBX2,0
TBX5,0
TBX6,0
TBX15,0
TBXA2R,0
TBXAS1,0
TCEA1,0
TCEA2,0
TCEA3,0
ELOC,0
ELOB,0
ELOA,0
TCF4,0
TBX3,0
HNF1A,0
HNF1B,0
TCF3,0
TCF7,0
TCF7L2,0
ZEB1,0
GCFC2,0
TCF12,0
TCF15,0
ZNF354A,0
TCF19,0
TCF20,0
TCF21,0
VPS72,0
MLX,0
TCN1,0
TCN2,0
TCOF1,0
TCP1,0
TCP10,0
TCP11,0
TECTB,0
TCTA,0
DYNLT3,0
TCTE3,0
PPP1R11,0
DYNLT1,0
TDG,0
TDGF1,0
TDO2,0
PRDX2,0
TEAD1,0
TEAD4,0
TEAD3,0
TEC,0
TECTA,0
TEF,0
TMBIM6,0
TEK,0
TEP1,0
TERC,0
TERF1,0
TERF2,0
TERT,0
TESK1,0
TF,0
TFAM,0
TFAP2A,0
TFAP2B,0
TFAP2C,0
TFAP4,0
TFCP2,0
NR2F1,0
NR2F2,0
TFDP1,0
TFDP2,0
TFE3,0
TFF2,0
TFF3,0
TFPI,0
TFR2,0
TFRC,0
TG,0
TGFA,0
TGFB1,0
TGFB1I1,0
TGFB2,0
TGFB3,0
LEFTY2,0
TGFBI,0
TGFBR1,0
TGM4,0
TGFBR2,0
TGFBR3,0
TGIF1,0
TGM1,0
TGM2,0
TGM3,0
TH,0
THBD,0
THBS1,0
THBS2,0
THBS3,0
THBS4,0
TCHH,0
THOP1,0
THPO,0
THRA,0
THRB,0
THRSP,0
THY1,0
KLF10,0
TIA1,0
TIAL1,0
TIAM1,0
TIE1,0
TIMP1,0
TIMP2,0
TIMP3,0
TIMP4,0
NKX2-1,0
TJP1,0
TK1,0
TK2,0
TKT,0
ICAM5,0
TLE1,0
TLE2,0
TLE3,0
TLE4,0
TLL1,0
TLL2,0
TLN1,0
SEC62,0
TLR1,0
TLR3,0
TLR4,0
TLR5,0
NR2E1,0
TSPAN7,0
TSPAN8,0
TM4SF4,0
TSPAN6,0
TSPAN4,0
GPR137B,0
TM7SF2,0
TRAPPC10,0
TMF1,0
TMOD1,0
TMPO,0
TMPRSS2,0
TMSB4X,0
CLDN5,0
TNF,0
TNNC2,0
TNFAIP1,0
TNFAIP2,0
TNFAIP3,0
TNFAIP6,0
TNFRSF1A,0
TNFRSF1B,0
TNNC1,0
TNNI1,0
TNNI2,0
TNNI3,0
TNNT1,0
TNNT2,0
TNNT3,0
TNP1,0
TNP2,0
TNR,0
TNS1,0
TNXB,0
TOP1,0
TOP2A,0
TOP2B,0
TOP3A,0
TP53,0
TP53BP1,0
TP53BP2,0
TP73,0
TPBG,0
TPD52,0
TPD52L1,0
TPD52L2,0
TPH1,0
TPI1,0
TPM1,0
TPM2,0
TPM3,0
TPM4,0
TPMT,0
TPO,0
TPP2,0
TPR,0
TPSAB1,0
TPT1,0
TPTE,0
CRISP2,0
NR2C1,0
NR2C2,0
HSP90B1,0
TRAF1,0
TRAF2,0
TRAF3,0
TRAF5,0
TRAF6,0
HSP90B2P,0
TRH,0
TRHR,0
CCT3,0
TRIO,0
TRIP6,0
TRO,0
TRPC1,0
TRPC3,0
TRPC4,0
TRPC5,0
TRPC6,0
TRPM2,0
TRPS1,0
TSN,0
TSC1,0
TSC2,0
TSG101,0
TSHB,0
TSHR,0
TSNAX,0
TSPYL1,0
EIPR1,0
PHLDA2,0
TST,0
TSTA3,0
TTC1,0
DNAJC7,0
TTC3,0
TTC4,0
TTF1,0
TTK,0
TTN,0
TTPA,0
TUB,0
TTR,0
TUBA4A,0
TUBA3C,0
TUBB2A,0
TUBG1,0
TUFM,0
TUFT1,0
TULP1,0
TULP2,0
TULP3,0
HIRA,0
TWIST1,0
TNFSF4,0
TNFRSF4,0
TXK,0
TXN,0
TXNRD1,0
TYK2,0
TYMS,0
TYR,0
TYRO3,0
TYROBP,0
TYRP1,0
U2AF1,0
UBA52,0
UBB,0
UBC,0
UBA1,0
UBA7,0
UBE2A,0
UBE2B,0
UBE2D1,0
UBE2D2,0
UBE2D3,0
UBE2E1,0
UBE2E2,0
UBE2G1,0
UBE2G2,0
UBE2H,0
UBE2I,0
UBE2L3,0
UBE2N,0
UBE2V1,0
UBE2V2,0
UBE3A,0
SUMO1,0
UBP1,0
UBTF,0
UCHL1,0
UCHL3,0
UPK1B,0
UCN,0
UCP1,0
UCP2,0
UCP3,0
UFD1,0
SLC35A2,0
SCGB1A1,0
UGCG,0
UGDH,0
UGP2,0
UGT2B4,0
UGT2B7,0
UGT2B10,0
UGT2B15,0
UGT2B17,0
UGT8,0
UMOD,0
UCK2,0
UMPS,0
UNG,0
USP4,0
NR1H2,0
UPP1,0
UPK2,0
UPK3A,0
UQCRB,0
UQCRC1,0
UQCRC2,0
UQCRFS1,0
UQCRH,0
UROD,0
UROS,0
USF1,0
USF2,0
USP1,0
USH2A,0
CLRN1,0
UTRN,0
KDM6A,0
UTY,0
UVRAG,0
VARS1,0
VASP,0
VAV1,0
VAV2,0
VBP1,0
VCAM1,0
VCL,0
VCP,0
VDAC1,0
VDAC2,0
VDAC3,0
VDR,0
VEGFA,0
VEGFB,0
VEGFC,0
VHL,0
VIL1,0
EZR,0
VIM,0
VIP,0
VIPR1,0
VIPR2,0
VLDLR,0
BEST1,0
VPREB1,0
TRPV1,0
VRK1,0
VRK2,0
VSNL1,0
VTN,0
VWF,0
WARS1,0
WAS,0
ZAN,0
WIPF1,0
EIF4H,0
CLIP2,0
LAT2,0
CORO2A,0
WEE1,0
WFS1,0
NSD2,0
NELFA,0
WNT1,0
WNT2,0
WNT3,0
WNT5A,0
WNT6,0
WNT7A,0
WNT7B,0
WNT8A,0
WNT8B,0
WNT10B,0
WNT11,0
WNT2B,0
WNT9A,0
WNT9B,0
GET1,0
WRN,0
WT1,0
XBP1,0
XDH,0
XG,0
XIST,0
XK,0
XPA,0
XPC,0
XPNPEP1,0
XPO1,0
XRCC1,0
XRCC2,0
XRCC3,0
XRCC4,0
XRCC5,0
YES1,0
YY1,0
YWHAB,0
YWHAE,0
YWHAG,0
YWHAH,0
YWHAZ,0
ZAP70,0
SF1,0
ZFP36,0
ZFP37,0
ZBTB14,0
ZFPL1,0
ZFX,0
ZFY,0
ZIC1,0
ZIC2,0
ZIC3,0
ZNF2,0
ZNF3,0
ZNF711,0
ZNF7,0
ZNF8,0
CNBP,0
ZNF10,0
ZNF12,0
ZNF14,0
ZNF708,0
ZNF16,0
ZNF17,0
ZNF18,0
ZNF19,0
ZNF20,0
ZNF182,0
ZNF22,0
ZNF23,0
ZNF24,0
ZNF26,0
ZNF28,0
ZSCAN20,0
ZNF32,0
ZNF33A,0
ZNF33B,0
ZNF35,0
ZKSCAN1,0
ZNF37A,0
ZSCAN21,0
ZNF41,0
MZF1,0
ZNF43,0
ZNF45,0
ZBTB25,0
ZNF69,0
ZNF70,0
ZNF74,0
ZNF75D,0
ZNF75A,0
ZNF76,0
ZNF79,0
ZNF80,0
ZNF84,0
ZNF221,0
ZNF85,0
ZNF90,0
ZNF91,0
ZNF99,0
ZNF222,0
ZNF121,0
ZNF124,0
MKRN3,0
ZNF131,0
ZNF132,0
ZNF133,0
ZNF134,0
ZNF135,0
ZNF136,0
ZNF138,0
ZNF140,0
ZNF141,0
ZNF142,0
ZNF143,0
PCGF2,0
ZBTB16,0
ZNF146,0
TRIM25,0
ZNF148,0
ZBTB17,0
ZNF154,0
ZNF155,0
ZNF157,0
VEZF1,0
ZNF165,0
TRIM26,0
ZNF174,0
ZNF175,0
ZNF177,0
RNF112,0
ZNF180,0
RNF113A,0
ZNF184,0
ZNF185,0
ZSCAN26,0
ZNF189,0
ZKSCAN8,0
ZSCAN9,0
ZNF195,0
ZMYM2,0
ZNF200,0
ZNF202,0
ZNF205,0
ZNF207,0
ZNF208,0
ZNF213,0
ZNF214,0
ZNF215,0
ZFAND5,0
ZNF217,0
ZNF223,0
ZNF224,0
ZNF225,0
ZNF226,0
ZNF227,0
ZNF112,0
ZNF229,0
ZNF230,0
ZNF232,0
ZNF236,0
SLC30A1,0
SLC30A2,0
SLC30A3,0
SLC30A4,0
ZP2,0
ZP3,0
MAP3K12,0
ZXDA,0
ZYX,0
LUZP1,0
PRDM2,0
DNALI1,0
PTP4A1,0
LRP8,0
LAPTM5,0
BSND,0
CSDE1,0
EVI5,0
DAP3,0
NPHS2,0
BTG2,0
PXDN,0
ALMS1,0
MOGS,0
RNF103,0
TUBA1A,0
PAX8,0
IL1R2,0
MALL,0
CXCR4,0
FZD5,0
SCG2,0
BRPF1,0
IFRD2,0
MAPKAPK3,0
SEMA3B,0
SLMAP,0
MANF,0
USP7,0
RAB7A,0
KCNAB1,0
SLBP,0
ST8SIA4,0
REEP5,0
DEK,0
ALDH5A1,0
PRRC2A,0
BAG6,0
GPANK1,0
DDX39B,0
ABHD16A,0
SLC39A7,0
OR2H2,0
NELFE,0
LST1,0
PLA2G7,0
TFEB,0
RNF217-AS1,0
EPM2A,0
AIMP2,0
MAFK,0
FZD3,0
MTERF1,0
SEM1,0
TFPI2,0
ST7,0
ARHGEF5,0
ZNF212,0
TUSC3,0
UBXN8,0
KAT6A,0
PSCA,0
GLRA3,0
NR4A3,0
BRD3,0
NUP214,0
LHX3,0
STAM,0
MLLT10,0
CUBN,0
CCDC6,0
NCOA4,0
SLC25A16,0
SHOC2,0
ADAM12,0
RASSF7,0
PDHX,0
FOSL1,0
CUL5,0
PTP4A2,0
FGF23,0
MFAP5,0
USP5,0
MLF2,0
SSPN,0
KMT2D,0
AAAS,0
FXR1,0
YEATS4,0
HMGA2,0
ALX1,0
CDK2AP1,0
IFT88,0
PABPN1,0
DPF3,0
GPR68,0
TCL1A,0
AP3B2,0
PWAR5,0
ANP32A,0
ST8SIA2,0
NPRL3,0
GAN,0
SLC7A5,0
TAF15,0
RND2,0
COIL,0
AKAP1,0
SLC14A2,0
MADCAM1,0
SF3A2,0
ELL,0
ZNF239,0
SYMPK,0
CLPP,0
DPF1,0
MKKS,0
GDF5,0
NCOA3,0
NRIP1,0
CHAF1B,0
GATD3A,0
DGCR6,0
LZTR1,0
CLTCL1,0
ESS2,0
SYN3,0
GTPBP6,0
PUDP,0
AKAP17A,0
PNPLA4,0
ZRSR2,0
USP11,0
USP9X,0
RBM10,0
KDM5C,0
SMC1A,0
NAA10,0
F8A1,0
UBL4A,0
TMEM187,0
LAGE3,0
SLC10A3,0
TKTL1,0
KDM5D,0
USP9Y,0
EPX,0
ARID1A,0
H3-4,0
DYSF,0
COLQ,0
SERF1A,0
H4C9,0
TRRAP,0
PICALM,0
KLRC4,0
SNN,0
ACOX2,0
ACOX3,0
AXIN1,0
AXIN2,0
BAP1,0
BRAP,0
CDC7,0
CDC45,0
EOMES,0
FZD1,0
FZD4,0
FZD6,0
FZD7,0
FZD8,0
FZD9,0
GFI1B,0
H2AC13,0
H2AC15,0
H2AC14,0
H2AC16,0
H2AC4,0
H2AC17,0
H2AC20,0
H2BC8,0
H2BC13,0
H2BC15,0
H2BC14,0
H2BC7,0
H2BC6,0
H2BC9,0
H2BC10,0
H2BC4,0
H2BC17,0
H2BC21,0
H3C1,0
H3C4,0
H3C3,0
H3C6,0
H3C11,0
H3C8,0
H3C12,0
H3C10,0
H3C2,0
H4C1,0
H4C4,0
H4C6,0
H4C12,0
H4C11,0
H4C3,0
H4C8,0
H4C2,0
H4C5,0
H4C13,0
HYAL3,0
MAD1L1,0
NME5,0
OR1A1,0
OR1D5,0
OR1E1,0
OR1E2,0
OR1G1,0
OR3A3,0
PIP5K1A,0
PIP5K1B,0
PIP4K2B,0
PLA2G6,0
PLA2G10,0
SLC25A11,0
SOX14,0
SPARCL1,0
SPOP,0
SRPX,0
TAGLN2,0
ULK1,0
UXT,0
EEA1,0
BCAR3,0
ANXA9,0
STX7,0
BFSP2,0
SNHG3,0
BBOX1,0
LTBP4,0
ZNF282,0
STK24,0
NR0B2,0
UTF1,0
RECK,0
SOAT2,0
CAVIN2,0
RASAL1,0
RAD54L,0
NSMAF,0
NCK2,0
GNPAT,0
DYRK3,0
DYRK2,0
DUSP11,0
DOC2B,0
DOC2A,0
DHX16,0
CUL4B,0
CUL4A,0
CUL3,0
CUL2,0
CUL1,0
ATRN,0
FOXN1,0
TTF2,0
TPST2,0
TPST1,0
KLF11,0
TEAD2,0
SUPT3H,0
SMARCA5,0
FKBP6,0
SORBS2,0
IRS4,0
OGT,0
CDC42BPA,0
GPR65,0
HIRIP3,0
RAE1,0
OFD1,0
SEMA7A,0
CILP,0
GALR3,0
GEMIN2,0
RGS5,0
MAP4K3,0
PRSS12,0
PPM1D,0
PPFIBP2,0
PPFIBP1,0
PPFIA4,0
RANBP3,0
PPFIA2,0
PPFIA1,0
SLC43A1,0
PKP4,0
PIK3R3,0
PEX3,0
PARG,0
CNTNAP1,0
ENC1,0
NIPSNAP1,0
NDST2,0
MMP23B,0
MMP23A,0
LIPF,0
KCNAB2,0
ITGA10,0
ITGA8,0
IKBKG,0
ELP1,0
IFITM1,0
HAT1,0
GCM1,0
GAS7,0
DGKZ,0
DGKE,0
DGKD,0
DDO,0
CYP4F2,0
CST7,0
YBX3,0
CPZ,0
COPS3,0
CHST1,0
CBX4,0
CAMK1,0
BCAS1,0
BARX2,0
API5,0
AGPS,0
PPFIA3,0
APOL1,0
LMO4,0
PIR,0
CGGBP1,0
AP3B1,0
FCN3,0
BLZF1,0
LGR5,0
MAPKAPK5,0
INE2,0
INE1,0
BHLHE40,0
PIAS1,0
CDC14B,0
CDC14A,0
TCAP,0
CDK10,0
PRPF18,0
DEGS1,0
DENR,0
THOC5,0
KMO,0
YARS1,0
PDXK,0
MADD,0
RRP1,0
MKNK1,0
KHSRP,0
PDLIM4,0
CASK,0
AKR7A2,0
PRKRA,0
STK16,0
TMEFF1,0
SCARF1,0
LY6D,0
OR6A2,0
TNFSF11,0
RGS20,0
NOP14,0
FAM193A,0
SLC25A12,0
PLA2G4C,0
RUVBL1,0
RDH16,0
KLF7,0
PLPP1,0
PLPP2,0
PLPP3,0
STC2,0
USO1,0
CADPS,0
NPFF,0
CDK13,0
PDE8B,0
ASMTL,0
PSMG1,0
RFXANK,0
TP63,0
JRK,0
HSD17B6,0
SKAP1,0
DNAH17,0
UNC5C,0
RTCA,0
RNASET2,0
SSNA1,0
EIF4EBP3,0
OASL,0
PCDHGB4,0
DCHS1,0
PTCH2,0
AKR1C3,0
KCNK5,0
CHRD,0
ABCB11,0
NCOA1,0
LAMTOR3,0
NUMB,0
SOCS1,0
DDX3Y,0
PDE5A,0
DYNLL1,0
TNKS,0
ALDH4A1,0
IRS2,0
EIF3A,0
EIF3B,0
EIF3C,0
EIF3D,0
EIF3F,0
EIF3G,0
EIF3H,0
EIF3I,0
EIF3J,0
SLC4A4,0
EIF4G3,0
VAMP8,0
VAMP4,0
STX16,0
STX11,0
STX10,0
BECN1,0
JMJD7-PLA2G4B,0
PEA15,0
SRSF9,0
MARCO,0
KRT38,0
KRT37,0
KRT36,0
JRKL,0
HYAL2,0
GALNT4,0
DGAT1,0
CDC23,0
S1PR4,0
DNAH11,0
B4GALT4,0
B4GALT3,0
B4GALT2,0
B3GALT4,0
B3GALNT1,0
B3GALT2,0
SERPINB7,0
TNK1,0
ABCC3,0
NOL4,0
TRADD,0
TNFRSF25,0
MBTPS1,0
EDF1,0
CTSF,0
SNX4,0
SNX3,0
URI1,0
EED,0
CTNNAL1,0
ADAM19,0
GBF1,0
RNMT,0
RNGTT,0
GPAA1,0
MYH13,0
MYOM1,0
RIPK1,0
CRADD,0
HRK,0
TNFSF14,0
TNFSF13,0
TNFSF12,0
TNFSF10,0
TNFSF9,0
ADAM23,0
ADAM21,0
ADAM20,0
ADAM18,0
ADAM15,0
ADAM9,0
ADAM7,0
CDS2,0
PABPC4,0
CD164,0
TNFRSF14,0
RAB11A,0
RIPK2,0
TNFRSF6B,0
FADD,0
SNAP23,0
NAPG,0
NAPA,0
MTMR1,0
MPDZ,0
SIGLEC5,0
RIOK3,0
TNFRSF18,0
MATN4,0
RGS11,0
RGS9,0
DLK1,0
FBP2,0
FPGT,0
TNFRSF11A,0
TNFRSF10D,0
TNFRSF10C,0
TNFRSF10B,0
SCEL,0
TNFRSF10A,0
DYRK4,0
PEX11B,0
PEX11A,0
SUCLG2,0
SUCLG1,0
SUCLA2,0
CREG1,0
TRIM24,0
IL18RAP,0
IL1RL2,0
IL18R1,0
GALR2,0
CCNK,0
DPM1,0
BANF1,0
DCAF5,0
FGF18,0
DPM2,0
SAP30,0
HESX1,0
INPP4B,0
FGF17,0
FGF16,0
CES2,0
LIN7A,0
IQGAP1,0
NRP2,0
NRP1,0
SYNGAP1,0
CD84,0
GMPS,0
TMEM11,0
SOCS2,0
GGH,0
CFLAR,0
CCN6,0
CCN5,0
CCN4,0
HDAC3,0
PROM1,0
HCAR3,0
KSR1,0
ALKBH1,0
DLEU2,0
TSC22D1,0
KAT2B,0
CDK5R1,0
AKAP4,0
ASAP2,0
ALDH1A2,0
NR1I2,0
FCGBP,0
PROZ,0
STK19,0
LDB1,0
APLN,0
PER3,0
PER2,0
SYNJ1,0
ST3GAL5,0
IER3,0
SYNJ2,0
CDC123,0
ARHGEF7,0
VNN2,0
VNN1,0
SPHK1,0
SQSTM1,0
SGPL1,0
FUBP1,0
CDC16,0
ZPR1,0
NAE1,0
SLC5A6,0
DDX18,0
TAX1BP1,0
MCM3AP,0
EIF2B4,0
EIF2B3,0
EIF2B2,0
EIF2B5,0
EIF2S2,0
CPNE3,0
BUD31,0
MTMR3,0
MTMR2,0
PRPF4B,0
CCNA1,0
CPNE1,0
AP1S2,0
AP1G2,0
AP1M1,0
GYG2,0
ENDOU,0
SGCE,0
CACNA1I,0
CACNA1H,0
CACNA1G,0
TIMELESS,0
BCL10,0
HERC3,0
HERC2,0
HERC1,0
SNURF,0
BSN,0
FOXH1,0
PHOX2B,0
MBD4,0
MBD2,0
RTL8C,0
RAB29,0
SKAP2,0
WASF1,0
BAIAP3,0
FUBP3,0
TOP3B,0
CDK5R2,0
KYNU,0
AP3D1,0
BTRC,0
H3C7,0
H2AC11,0
H2BC11,0
H1-10,0
MGAM,0
CHRNA6,0
P4HA2,0
USP13,0
WASL,0
PLOD3,0
RPS6KA4,0
STBD1,0
HSPB3,0
TRPA1,0
SELENBP1,0
ATP6V0E1,0
PGLYRP1,0
LIMD1,0
TNFSF18,0
NOL3,0
KALRN,0
CDKL2,0
HAP1,0
F2RL3,0
TAF1C,0
TAF1B,0
TAF1A,0
SLC25A14,0
MPZL1,0
MAP3K14,0
SOCS3,0
CLIC3,0
CH25H,0
BRSK2,0
RNF8,0
HIP1R,0
NAT8,0
RHBDL1,0
BAZ1B,0
TM4SF5,0
PKD2L1,0
CCRL2,0
SEMA5A,0
TAAR5,0
UBA3,0
UBE2M,0
SPAG9,0
BTAF1,0
RPL14,0
DOK2,0
SH2D2A,0
ARTN,0
AIP,0
PSTPIP2,0
PSTPIP1,0
MAP7,0
NFS1,0
PRC1,0
SLC7A7,0
SLC7A6,0
SLC13A2,0
PAPSS2,0
PAPSS1,0
PIAS2,0
MAP3K6,0
SYT7,0
ANGPTL1,0
CLDN12,0
ASH2L,0
CLDN10,0
CLDN8,0
CLDN6,0
CLDN2,0
CLDN1,0
DIRAS3,0
LDB2,0
CLDN9,0
EIF1AY,0
TMSB4Y,0
PKMYT1,0
PIGQ,0
SART1,0
DNAJA3,0
UNC119,0
TBX19,0
TBX18,0
USP14,0
USP6,0
USP2,0
USP10,0
USP8,0
FCGR2C,0
RGN,0
MTMR6,0
MTMR7,0
MTMR4,0
NMI,0
MTA1,0
LATS1,0
ATP6V0D1,0
SEC22C,0
INA,0
KRT75,0
SLC16A5,0
SLC16A4,0
SLC16A3,0
PDLIM1,0
CNOT9,0
SMC3,0
P2RX6,0
PRPF4,0
PRPF3,0
FAM50A,0
AIFM1,0
KCNQ4,0
CCNB2,0
CCNE2,0
RABEP1,0
RRP9,0
ARHGEF1,0
CBFA2T2,0
ATG12,0
PDCD5,0
Unnamed: 6034,0
SYNGR3,0
SYNGR2,0
SYNGR1,0
HGS,0
NEMF,0
NEURL1,0
DYRK1B,0
CTDP1,0
SLC6A5,0
SLC28A2,0
SLC28A1,0
EXO1,0
FIBP,0
PCSK7,0
DGKI,0
EBAG9,0
COX7A2L,0
TMSB10,0
SCAF11,0
LPAR2,0
MYOM2,0
IL1RL1,0
MAP3K13,0
HTR3B,0
AP4M1,0
OSMR,0
ARHGEF2,0
RASSF9,0
ZW10,0
BUB3,0
REPS2,0
SLC24A1,0
DDX21,0
ZBED1,0
DEDD,0
SLC16A7,0
KCNAB3,0
SLC33A1,0
HACD1,0
DCLK1,0
ZMYM4,0
ZMYM3,0
ZMYM6,0
ZMYM5,0
LRRFIP1,0
LRRFIP2,0
LGI1,0
AURKB,0
XPR1,0
FCMR,0
LARGE1,0
VAPB,0
VAPA,0
MTA2,0
TIAF1,0
NOLC1,0
MAGI1,0
LRAT,0
DLGAP2,0
DLGAP1,0
RAB11B,0
DLG5,0
PTTG1,0
IL32,0
CCPG1,0
TBRG4,0
PNMA1,0
NOG,0
MSC,0
CRLF1,0
GCNT3,0
UBE2L6,0
GCM2,0
GPR50,0
DHRS3,0
RPS6KA5,0
NUMBL,0
CACNA2D2,0
AIMP1,0
TSPOAP1,0
MFHAS1,0
PDLIM7,0
MAPKAPK2,0
STK17B,0
STK17A,0
CYTH3,0
CYTH2,0
CYTH1,0
ITGB1BP1,0
PIWIL1,0
BCL7C,0
BCL7B,0
COPB2,0
WDR46,0
ZBTB22,0
MED14,0
GPR37L1,0
NPIPA1,0
TAAR2,0
ADGRG1,0
GPR55,0
GPR52,0
S1PR2,0
SRSF11,0
ATP6V1F,0
SNORD27,0
SNORD22,0
SOCS6,0
CD83,0
ZNF235,0
ASIC3,0
KCNB2,0
MMP20,0
KLF4,0
NREP,0
PTER,0
COPS2,0
TRIP13,0
TRIP12,0
TRIP11,0
TRIP10,0
HMGN3,0
TRIP4,0
ZNHIT3,0
GTF3C5,0
GTF3C4,0
GTF3C3,0
B4GALT6,0
CD163,0
TGM5,0
B4GALT5,0
CNOT8,0
TCEAL1,0
GLP2R,0
VAMP3,0
SNAP29,0
EFTUD2,0
TAOK2,0
NDST3,0
RPL23,0
CER1,0
SLC9A3R2,0
TXNL1,0
SLIT2,0
UBE4A,0
LHX2,0
SLC22A6,0
ITGBL1,0
PPIG,0
LONP1,0
CPNE6,0
RAB33A,0
RAB28,0
KL,0
RAB9A,0
SLC9A3R1,0
NRXN3,0
ADIPOQ,0
KIF3B,0
ZFYVE9,0
PLAA,0
PPT2,0
TM9SF2,0
SLC22A8,0
COX5A,0
NRXN1,0
NRXN2,0
GRHPR,0
OTOF,0
COG1,0
TSIX,0
LIPG,0
SLC22A14,0
SLC22A13,0
CIAO1,0
TGFBRAP1,0
HS6ST1,0
NMT2,0
CD101,0
STOML1,0
RECQL5,0
RECQL4,0
GRAP2,0
SELENOF,0
LPXN,0
ZRANB2,0
TMPRSS11D,0
PEX16,0
SNRNP40,0
ARHGAP29,0
MED21,0
FAM189A2,0
TJP2,0
FADS2,0
DDX23,0
CRIPT,0
CYP7B1,0
HAND1,0
ZNF264,0
NTN1,0
KCNK6,0
CDYL,0
CDY2A,0
ECEL1,0
CHST2,0
NCR2,0
NCR1,0
MED23,0
MED17,0
MED26,0
MED27,0
MED7,0
QKI,0
ITM2B,0
GSTO1,0
AIM2,0
MAP4K4,0
LY86,0
EIF2AK3,0
ITM2A,0
GGPS1,0
HOMER3,0
HOMER2,0
HOMER1,0
FHL5,0
ARHGEF6,0
RASAL2,0
PICK1,0
HAND2,0
AKAP7,0
IL27RA,0
SH3BP5,0
PCYT1B,0
CHST3,0
EIF4E2,0
AKAP6,0
THEMIS2,0
ATG5,0
ROCK2,0
NAPSA,0
MED20,0
CABP1,0
MAPK8IP1,0
ONECUT2,0
SLC25A27,0
STX8,0
CHST10,0
PIGL,0
PIGB,0
PGS1,0
PSMF1,0
KIF23,0
AKAP5,0
TBX4,0
SLC4A7,0
SLC4A8,0
MYOT,0
MAGED1,0
RPH3AL,0
PAGE4,0
ADAMTS4,0
ADAMTS3,0
ADAMTS2,0
ADAMTS1,0
PMPCB,0
FXR2,0
GAL3ST1,0
STXBP5L,0
LITAF,0
SPTLC2,0
GDF15,0
TBPL1,0
NPEPPS,0
EEF1E1,0
SCAMP1,0
TECR,0
VPS4B,0
MPDU1,0
GOSR1,0
TMEM59,0
BAG5,0
BAG4,0
BAG3,0
BAG2,0
POLR1C,0
ZNF254,0
GMFG,0
PTGES,0
TP53I11,0
EI24,0
TP53I3,0
CIR1,0
NRG2,0
IGDCC3,0
RAB3D,0
APBA3,0
CXCL14,0
ATP6V1G1,0
ATP5MF,0
SPAG7,0
MRPL33,0
SEC22B,0
MACROH2A1,0
ATP5MPL,0
CHD1L,0
VPS26A,0
CCL4L2,0
MINPP1,0
H6PD,0
BCAR1,0
GTPBP1,0
GABBR2,0
GTF2IRD1,0
GOSR2,0
NR1D1,0
GDF3,0
CLOCK,0
SPAG6,0
BABAM2,0
CDC42BPB,0
SOX13,0
PREPL,0
APOBEC3B,0
ENTPD4,0
RBM39,0
KIF20B,0
CREB5,0
MAD2L1BP,0
PRDX6,0
WTAP,0
AKAP12,0
IER2,0
CYTIP,0
SMAD5-AS1,0
PITPNM1,0
PDIA4,0
NFE2L3,0
RNF14,0
VPS9D1,0
CARTPT,0
RAB36,0
RIN1,0
NCOR1,0
NCOR2,0
GDA,0
RNF7,0
MTRF1,0
TRAF4,0
ABCG1,0
CELSR1,0
KLK4,0
TCL1B,0
AATK,0
GUCA1C,0
SNCAIP,0
RGS6,0
GNA14,0
NUP155,0
SEC24C,0
TESMIN,0
CLCA2,0
FEZ2,0
FEZ1,0
ARHGEF10,0
ZNF592,0
IKBKE,0
MORF4L2,0
SH3PXD2A,0
MICAL2,0
CTR9,0
PPM1F,0
GCC2,0
RALGPS1,0
MTFR1,0
TTC37,0
HS2ST1,0
TTLL4,0
SOCS5,0
MDC1,0
IQCB1,0
ZNF516,0
PDE4DIP,0
CEP135,0
LPIN2,0
MARF1,0
DZIP3,0
SAFB2,0
ZNF432,0
EIF5B,0
IPO13,0
WSCD2,0
SDC3,0
SLC25A44,0
KIAA0040,0
TTI1,0
PPIP5K1,0
PHF14,0
FAM53B,0
DEPDC5,0
KDM4A,0
N4BP1,0
LRRC14,0
CLINT1,0
VGLL4,0
GREB1,0
NUP93,0
BZW1,0
UBE3C,0
PRORP,0
RAPGEF2,0
EMC2,0
EDEM1,0
CROCC,0
TRAM2,0
PUM1,0
RIMS2,0
ESPL1,0
PPP6R2,0
CEP57,0
KIAA0100,0
DHX34,0
ST18,0
ULK2,0
PCDHGA8,0
HERPUD1,0
KIAA0355,0
RUBCN,0
USP6NL,0
FAM131B,0
AQR,0
SEC14L5,0
ECE2,0
ADAMTSL2,0
CCDC144A,0
GPRIN2,0
NOS1AP,0
SEMA3E,0
UTP14C,0
TMEM63A,0
ZNF646,0
RAB11FIP3,0
SECISBP2L,0
KIAA0408,0
DCAF1,0
CEP104,0
DOCK4,0
SART3,0
HDAC9,0
KNTC1,0
USP34,0
GPRASP1,0
CCP110,0
SETD1A,0
LAPTM4A,0
IFT140,0
ARHGAP32,0
ACAP1,0
ZNF536,0
CLSTN3,0
TCAF1,0
SLK,0
PHACTR2,0
RIPOR2,0
SNPH,0
PCDHA9,0
ZSCAN12,0
STARD8,0
TBKBP1,0
KMT2B,0
FRMPD4,0
HDAC4,0
TOX,0
MLEC,0
LZTS3,0
KIAA0513,0
ZFYVE16,0
SUSD6,0
JADE3,0
RASSF2,0
RAPGEF5,0
TMEM94,0
BCLAF1,0
EIF4A3,0
ATG13,0
TM9SF4,0
KIAA0232,0
TBC1D5,0
PIEZO1,0
RNF144A,0
MATR3,0
RIMS3,0
SNX17,0
DHX38,0
KIAA0586,0
DLGAP5,0
MTSS1,0
SPCS2,0
BMS1,0
PTDSS1,0
SERTAD2,0
CKAP5,0
MAML1,0
PHYHIP,0
TATDN2,0
IST1,0
MRPL19,0
DAZAP2,0
TOMM20,0
SCRN1,0
SPOCK2,0
IP6K1,0
KIAA0087,0
RNF40,0
CTIF,0
DELE1,0
EFCAB14,0
SFI1,0
GIT2,0
URB2,0
KEAP1,0
NUP58,0
TSC22D2,0
CUL7,0
RB1CC1,0
ARMCX2,0
ARHGAP11A,0
SPATA2,0
ARHGEF11,0
RGP1,0
ARHGEF17,0
DNAJC6,0
TRIM14,0
ZNF623,0
JAKMIP2,0
MELK,0
FAM30A,0
LCMT2,0
GINS1,0
ZEB2,0
TESPA1,0
ZBTB24,0
PLEKHM1,0
HEPH,0
ELMO1,0
GAB2,0
C2CD5,0
MFAP3L,0
ZNF518A,0
KIAA0753,0
EPM2AIP1,0
RUSC2,0
C2CD2L,0
FARP2,0
KIAA0319,0
CEP350,0
PPP1R26,0
CEP170,0
LRIG2,0
PSMD6,0
MED24,0
MAGI2,0
TRIL,0
TRIM66,0
PJA2,0
TOMM70,0
SETDB1,0
AREL1,0
SEC24D,0
FCHSD2,0
TLK1,0
URB1,0
ZC3H11A,0
TOX4,0
DDX46,0
ZBTB39,0
TRANK1,0
TBC1D4,0
POM121,0
LRRC37A,0
OSBPL2,0
RHOBTB1,0
SMG7,0
ZBED4,0
PLPPR4,0
NUAK1,0
SNAP91,0
TELO2,0
TECPR2,0
FIG4,0
WASHC5,0
UBAP2L,0
SV2B,0
SV2A,0
SRGAP3,0
MRC2,0
KLHL21,0
RBM19,0
SGSM2,0
SLC35E2A,0
AP5Z1,0
G3BP2,0
DENND4B,0
RABGAP1L,0
TMCC2,0
ARHGAP44,0
SUPT7L,0
ATP2C2,0
ARNT2,0
FAM20B,0
NCAPD2,0
SEC16A,0
KBTBD11,0
RNF10,0
IQSEC1,0
ZBTB40,0
PAN2,0
ZBTB5,0
LPGAT1,0
MFN2,0
KIF14,0
JOSD1,0
HELZ,0
PUM3,0
P2RY14,0
MAFB,0
CD302,0
DCLRE1A,0
ARHGAP25,0
RBM8A,0
DLEC1,0
EXOG,0
XYLB,0
OXSR1,0
GFPT2,0
CRYZL1,0
MAGEC1,0
WDR1,0
AMMECR1,0
GOLGA5,0
HS3ST4,0
HS3ST3B1,0
HS3ST3A1,0
HS3ST2,0
HS3ST1,0
USP15,0
USP3,0
MVP,0
SLC23A2,0
SLC23A1,0
FGF19,0
TNFSF15,0
THRAP3,0
MED12,0
MED13,0
NR1I3,0
NR1H4,0
NUP153,0
CCS,0
NR1D2,0
RBX1,0
DOP1B,0
FGFBP1,0
THOC1,0
REC8,0
RCE1,0
HNRNPDL,0
DMTF1,0
PPP4R1,0
SLC12A6,0
PTBP3,0
KCNE2,0
DGCR2,0
CASP8AP2,0
SCO2,0
AKT3,0
MED6,0
NR2E3,0
NAALAD2,0
NAALADL1,0
ACOT8,0
ABI1,0
GNPDA1,0
KCNE3,0
ZBTB33,0
TANK,0
SRA1,0
HDAC6,0
HDAC5,0
PDCD6IP,0
PDCD6,0
BCL2L10,0
BCL2L11,0
SH2B3,0
GNE,0
HCN4,0
INSL5,0
FRAT1,0
TROAP,0
MED16,0
PIGK,0
CHAF1A,0
PARP2,0
PARP3,0
TOM1L1,0
HMGXB4,0
TOM1,0
SH2D3C,0
SH2D3A,0
MAMLD1,0
CST8,0
RANBP9,0
DNAJB6,0
SLC17A4,0
SMC4,0
GJC1,0
AP1M2,0
UBA2,0
SAE1,0
FARSB,0
ABCC5,0
ABCB6,0
DNM1L,0
ABCC9,0
ABCF2,0
NR1H3,0
COX17,0
SCAMP2,0
SCAMP3,0
IL18BP,0
RWDD2B,0
MUC12,0
DPP3,0
SNUPN,0
HUWE1,0
PTPRU,0
TSPAN32,0
TSSC4,0
ATP9A,0
PDCD7,0
GPC6,0
USH1C,0
PQBP1,0
EDIL3,0
HHLA1,0
CERT1,0
KCNK7,0
UST,0
ARPC5,0
ARPC4,0
ARPC3,0
ARPC1B,0
ACTR3,0
ACTR2,0
TSPAN5,0
TSPAN3,0
TSPAN2,0
NUBP2,0
TSFM,0
TSPAN1,0
PPIF,0
CTDSP2,0
TRIM10,0
ARPC2,0
SGK2,0
RAD50,0
KIF20A,0
PREB,0
HIPK3,0
FEM1B,0
ENAM,0
ACTR1B,0
ACTR1A,0
ARL4C,0
ARL4A,0
RASGRP1,0
DNAL4,0
ZNF263,0
LRPPRC,0
FRY,0
PDIA6,0
TRAP1,0
OPTN,0
BCAP31,0
NAMPT,0
CELA3A,0
RBM12,0
YAF2,0
ARFRP1,0
TOB1,0
LINC01587,0
AKAP9,0
CLEC3A,0
FAM13A,0
G3BP1,0
SUGP2,0
EBI3,0
ADGRG2,0
MBNL2,0
ABI2,0
CEBPZ,0
PLXNC1,0
TRIM28,0
RASA4,0
AASS,0
PDZK1IP1,0
ATP6AP2,0
FARP1,0
LPAR6,0
LPCAT3,0
WASF2,0
CHST4,0
SLC25A13,0
SLC25A15,0
ZNF197,0
SERF2,0
DHRS9,0
RCL1,0
ZNF256,0
SORBS3,0
CNIH1,0
TENM1,0
RBM7,0
RBM6,0
RBM5,0
LHFPL2,0
LHFPL6,0
TNK2,0
ALYREF,0
TXNDC9,0
RNF41,0
TSHZ1,0
ALG3,0
PRMT3,0
PSME3,0
MPHOSPH9,0
MPHOSPH10,0
MPHOSPH6,0
NME6,0
DHRS2,0
CALCRL,0
NUTF2,0
MPZL2,0
TRIM13,0
PATJ,0
USPL1,0
EIF1,0
TOPORS,0
FLOT1,0
DDX39A,0
PSMD14,0
SSX3,0
OLIG2,0
PRG4,0
CTDSPL,0
ANGPTL7,0
KLRG1,0
GDF11,0
TRIB1,0
GPA33,0
ZNF443,0
PLIN3,0
MFSD10,0
STX6,0
COQ7,0
RCAN2,0
MSLN,0
LRRC23,0
RASGRP2,0
HNRNPR,0
SLC35B1,0
DCAF7,0
AP3S2,0
MRPS31,0
CALCOCO2,0
KCNMB2,0
GPHN,0
RABEPK,0
TIMM17B,0
SLC17A2,0
RIDA,0
POP7,0
GLYAT,0
SRRM1,0
SPRY3,0
SPRY1,0
SPRY2,0
STAM2,0
HCG9,0
CNKSR1,0
ABCC4,0
DENND4A,0
IGSF6,0
SF3B4,0
CDK2AP2,0
IRX5,0
RAMP2,0
RAMP1,0
RAMP3,0
ZMPSTE24,0
AKAP8,0
FSTL3,0
STUB1,0
STAG1,0
NET1,0
UBE4B,0
EFS,0
PRSS16,0
SIGMAR1,0
DSCR4,0
BET1,0
CWC27,0
SAP18,0
SMNDC1,0
BCAS2,0
RGS19,0
LILRB2,0
EIF1B,0
SPEG,0
SF3A1,0
TRAIP,0
DNAJA2,0
BCKDK,0
MAEA,0
APC2,0
PAK4,0
MARCHF6,0
KATNB1,0
DLEU1,0
SNAPC5,0
APBB3,0
ZNF267,0
CCNO,0
VPS26C,0
TCIRG1,0
RTN3,0
LANCL1,0
NMUR1,0
B3GALT5,0
TNIP1,0
IKZF1,0
CRISP3,0
SMYD5,0
KLHL41,0
RRAGB,0
SIRPB1,0
AKR1A1,0
EMC8,0
RXYLT1,0
CNPY2,0
B3GNT3,0
CLEC4M,0
TLR6,0
MRVI1,0
PCGF3,0
TFG,0
PKDREJ,0
CCL26,0
TRDN,0
TRIM22,0
ABCA7,0
ABCA10,0
ABCA9,0
ABCA8,0
WARS2,0
NPM3,0
NPM2,0
HMG20B,0
HMG20A,0
KLF2,0
MICU1,0
CACNG3,0
CACNG2,0
CITED2,0
SEMA3A,0
TUBA1B,0
IRF9,0
BPNT1,0
TUBB4A,0
TUBB4B,0
BTN3A3,0
BTN2A2,0
SYCP2,0
SCML2,0
CEPT1,0
CORO2B,0
NOD1,0
ANAPC10,0
PRG3,0
DLC1,0
ATP8A1,0
NDRG1,0
MYL9,0
RACK1,0
PEMT,0
PIAS3,0
ST3GAL6,0
NDC80,0
CPQ,0
WFDC2,0
SPAG11B,0
MYCNOS,0
BASP1,0
IFITM3,0
RAPGEF3,0
NSA2,0
YAP1,0
SPON1,0
PRMT5,0
TESK2,0
CD2BP2,0
UBAC1,0
CDIPT,0
PGRMC2,0
ARIH2,0
TUBGCP3,0
SEC24B,0
CFDP1,0
TMEM147,0
RBM14,0
LYPLA1,0
CDC42EP2,0
EMG1,0
IFI30,0
C1D,0
OLFM1,0
TIMM17A,0
N4BP2L2,0
ZER1,0
MCRS1,0
LRRN2,0
FAM3C,0
ACAA2,0
PPIE,0
VAV3,0
TOMM40,0
TAB1,0
ECI2,0
HAX1,0
GPNMB,0
BAIAP2,0
MAD2L2,0
TACC3,0
MERTK,0
CLEC10A,0
SLC30A9,0
PIBF1,0
PPIH,0
COG5,0
ZNHIT1,0
FST,0
TIMM44,0
PFDN6,0
ZBTB18,0
HMGN4,0
TADA3,0
TRIM38,0
ATP5PD,0
UBE2E3,0
SLC25A17,0
SLC9A6,0
EIF3M,0
NXF1,0
SEC23B,0
SEC23A,0
C1orf61,0
CAP2,0
CAP1,0
CREB3,0
LRRC41,0
VTI1B,0
CRTAP,0
SYNCRIP,0
VAT1,0
STK25,0
ENOX2,0
UNC13B,0
CARM1,0
NCOA2,0
SEMA6C,0
SEMA6B,0
SEMA4F,0
SEMA4D,0
SEMA4B,0
APPBP2,0
MYBBP1A,0
FBLN5,0
FBXW10,0
CIB2,0
CIB1,0
ZNF211,0
DDX17,0
DEAF1,0
CHERP,0
KAT5,0
HYOU1,0
IPO8,0
IPO7,0
NOP56,0
NEBL,0
PITRM1,0
ATG7,0
ZNRD2,0
RNASEH2A,0
P3H3,0
UBD,0
BATF,0
GLRX3,0
DCTN2,0
ANP32B,0
LAMTOR5,0
PROCR,0
TM9SF1,0
PRDX4,0
ARL6IP5,0
AGR2,0
ARPC1A,0
HTATIP2,0
AGPAT1,0
AGPAT2,0
RPP30,0
RPP38,0
SPTLC1,0
SLC35A1,0
SLC19A2,0
IFI44,0
OLFM4,0
CXCL13,0
ARFGEF2,0
ARFGEF1,0
AKAP3,0
RABAC1,0
SLC34A2,0
SLU7,0
DPYSL4,0
SIVA1,0
MRPL28,0
CCT7,0
CCT4,0
CCT2,0
NPC2,0
GNLY,0
TACC2,0
SORBS1,0
IFITM2,0
COLEC10,0
POMT1,0
MAB21L2,0
TXNRD2,0
MTHFS,0
DRAP1,0
SCGN,0
DNPH1,0
SMC2,0
PRPF8,0
ERN2,0
TRAPPC2B,0
AHSA1,0
SLCO1B1,0
USP16,0
CDC42EP3,0
SH2B2,0
PAIP1,0
PAICS,0
TBL3,0
MXD4,0
P3H4,0
ST6GALNAC2,0
PDLIM5,0
TRIM3,0
ERLIN1,0
HEXIM1,0
SPAG5,0
RBCK1,0
STAMBP,0
TGOLN2,0
ARID3B,0
POLR3F,0
POLR3G,0
POLR3C,0
IVNS1ABP,0
TRIM16,0
MYL12A,0
TXNIP,0
TAF6L,0
PDPN,0
POSTN,0
ATP5MG,0
RASL10A,0
GAS2L1,0
RAD51AP1,0
RGS14,0
LEFTY1,0
Unnamed: 7245,0
EXOC5,0
NPRL2,0
IGF2BP1,0
IGF2BP3,0
IGF2BP2,0
CAMKK2,0
SCGB1D2,0
PRELID3A,0
MTX2,0
YKT6,0
SPINT2,0
PMVK,0
DMRT2,0
KHDRBS3,0
KHDRBS1,0
CELF1,0
CELF2,0
LBX1,0
KLF1,0
CXCR6,0
CTCF,0
TSBP1,0
CD226,0
FARS2,0
CGRRF1,0
CGREF1,0
RRAGA,0
DCTN6,0
GNA13,0
TNFSF13B,0
CSPG5,0
AVIL,0
B3GNT2,0
GNB5,0
EBP,0
DLL3,0
CLDN16,0
PNMA2,0
FUT9,0
GMEB1,0
RRH,0
CCT6B,0
CCT8,0
CNPY3,0
CORIN,0
FAM189B,0
USP39,0
POLD3,0
CERS1,0
TBR1,0
AP4B1,0
NRG3,0
UGT2B11,0
POLQ,0
SLC12A7,0
OGA,0
NFAT5,0
NUDC,0
PTGES3,0
YME1L1,0
TCFL5,0
PLK4,0
STAG3,0
STAG2,0
SIX2,0
RFPL3S,0
RFPL3,0
RFPL2,0
RBBP9,0
RAI2,0
RAI1,0
PTTG2,0
PHTF1,0
MAP3K2,0
MASP2,0
KIF1C,0
GRAP,0
CHL1,0
CAPN9,0
GIPC1,0
TRAF3IP2,0
PLAC1,0
NUP50,0
NES,0
KDM5B,0
TOB2,0
HBS1L,0
AHCYL1,0
PLK2,0
ZMYND11,0
SRSF10,0
ZBTB6,0
POP4,0
ARPP19,0
ARPP21,0
ZNF234,0
ZNF266,0
ZNF274,0
NEK6,0
WDR4,0
SLC17A3,0
NCKAP1,0
IQGAP2,0
VAMP5,0
ZNF273,0
ZNF460,0
ZNF268,0
MTHFD2,0
OR5I1,0
RPP40,0
CYSLTR1,0
SEPTIN9,0
SEC24A,0
CCR9,0
GJB6,0
SDCCAG8,0
ENTR1,0
HSPH1,0
STARD10,0
WASF3,0
UTP14A,0
CPLX2,0
CPLX1,0
FRS3,0
FRS2,0
DIAPH2-AS1,0
NEU3,0
FAXDC2,0
FAM114A2,0
ZNF275,0
ALDH1L1,0
FTCD,0
PPP1R17,0
TUBGCP2,0
CLPX,0
PDE10A,0
SRCAP,0
PPP1R13L,0
CD3EAP,0
CCL27,0
HPSE,0
RUVBL2,0
PGRMC1,0
CYP46A1,0
LILRB1,0
SLC26A1,0
ADAM28,0
SLC22A7,0
ARID5A,0
HCP5,0
USP20,0
USP19,0
HCST,0
CD300C,0
ME3,0
NMU,0
FGL2,0
EDDM3A,0
CFHR4,0
CFHR3,0
SMR3B,0
ACTL7B,0
ACTL7A,0
C1QL1,0
MRPS30,0
WDR3,0
NPFFR2,0
PROKR1,0
GPR83,0
RAB10,0
PPARGC1A,0
MALT1,0
MMP24,0
LYVE1,0
OCLM,0
YIF1A,0
CPSF4,0
JTB,0
RUNDC3A,0
DHRS4,0
BRD8,0
MTMR11,0
BLCAP,0
MAN1A2,0
TRAFD1,0
TXNL4A,0
PNPLA6,0
SUGT1,0
UTS2,0
GADD45G,0
EDAR,0
PAPOLA,0
TCERG1,0
MAGED2,0
BTNL3,0
EHMT2,0
COPS8,0
RNPS1,0
FASTK,0
SUB1,0
SMPDL3A,0
DBF4,0
SPIN1,0
RALBP1,0
SRSF8,0
APOBEC2,0
MORF4L1,0
PRDX3,0
GPR75,0
EHD1,0
AFG3L2,0
POP1,0
UGT2A1,0
PRSS21,0
MSL3,0
C11orf58,0
KDELR1,0
SF3A3,0
AP3M2,0
STARD3,0
HNRNPA0,0
BTG3,0
CBX1,0
SEC61B,0
TOMM34,0
PDIA5,0
SERINC3,0
OS9,0
PNRC1,0
TMED2,0
LMAN2,0
ERP29,0
MLLT11,0
STIP1,0
ACOT2,0
RAB40B,0
EBNA1BP2,0
CKAP4,0
YWHAQ,0
TMED10,0
ASCC3,0
ADIRF,0
UQCR11,0
CLP1,0
FERMT2,0
COPS6,0
RAB32,0
MAPRE2,0
CCNI,0
KCNQ1OT1,0
GCN1,0
COPS5,0
METAP2,0
IMMT,0
LILRB5,0
SLC38A3,0
SF3B2,0
SDS,0
ILVBL,0
SLC27A5,0
SLC27A4,0
SLC27A3,0
SLC27A2,0
KIF2C,0
SPINK5,0
LILRB4,0
CCDC85B,0
IL24,0
GLIPR1,0
TLK2,0
KLK11,0
TMSB15A,0
KDELR2,0
KDELR3,0
ATF7,0
SNRNP27,0
TMED1,0
LIAS,0
IFT27,0
RAB35,0
TDRKH,0
VAX1,0
LILRA1,0
LILRB3,0
LILRA2,0
RBPMS,0
RAB31,0
ADAP1,0
DSTN,0
RIPK3,0
GTF2A1L,0
STON1,0
PIM2,0
B4GAT1,0
MID2,0
TENT4A,0
UPK1A,0
SLC35D2,0
ADRM1,0
NUDT21,0
CPSF6,0
OGFR,0
ZPBP,0
DDX52,0
ABHD2,0
WWP1,0
WWP2,0
CNMD,0
DUS4L,0
SOX30,0
CNTRL,0
UBE2C,0
SNRNP35,0
DEPP1,0
CYB561D2,0
RAPGEF4,0
TMEM115,0
DUSP14,0
TOPBP1,0
TRIM31,0
STMN2,0
TPPP,0
HSF2BP,0
TRIOBP,0
RER1,0
DNAJB4,0
KERA,0
ESM1,0
DIDO1,0
ADAM30,0
ADAM29,0
WDR5,0
SPACA9,0
ADAMTS13,0
CACFD1,0
ADAMTS8,0
ADAMTS5,0
NUP42,0
PRSS23,0
PTPN21,0
HNRNPUL1,0
ATE1,0
RPP14,0
KRR1,0
KATNA1,0
PRDM7,0
PRDM5,0
PRDM4,0
HIBADH,0
CIT,0
FGFR1OP,0
EMILIN1,0
BTN3A2,0
BTN3A1,0
BTN2A1,0
PTPRT,0
RCAN3,0
FAF1,0
CD160,0
KIF3A,0
POLR3A,0
CLASRP,0
ZWINT,0
CAPN11,0
CAPN10,0
KPTN,0
CDC42EP1,0
SLC7A9,0
PWP1,0
TBC1D8,0
CDC37,0
IL1RAPL1,0
PKIG,0
KAT7,0
DMC1,0
PLAAT3,0
GLMN,0
HHLA3,0
HHLA2,0
BVES,0
CORO1A,0
WDR45,0
FICD,0
AP4S1,0
PTP4A3,0
LSM6,0
RABL2B,0
RABL2A,0
ERLIN2,0
ERG28,0
NUDT6,0
NUDT4,0
NUDT5,0
NUDT3,0
SOX21,0
FSTL1,0
PSIP1,0
WDHD1,0
FAM107A,0
STRAP,0
INSL6,0
ADAMTS7,0
ADAMTS6,0
BAZ2A,0
BAZ1A,0
LZTS1,0
ZNF277,0
WDR6,0
TREH,0
SLC2A6,0
MAP4K5,0
MAP4K1,0
INMT,0
RASSF1,0
PKP3,0
NISCH,0
CELF3,0
CEP250,0
WBP4,0
ABCB8,0
SEC23IP,0
WIF1,0
SUPT16H,0
ANXA10,0
CHEK2,0
POLI,0
KLK8,0
FZD10,0
PLPBP,0
IRAK3,0
AKAP13,0
AKAP11,0
AKAP10,0
Unnamed: 7685,0
DDX20,0
TREX2,0
DUSP10,0
MRPL3,0
RPL35,0
GALNT6,0
GALNT5,0
RASSF8,0
PRAF2,0
SEC63,0
POLG2,0
HPS5,0
PDCD10,0
RNF139,0
RNF24,0
CA5B,0
PADI2,0
PMF1,0
ZHX1,0
GPR176,0
NXPH4,0
NXPH3,0
NXPH2,0
GPR45,0
PTGDR2,0
PACSIN2,0
MAN1B1,0
SLC6A14,0
HRH3,0
TP53TG1,0
DCTN3,0
FILIP1L,0
XPOT,0
CHP1,0
SP140,0
PXMP4,0
DUSP12,0
SNF8,0
DDX19B,0
NRM,0
PRR4,0
ATXN2L,0
USP18,0
KLHL2,0
SYNRG,0
TREX1,0
KLF12,0
KLF8,0
SCN11A,0
POU6F2,0
MGAT4B,0
CYP4F8,0
PNKP,0
B4GALT7,0
SLCO2B1,0
VPS45,0
LYPLA2,0
CD300A,0
PARK7,0
COPE,0
RBPJL,0
GPR182,0
ECD,0
MGAT4A,0
GPN1,0
TMC6,0
DDX42,0
VSIG4,0
FKBP9,0
STK38,0
PHB2,0
ACOT7,0
PDAP1,0
TUSC2,0
CBX3,0
EXOC3,0
GABARAP,0
U2AF2,0
OIP5,0
EXOSC8,0
SCRG1,0
RNF13,0
MGLL,0
TWF2,0
GABARAPL2,0
SYNPO,0
CASC3,0
COG2,0
TFEC,0
LAMB4,0
RRAS2,0
ITGA11,0
CLCA4,0
XRN2,0
IKZF3,0
IKZF2,0
MRAS,0
ATF5,0
COPZ1,0
COPG1,0
RASA3,0
PHLDA1,0
MTF2,0
HSPA4L,0
DNAJC8,0
PUF60,0
SCAF8,0
NLGN4Y,0
CEP162,0
ZNF652,0
ZFP30,0
RHOBTB3,0
COBLL1,0
RNF44,0
DLGAP4,0
RAB11FIP2,0
PPM1E,0
FRMPD1,0
DOLK,0
VASH1,0
ZNF507,0
AAK1,0
CPEB3,0
ADNP2,0
ANKRD26,0
LMTK2,0
NTNG1,0
CHSY1,0
ICK,0
ADGRL1,0
NLRP1,0
FNDC3A,0
ATG14,0
R3HDM2,0
SLITRK3,0
CNKSR2,0
FASTKD2,0
ZNF510,0
PPP6R1,0
NLGN1,0
SEC31A,0
DZIP1,0
PLEKHA6,0
ENPP4,0
INPP5F,0
MLXIP,0
TRAPPC8,0
MON1B,0
MORC2,0
ANKRD6,0
ZHX2,0
CLSTN1,0
WDR37,0
ABLIM3,0
FOXJ3,0
UBOX5,0
KHDC4,0
ZBTB1,0
ZNF365,0
BAHD1,0
DIS3,0
RPH3A,0
CEP164,0
DENND3,0
ARHGEF15,0
CARD8,0
ARSG,0
RUFY3,0
BTBD3,0
SBNO2,0
EPN2,0
TRAK1,0
DHX30,0
SACM1L,0
FAN1,0
WDR47,0
RALY,0
KLRK1,0
MMRN1,0
NCBP2,0
ZP1,0
CD93,0
MAPRE1,0
KIFAP3,0
MSRB2,0
MAPRE3,0
PLA2R1,0
ATF6,0
HABP4,0
SEPHS2,0
SEPHS1,0
RAB3GAP1,0
RAB18,0
POMZP3,0
SIRT2,0
RPIA,0
ELL2,0
SCAP,0
SNW1,0
SHANK2,0
DKK1,0
KIN,0
CCT5,0
PTGR1,0
SLC4A1AP,0
CYP2G1P,0
P2RX2,0
TRIM32,0
SCMH1,0
TPX2,0
PAXIP1,0
AKR7A3,0
NT5C2,0
EFR3B,0
TCF25,0
NINL,0
DIP2C,0
MAST1,0
PDCD11,0
ACIN1,0
SORCS3,0
SV2C,0
MYH15,0
PCNX1,0
KDM2A,0
HMGXB3,0
CEP131,0
CEP152,0
TTC39A,0
IGSF9B,0
LIMCH1,0
RIMS1,0
WDFY3,0
DAAM1,0
MAPKBP1,0
PLCH1,0
KLHDC10,0
RAB21,0
STK38L,0
SPEN,0
FBXO21,0
GOLGA8A,0
EXOSC7,0
FAIM2,0
CNOT1,0
SNRNP200,0
PALLD,0
TMCC1,0
PDZRN3,0
UNC13A,0
MYO16,0
KDM1A,0
RBM34,0
KDM4B,0
MAST3,0
USP33,0
DOP1A,0
SAMD4A,0
PHLPP2,0
ZNF292,0
PDZD2,0
WDTC1,0
XPO7,0
MYT1L,0
MON2,0
PDXDC1,0
TNIK,0
KIF21B,0
PDS5B,0
FNBP1,0
SMG1,0
ZHX3,0
ENDOD1,0
ZSWIM8,0
NCOA6,0
NMNAT2,0
CLUAP1,0
ZNF609,0
TBC1D9B,0
GGA2,0
WAPL,0
SETX,0
EMC1,0
CAND2,0
SETD1B,0
CMTR1,0
ERP44,0
HECW1,0
UHRF1BP1L,0
SWAP70,0
RRP1B,0
MYCBP2,0
VWA8,0
AVL9,0
KDM4C,0
PPRC1,0
ERC1,0
EXPH5,0
TRIM35,0
PEG10,0
ZNF423,0
ZC3H13,0
ARHGAP26,0
TTLL5,0
SIPA1L3,0
KIF1B,0
IQSEC2,0
CDK19,0
SARM1,0
ZBTB43,0
MCF2L2,0
TBC1D2B,0
FSTL4,0
MRPS27,0
RAP1GAP2,0
DDN,0
SPART,0
TNRC6B,0
CUL9,0
NFASC,0
TOGARAM1,0
NPIPB3,0
TAB2,0
HIC2,0
ATP10B,0
CLASP2,0
CAMTA2,0
POGZ,0
COLGALT2,0
PLXND1,0
ATG2A,0
GPATCH8,0
RAD54L2,0
PHF8,0
KDM6B,0
EPB41L3,0
SMC5,0
N4BP3,0
MAST2,0
ZZEF1,0
ANKLE2,0
DCUN1D4,0
LRCH1,0
ZC3H3,0
SSPO,0
NACAD,0
FCHO1,0
FRMD4B,0
GRAMD4,0
CIC,0
NCDN,0
CLCC1,0
SEPTIN6,0
TBC1D9,0
WDR43,0
SNX13,0
MAPK8IP3,0
GGA3,0
MPRIP,0
NUP205,0
STAB1,0
EFR3A,0
RTF1,0
SLC35D1,0
TTLL12,0
GPD1L,0
ABRAXAS2,0
METAP1,0
ZCCHC14,0
LPIN1,0
SEPTIN8,0
CEP68,0
PASK,0
RGL1,0
RFTN1,0
DIP2A,0
MESD,0
LARP4B,0
RCOR1,0
PHLDB1,0
KANK1,0
UBXN4,0
CYFIP1,0
ATG4B,0
GANAB,0
FBXL7,0
MDN1,0
FAM120A,0
FAF2,0
PSME4,0
GSE1,0
ATP11B,0
FAM168A,0
PMPCA,0
ARL6IP1,0
ACSBG1,0
PLEKHM2,0
SYT11,0
MLC1,0
JMJD6,0
ZC3H4,0
RRS1,0
SULF1,0
XPO6,0
PRRC2C,0
TBC1D1,0
ZFR2,0
NBEAL2,0
FBXO28,0
DTX4,0
RHOBTB2,0
RRP12,0
SYNE2,0
NUP210,0
PLCL2,0
ARHGEF9,0
VPS13A,0
SEL1L3,0
TBC1D12,0
EXOC6B,0
DNAJC9,0
SIK2,0
PLCB1,0
PHLPP1,0
TMEM131L,0
PACS2,0
COBL,0
ANKRD28,0
PDS5A,0
ASTN2,0
BOP1,0
KIAA0556,0
RPRD2,0
ATP11A,0
MINAR1,0
OTUD3,0
ANKRD12,0
KAZN,0
MTCL1,0
SCFD1,0
DENND5A,0
DDHD2,0
CAMTA1,0
PPIP5K2,0
MCF2L,0
ZC3H7B,0
EXOC7,0
ADGRL2,0
DNMBP,0
MGA,0
TSPYL4,0
CAMSAP2,0
TASOR,0
CLEC16A,0
POFUT2,0
KLHL18,0
CLUH,0
NUP160,0
MTUS2,0
CSTF2T,0
ADGRL3,0
KIAA1107,0
WWC1,0
AGTPBP1,0
IQCE,0
FBXW11,0
SMG6,0
ANKS1A,0
MGRN1,0
BICD2,0
ATMIN,0
EHBP1,0
WSCD1,0
KIF13B,0
UBR2,0
ACSL6,0
NEMP1,0
FKBP15,0
ICOSLG,0
SIN3B,0
NCAPD3,0
DMXL2,0
KIAA0930,0
SATB2,0
SLC9A8,0
CUX2,0
DNAJC13,0
TUT4,0
TRIM2,0
RPGRIP1L,0
MAN2B2,0
WASHC4,0
USP22,0
NEDD4L,0
SASH1,0
TBC1D30,0
TTC28,0
CLASP1,0
DPY19L1,0
SZT2,0
WDR7,0
SYNM,0
JADE2,0
VPS39,0
DNAJC16,0
ESYT1,0
SYNE1,0
SMCHD1,0
DOCK9,0
PHF24,0
U2SURP,0
KHNYN,0
UBR4,0
SUN1,0
HAUS5,0
VPS8,0
ANGEL1,0
USP24,0
FAM189A1,0
FNBP4,0
ZNF629,0
PSD3,0
OBSL1,0
ARHGEF12,0
KIAA0895,0
LARP1,0
PPP1R13B,0
PUM2,0
ARHGEF18,0
TNS2,0
CRTC1,0
UFL1,0
RRP8,0
ICE1,0
SRGAP2,0
SMG5,0
AHCYL2,0
MAU2,0
SPECC1L,0
NCSTN,0
NUDCD3,0
SIK3,0
MED13L,0
ZDHHC17,0
ECPAS,0
ADNP,0
LARS2,0
PIP5K1C,0
NCAPH,0
PPWD1,0
CTDNEP1,0
ATP13A2,0
FRAT2,0
FBXO46,0
EXOSC2,0
DICER1,0
COTL1,0
SIRT5,0
SIRT4,0
SIRT3,0
SIRT1,0
COMMD3,0
NCS1,0
ZFPM2,0
KCNH4,0
KCNH3,0
MLYCD,0
CRB1,0
NOMO1,0
ITGB3BP,0
TMED3,0
TDRD7,0
GRIP1,0
SLC7A8,0
RYBP,0
TPSD1,0
AP4E1,0
GPR161,0
RHOQ,0
LINC01565,0
TARDBP,0
CELA3B,0
HARS2,0
ATP1B4,0
OTP,0
SLC35A3,0
SLC44A1,0
SF3B3,0
SF3B1,0
ANGPTL2,0
ABCB10,0
ABCB9,0
ABCA6,0
ABCA5,0
HEY1,0
ICMT,0
GCAT,0
CBX6,0
NPTXR,0
CBX5,0
PHF3,0
TRAM1,0
CAPN7,0
ETHE1,0
QPRT,0
BRD4,0
SEC11A,0
ISCU,0
SEC61G,0
PES1,0
TGDS,0
LEPROTL1,0
CES3,0
CBX7,0
HEY2,0
TNFRSF13B,0
HAAO,0
MACF1,0
DAAM2,0
ZFYVE26,0
RIMBP2,0
TMEM131,0
BICRAL,0
LRRC8B,0
TTC9,0
POFUT1,0
KCTD2,0
NUP188,0
SUZ12,0
SCRIB,0
SPIDR,0
MORC3,0
SLC39A14,0
MTREX,0
R3HDM1,0
ANP32D,0
RPL13A,0
KAT6B,0
CABIN1,0
SRRM2,0
ARHGAP45,0
ACAP2,0
ZNF281,0
CLCF1,0
NNT,0
MMD,0
PRAME,0
PIK3R5,0
TNPO3,0
ADAT1,0
OR52A1,0
SLC16A8,0
SEC14L2,0
MAPK8IP2,0
RBFOX2,0
SEZ6L,0
ATP6V0A2,0
SYNGR4,0
LILRA4,0
TTC33,0
DNPEP,0
PSD4,0
RASD2,0
CDK20,0
HYAL4,0
TSPAN12,0
TSPAN15,0
PIGN,0
SNAPIN,0
WBP2,0
WBP1,0
GTPBP4,0
CLDN14,0
CHST5,0
DDAH2,0
LPAR3,0
ZNF346,0
ARL2BP,0
PADI4,0
DDAH1,0
CDC42EP4,0
CASP14,0
CCNDBP1,0
SMUG1,0
VSIG2,0
TMEM50A,0
DDX58,0
ELP5,0
KLHDC2,0
CARHSP1,0
PDSS1,0
FAM215A,0
LEMD3,0
HEBP2,0
ORC6,0
ORC3,0
OPN3,0
ACOT9,0
PATZ1,0
AMACR,0
CLEC5A,0
CORO1C,0
DAPK2,0
CD2AP,0
MKRN1,0
MKRN2,0
PHLDA3,0
ZMYND8,0
SH3BP1,0
ZIM2,0
NTSR2,0
BACE1,0
RUSC1,0
CBLC,0
FAM89B,0
SPO11,0
PRND,0
CA14,0
KPNA6,0
SSBP2,0
NUP62,0
RABGAP1,0
LRRC6,0
HSPBP1,0
LDOC1,0
SNHG1,0
LY96,0
EDC4,0
PPP1R15A,0
PLD3,0
ARFIP2,0
SSBP3,0
POLA2,0
TRIM29,0
PLXNB2,0
SLC7A11,0
LSM5,0
PLA2G15,0
ZKSCAN5,0
CEMIP2,0
TMEFF2,0
STX12,0
SMPX,0
SH3BP4,0
SGK3,0
RAB38,0
PRKD3,0
KCNE4,0
CADM1,0
GSPT2,0
GABARAPL1,0
SHPK,0
TMEM245,0
FRRS1L,0
EID1,0
NPAP1,0
BHMT2,0
AIPL1,0
SDF2L1,0
PPIL2,0
PITPNB,0
PISD,0
OSBP2,0
MAFF,0
IL17RA,0
FLRT3,0
FLRT2,0
FLRT1,0
FKBP8,0
BRD1,0
ARHGAP8,0
APOL2,0
ANKRD62P1-PARP4P3,0
POTEH,0
BCL2L13,0
MTCH1,0
MTCH2,0
KIF4A,0
IFIT5,0
EML2,0
FTSJ1,0
LAMP5,0
TFIP11,0
PANX1,0
CLDN15,0
FJX1,0
PRPF6,0
ZNF318,0
TP53TG3,0
KIAA1549L,0
SHC2,0
H2AP,0
HYPK,0
PRPF40B,0
SLC24A2,0
C22orf31,0
TBC1D22A,0
C22orf24,0
CBY1,0
SUN2,0
DSTYK,0
RASGRP3,0
RAB3GAP2,0
DGCR11,0
DGCR9,0
RAD54B,0
TMEM59L,0
CFAP45,0
NGEF,0
CIZ1,0
FBXO7,0
FSCN2,0
PGLS,0
QPCT,0
BRI3,0
ZNF324,0
SLC39A6,0
GCA,0
LMOD1,0
LSM4,0
BAMBI,0
VAX2,0
RHBDD3,0
TTLL1,0
SAMM50,0
ATXN10,0
TNFAIP8,0
TAFA5,0
KLK5,0
NOCT,0
ARIH1,0
MTO1,0
DNAJB5,0
TPSG1,0
PRDX5,0
BACE2,0
SNORD82,0
FBXL2,0
TXN2,0
TMEM184B,0
SULT4A1,0
HECTD1,0
NBPF14,0
POU2F3,0
MGAT4C,0
NIPBL,0
RAB26,0
COG4,0
METTL7A,0
ABTB2,0
ASF1A,0
MOB4,0
YIPF3,0
PP7080,0
ANAPC13,0
PARM1,0
ZNF345,0
TECPR1,0
ARMC8,0
DCAF12,0
FAM149A,0
BRMS1,0
CATSPERZ,0
PART1,0
WHRN,0
USP49,0
ABHD14A,0
PRKD2,0
SUMF2,0
NEPRO,0
RPL36,0
MPC2,0
LETMD1,0
SPEF1,0
MXRA5,0
DCAF13,0
TMEM186,0
CHRDL2,0
POLR1A,0
POC1A,0
ZNF473,0
ABI3BP,0
PAMR1,0
TRIM58,0
PLEKHG4,0
EEF1AKMT3,0
INTS7,0
RNF19A,0
RCHY1,0
IFFO1,0
CCDC28A,0
MTHFD1L,0
OLFML2B,0
CNOT10,0
ANAPC15,0
TMEM158,0
AHCTF1,0
DPCD,0
C1orf43,0
POT1,0
RTTN,0
NDUFAF3,0
THUMPD3,0
NELFB,0
ZDHHC5,0
ATL3,0
MYRIP,0
ZNF521,0
NOL11,0
CNRIP1,0
SOSTDC1,0
GEMIN5,0
PTPN23,0
CLIC4,0
NIPSNAP3A,0
NSL1,0
WWTR1,0
HEATR5A,0
SAMHD1,0
FAM98A,0
TPGS2,0
SIN3A,0
C20orf194,0
NECTIN3,0
ZNF385A,0
KBTBD2,0
SYF2,0
RWDD3,0
PNKD,0
SEC31B,0
KANK2,0
ADGRA2,0
NUDT13,0
VIRMA,0
TMEM87A,0
C2CD2,0
SH2B1,0
UNC50,0
PARS2,0
MMACHC,0
EGFL6,0
TIPARP,0
NECAP1,0
CHMP2B,0
DHRS7B,0
AAR2,0
DNAH1,0
NGDN,0
KRT23,0
TSKU,0
HINFP,0
ULK3,0
SNED1,0
HIGD1A,0
REXO2,0
IBTK,0
CLIP3,0
TBC1D10B,0
RNF167,0
MOXD1,0
GORASP2,0
C2CD3,0
TKFC,0
ZZZ3,0
SPATS2L,0
TENM4,0
NSMF,0
L3MBTL1,0
RPAP1,0
FAM32A,0
LRIG1,0
UPF2,0
LRP10,0
TMEM98,0
PTCD1,0
PCDHGA12,0
ACOT11,0
PLEKHG3,0
OSBPL3,0
SUSD5,0
ATRNL1,0
IPCEF1,0
GLCE,0
ZNF451,0
SIPA1L1,0
CHD5,0
SS18L1,0
SETBP1,0
UBXN7,0
LRRTM2,0
LTN1,0
CNTNAP2,0
ZNF500,0
FAM169A,0
SLITRK5,0
PPP1R16B,0
DNM3,0
AUTS2,0
SENP6,0
RAB11FIP5,0
ANKRD17,0
GIGYF2,0
ERC2,0
APPL1,0
HACL1,0
DECR2,0
RAI14,0
LSM14A,0
MYRF-AS1,0
RTL8A,0
POLDIP2,0
CFAP61,0
DKFZP434H168,0
FAM230C,0
LINC02249,0
TBC1D29P,0
ARHGEF26,0
KLK13,0
GPSM1,0
GGA1,0
ABHD12,0
HERC4,0
TOR1AIP1,0
CCDC9,0
DCAF4,0
PTPN20,0
CHTOP,0
EDRF1,0
SZRD1,0
WIPI2,0
DKFZP434A062,0
LRIT1,0
PYGO1,0
CCDC69,0
TANC2,0
WSB1,0
LDLRAP1,0
PRPF31,0
EPC2,0
TCTN3,0
FGFR1OP2,0
KIFBP,0
GAPVD1,0
TRPC4AP,0
SERBP1,0
TES,0
ZBTB20,0
LINC00588,0
TTLL3,0
IRF2BP1,0
TRAF3IP1,0
PHF19,0
Unnamed: 8746,0
ZNF658,0
RIBC2,0
NAT9,0
ZNF337,0
KIF26A,0
ABCA12,0
NOC2L,0
RSL1D1,0
GIMAP2,0
IFT172,0
MTG2,0
SPATA31A7,0
RGS22,0
PCDHB5,0
SENP3,0
INTS1,0
TMEM251,0
OR1C1,0
OR1A2,0
FBXW2,0
PTPN22,0
GMEB2,0
SPAG8,0
PITPNC1,0
OR2F1,0
OR2B6,0
OR1J4,0
DGCR5,0
DGCR10,0
FBXL3,0
ARL5A,0
PHGDH,0
STAP1,0
B3GAT3,0
TIAM2,0
LRRC29,0
FBXO2,0
FBXL6,0
FBXL5,0
FBXL4,0
LINC01558,0
LCE2B,0
FAM50B,0
OR2M4,0
OR2L2,0
OR2K2,0
KLHL3,0
KCNG2,0
CLEC4E,0
OPTC,0
CABYR,0
BLOC1S6,0
FBXW8,0
FBXO25,0
FBXO24,0
TSPAN17,0
FBXO22,0
SLC13A4,0
FBXO10,0
FBXO9,0
FBXO8,0
FBXO6,0
FBXO5,0
FBXO4,0
FBXO3,0
HIBCH,0
VPS33B,0
TINF2,0
SACS,0
PLA2G2D,0
IL1RAPL2,0
FGF20,0
ERAL1,0
CLDN17,0
ARFGAP3,0
ANKRD2,0
AK5,0
GALNT8,0
FGF21,0
MYCBP,0
SERGEF,0
EHF,0
GBGT1,0
GAPDHS,0
OR7A17,0
HSPB8,0
GNL3,0
FAM162A,0
LHX6,0
PTPN18,0
SEZ6L2,0
PPP1R14B,0
OR10J1,0
OR8B8,0
OR8G1,0
PLEK2,0
NARF,0
SLC17A5,0
CNNM4,0
CNNM3,0
CNNM1,0
HEYL,0
MYOF,0
CHIC2,0
INTS6,0
TIMM10B,0
TIMM13,0
TIMM10,0
TIMM9,0
TIMM8B,0
AGO1,0
LATS2,0
IL36RN,0
TSPAN16,0
DAZAP1,0
OR12D2,0
OR11A1,0
OR10G3,0
OR10G2,0
OR10H2,0
OR10H1,0
ITGB1BP2,0
AATF,0
RGS17,0
SRPK3,0
PCOLCE2,0
OSTF1,0
MYEOV,0
BSCL2,0
GREM1,0
CKAP2,0
MRPL46,0
OR8B2,0
TBL2,0
VCX,0
ELP4,0
OR7E47P,0
OR7E24,0
OR7C2,0
OR7A5,0
OR7C1,0
OR4D1,0
OR2T1,0
OR2J2,0
OR2H1,0
OR1L3,0
OR1L1,0
NUFIP1,0
RPS6KC1,0
SH3YL1,0
HAVCR1,0
SNORD12C,0
RNU105B,0
SNORA73B,0
SNORD4A,0
SNORA72,0
SNORA71B,0
SNORA71A,0
SNORA70,0
SNORA69,0
SNORA68,0
SNORA67,0
SNORA66,0
SNORA65,0
SNORA64,0
SNORD63,0
SNORD62A,0
SNORD61,0
SNORD60,0
SNORD59A,0
SNORD57,0
SNORD56,0
SNORD53,0
SNORD51,0
SNORD50A,0
SNORD45B,0
SNORD45A,0
SNORD43,0
SNORD42B,0
SNORD41,0
SNORD55,0
SNORD37,0
SNORD36C,0
SNORD35A,0
SNORD33,0
SNORD32A,0
SNORA74A,0
SNORD14A,0
RNU6-1,0
RNU5F-1,0
RNU5E-1,0
RNU5D-1,0
RNU5A-1,0
RNU5B-1,0
RNU4-2,0
RNU4-1,0
SNORD3B-1,0
RNVU1-18,0
RNVU1-7,0
STEAP1,0
SMR3A,0
RANBP6,0
COPG2,0
HBP1,0
NBEA,0
CHORDC1,0
ZNF285,0
SEC22A,0
AP3M1,0
PABPC1,0
AKAP8L,0
RNF11,0
TRUB2,0
GPR160,0
FETUB,0
CYFIP2,0
DNAJC2,0
TCL6,0
USP21,0
FGF22,0
TPK1,0
KCNV1,0
CNPPD1,0
BEX3,0
DNAI1,0
NPTN,0
FOXD3,0
FOXB1,0
MLH3,0
NPHP3,0
ATP2C1,0
ZBTB32,0
ACAD8,0
NOX1,0
SIGLEC7,0
TRMT2A,0
PKD2L2,0
LAT,0
UTP25,0
PELP1,0
SND1,0
ANKRD1,0
NSG1,0
STAU2,0
PPA2,0
GHITM,0
DAPP1,0
VPS41,0
LAMP3,0
TSPAN13,0
LYPD3,0
B9D1,0
RPUSD2,0
MTBP,0
FOXP1,0
B3GAT1,0
UQCRQ,0
ST6GALNAC4,0
CACNG5,0
CACNG4,0
KCNMB3,0
TRAPPC3,0
TAF5L,0
CLUL1,0
CACYBP,0
EIF2AK1,0
ARRDC2,0
ZBTB11,0
DMAC2L,0
SDCBP2,0
FAM155B,0
BBC3,0
PDE7B,0
DKKL1,0
DKK4,0
DKK3,0
DKK2,0
INPP5J,0
AFF4,0
SMC1B,0
CYTH4,0
HSPB7,0
INVS,0
SNX5,0
CPNE7,0
KCNH5,0
TJP3,0
MORC1,0
CIDEB,0
PALD1,0
FILIP1,0
FAM184B,0
DENND2A,0
STK36,0
CPAMD8,0
INTU,0
ZNF777,0
BRPF3,0
RSPH14,0
NDOR1,0
CHIA,0
AGO2,0
NAAA,0
SALL3,0
GLS2,0
PRELID1,0
SLC39A1,0
TUBG2,0
IL36B,0
IL37,0
IL36A,0
SIGLEC9,0
SIGLEC8,0
VPS4A,0
DISC1,0
IL17C,0
IL17B,0
GPR82,0
HCAR1,0
OXGR1,0
GPR78,0
C5AR2,0
TUBGCP4,0
SERP1,0
NMRK2,0
GNMT,0
SULT1C4,0
COQ2,0
ARFIP1,0
ARHGEF16,0
GPKOW,0
GPR162,0
SIT1,0
BBS9,0
CHMP2A,0
SESN1,0
AHDC1,0
RNF115,0
NFU1,0
ERLEC1,0
MMADHC,0
PDCD4,0
KLHL20,0
PCDH17,0
CSDC2,0
CNTN6,0
LSM1,0
LSM3,0
TINAG,0
SULT1B1,0
TEKT2,0
SRPX2,0
VENTX,0
RBMXL2,0
RND1,0
SPINK4,0
R3HCC1L,0
DIMT1,0
SMPDL3B,0
DHDH,0
PDLIM3,0
TP53TG5,0
CRCP,0
ADAMDEC1,0
ZNF544,0
APEX2,0
BMP10,0
RBMS3,0
MOCS3,0
HPGDS,0
ZNF330,0
RAB30,0
PGAP2,0
RBMX,0
BHLHE22,0
TOX3,0
TNRC6A,0
PCDH11X,0
ANGPTL3,0
RPS6KA6,0
ZNF638,0
GOLIM4,0
P2RY10,0
EIF3K,0
HTATSF1,0
UBE2S,0
PRPF19,0
UTP20,0
RRP7A,0
RABGEF1,0
POLL,0
PCSK1N,0
KCNMB4,0
TMEM97,0
STK39,0
TOR1B,0
MCAT,0
APOBEC3C,0
DESI1,0
SGSM3,0
HTRA2,0
MAT2B,0
TOR2A,0
POLM,0
EML4,0
TMEM121B,0
HDHD5,0
CECR3,0
CECR2,0
PCLO,0
PPP2R3B,0
SLCO3A1,0
SLCO1B3,0
CDH20,0
NKIRAS2,0
NKIRAS1,0
CDH19,0
DLL1,0
TRIB2,0
CCDC22,0
DEXI,0
LAMTOR2,0
MRPS28,0
COA3,0
TMEM176B,0
DCPS,0
OSTM1,0
GIT1,0
SLC27A6,0
SNX24,0
SLC6A16,0
BZW2,0
C11orf54,0
AAMDC,0
SPCS1,0
MRPS18B,0
C19orf53,0
ACAD9,0
MRPL42,0
TMEM14A,0
IFT81,0
FLVCR1,0
TMPRSS11E,0
RGCC,0
MCTS1,0
MAGEH1,0
NOB1,0
DBNL,0
NTMT1,0
ASTE1,0
COMMD5,0
MACROD1,0
HIPK2,0
MRPL13,0
KLF15,0
SLC43A3,0
FOXN3-AS2,0
ATAD2,0
CPS1-IT1,0
C16orf72,0
FAM156A,0
TMEM230,0
WDR91,0
ZCCHC4,0
ZC3H7A,0
ZBTB44,0
CCDC113,0
C1GALT1C1,0
SETD2,0
MRPL18,0
LINC00652,0
NDUFAF4,0
MED4,0
CCDC59,0
METTL5,0
CHMP4A,0
GTPBP8,0
PHPT1,0
BABAM1,0
THYN1,0
MRPL15,0
UBE2T,0
TIMM21,0
STXBP6,0
LINC00339,0
MRPL22,0
LGALSL,0
ORMDL2,0
CNIH4,0
RANGRF,0
COMMD9,0
TMEM208,0
SSU72,0
DROSHA,0
DNAJC15,0
N6AMT1,0
CFAP20,0
SCG3,0
NXT1,0
PYCARD,0
FHOD1,0
TBK1,0
C6orf15,0
TAGLN3,0
SAP30BP,0
MYLIP,0
BRD7,0
DDX25,0
CTNNA3,0
CLEC2D,0
PRSS50,0
ANKRD11,0
LGALS13,0
C11orf21,0
CD274,0
RACGAP1,0
UHRF1,0
BLNK,0
USP25,0
PACSIN3,0
TMOD4,0
TMOD3,0
TMOD2,0
CARD10,0
ABT1,0
PARVB,0
NCAPH2,0
CYP2S1,0
OLA1,0
UQCR10,0
YPEL1,0
ZDHHC1,0
ZDHHC8,0
VPREB3,0
REPIN1,0
GRHL1,0
TFCP2L1,0
SENP1,0
TFPT,0
TRPM5,0
ICOS,0
UBN1,0
ALG5,0
NPC1L1,0
ANAPC2,0
CNOT7,0
SNX8,0
SNX10,0
STRN4,0
GNL2,0
RBM15B,0
PSMC3IP,0
CPSF1,0
MYLPF,0
TRA2A,0
GPSM2,0
SAC3D1,0
FAM216A,0
CCDC106,0
EEF2K,0
ST8SIA5,0
SNX15,0
GPR171,0
HOOK2,0
UBIAD1,0
HCFC2,0
SNX11,0
RMC1,0
PYCR2,0
NME7,0
HILPDA,0
EPN1,0
GMPPB,0
GMPPA,0
SEC61A1,0
TIMM22,0
ALG6,0
PCDHB1,0
GPR132,0
SNX12,0
RPA4,0
NENF,0
DSE,0
PKN3,0
PURG,0
PADI1,0
PNMA3,0
ANAPC4,0
SERTAD3,0
DNMT3L,0
OSGIN1,0
IL19,0
SERTAD1,0
PDZRN4,0
DPP7,0
TRHDE,0
POMT2,0
CERS2,0
SLC25A24,0
DMGDH,0
NRBP1,0
MRM2,0
PRICKLE4,0
CDIP1,0
STRN3,0
LRP12,0
PSAT1,0
MDFIC,0
SCHIP1,0
A1CF,0
UBQLN2,0
UBQLN1,0
DONSON,0
NRBF2,0
RHOD,0
SLC39A3,0
SLC39A2,0
SLC2A8,0
OBP2B,0
PILRB,0
OBP2A,0
PILRA,0
PACSIN1,0
BAZ2B,0
LMCD1,0
NOP53,0
BICRA,0
FSCN3,0
TNPO2,0
ERO1A,0
EFEMP2,0
NXPH1,0
SH3KBP1,0
TLX3,0
SPANXA1,0
SLC40A1,0
RAX,0
HUNK,0
SOX8,0
VSX1,0
PLA2G2E,0
ST6GALNAC6,0
ERVW-1,0
ADGRE2,0
KCNIP3,0
KCNIP2,0
KCNIP1,0
CXXC1,0
ZNF354C,0
NT5C,0
ZNRD1,0
CD209,0
DNTTIP2,0
SOCS7,0
EHD4,0
EHD3,0
EHD2,0
CTAG2,0
PIK3R4,0
CDR2L,0
TAX1BP3,0
STOML2,0
KLK14,0
KLK12,0
ZBTB21,0
SCAPER,0
WRAP73,0
CRNN,0
CLDN20,0
RRM2B,0
SMARCAL1,0
G0S2,0
PLA2G3,0
MINK1,0
CD207,0
DUOX2,0
NOX4,0
NOX3,0
COL5A3,0
SYCP3,0
PODXL2,0
DEC1,0
CHST11,0
IL20,0
UBQLN3,0
GALNT9,0
IL21R,0
IL22,0
ATP6V0A4,0
ITSN2,0
DEF6,0
CUZD1,0
CYHR1,0
GEMIN4,0
CALY,0
ANO7,0
PNPLA8,0
ARHGEF4,0
ARHGEF3,0
SLC45A1,0
PCA3,0
NEUROG3,0
RDH8,0
DCAF8,0
KCNK4,0
MYEF2,0
IRX4,0
ASAP1,0
AK3,0
HP1BP3,0
HDGFL3,0
COPS7A,0
NSDHL,0
TAS2R3,0
TAS2R1,0
TAS2R9,0
TAS2R8,0
TAS2R7,0
TAS2R13,0
TAS2R10,0
TAS2R14,0
DHH,0
F11R,0
TRAT1,0
VILL,0
SNHG32,0
PARD6A,0
CLEC4A,0
TTTY1,0
SPOCK3,0
STMN3,0
RNF141,0
NTM,0
HEBP1,0
CDON,0
IMPG2,0
PDE11A,0
FOXP3,0
SHANK1,0
TBX22,0
SOST,0
TMED5,0
SLC35B3,0
MTERF3,0
TPRKB,0
MED31,0
COQ6,0
AMDHD2,0
SLC35C2,0
ASCC1,0
DERL2,0
EXOSC3,0
FAHD2A,0
PRELID3B,0
EXOSC1,0
TMED7,0
ISOC1,0
EMC9,0
RRP15,0
WASHC3,0
HDDC2,0
MRPS16,0
GLRX2,0
MRPS18C,0
FIS1,0
PAM16,0
GOLT1B,0
BOLA1,0
VPS36,0
DESI2,0
TVP23B,0
GLOD4,0
CELA2B,0
UBXN1,0
ZNF593,0
ZBTB7B,0
ST8SIA3,0
PI15,0
GMNN,0
LAP3,0
WDPCP,0
ZNF691,0
FAM135B,0
TXNDC12,0
TXNDC11,0
ATL1,0
CALHM2,0
RPS27L,0
SSUH2,0
YARS2,0
NMD3,0
MRPL2,0
NOSIP,0
DERA,0
MEMO1,0
MRPL4,0
APIP,0
TMX2,0
CUTC,0
FCF1,0
THAP4,0
NDUFA13,0
MRPS7,0
POLR1D,0
GAL,0
CRYL1,0
MLXIPL,0
TNNI3K,0
YBX2,0
KLHL5,0
PLLP,0
SEPSECS,0
SIDT2,0
RRNAD1,0
ADIPOR1,0
TRNT1,0
UTP18,0
SCCPDH,0
IFT52,0
ABHD5,0
SH3GLB1,0
ZC2HC1A,0
MECR,0
NDUFAF1,0
ABHD17B,0
PHF20L1,0
TFB1M,0
APH1A,0
METTL9,0
RDH11,0
LACTB2,0
KMT5B,0
TRAPPC12,0
ZDHHC9,0
RMDN1,0
MRPS2,0
COQ4,0
UTP11,0
SBDS,0
RPL26L1,0
COMMD2,0
ZNF706,0
IER3IP1,0
GOLGA7,0
NAA20,0
TRIM17,0
SAR1B,0
ANGPTL4,0
ASB3,0
PHF11,0
RLIM,0
KCTD3,0
CEP83,0
IRAK4,0
RNFT1,0
COPS4,0
INSIG2,0
CHCHD2,0
DYNC1LI1,0
HSD17B12,0
LOC51145,0
A4GNT,0
ING4,0
CERCAM,0
MRNIP,0
SDF4,0
SLC45A2,0
MRTO4,0
JPT1,0
SERPINA10,0
ZNF580,0
VPS28,0
C3orf18,0
EGFL7,0
DBR1,0
DCTN4,0
AADAT,0
CYB5R4,0
MYO15A,0
HSD17B11,0
HSD17B14,0
NAGPA,0
TUBD1,0
TUBE1,0
LEF1,0
PLEKHO1,0
HAO2,0
DCXR,0
HSPA14,0
GPN3,0
CRBN,0
TCEAL9,0
RSL24D1,0
SS18L2,0
HERC5,0
CKLF,0
ZNF639,0
IPO11,0
RAPGEFL1,0
PLCE1,0
CDKN2A-DT,0
NIN,0
CPA4,0
ZDHHC2,0
DDX47,0
NUSAP1,0
TACO1,0
ACP6,0
GP6,0
DUSP13,0
CLDN18,0
RAB9B,0
LUZP4,0
IGF2-AS,0
GLRX5,0
ZNF219,0
ELOA2,0
ABI3,0
COPZ2,0
PIGP,0
GLTP,0
PHF20,0
VRK3,0
CRIM1,0
DRICH1,0
EMC4,0
HGH1,0
MZB1,0
ANKRD39,0
COX16,0
CCDC174,0
SHISA5,0
PAIP2,0
PDZD11,0
TMEM69,0
MTRES1,0
NT5C3A,0
FAM178B,0
MRPL37,0
RNF181,0
TBC1D7,0
MARCHF2,0
MRPL51,0
TMEM216,0
PBDC1,0
MRPL30,0
MRPL27,0
CDKL3,0
CLEC1B,0
CLEC1A,0
PIPOX,0
TFDP3,0
UBAP1,0
BET1L,0
KLF3,0
MAPKAPK5-AS1,0
ZNF571,0
DNAJC27,0
IER5,0
C1RL,0
GOLM1,0
ANKMY1,0
SCAND1,0
BFAR,0
TLR7,0
RASL12,0
CEND1,0
COA4,0
RXFP3,0
ERGIC2,0
GMIP,0
GMPR2,0
CD320,0
PCDH12,0
ECSIT,0
SLC15A3,0
BPIFA1,0
THEG,0
NRN1,0
TIMMDC1,0
GCNT4,0
CYP39A1,0
FKBP11,0
ZDHHC3,0
KCNK9,0
FAM13B,0
FAM53C,0
REEP2,0
ARMCX1,0
SLC22A17,0
TLR8,0
SLC25A37,0
GASK1B,0
NME8,0
KRCC1,0
PLAC8,0
PHF21A,0
MRPL35,0
RSRC1,0
MEX3C,0
AMZ2,0
WAC,0
SPG21,0
ARL17A,0
AHSP,0
ARL6IP4,0
TNFRSF12A,0
SPTBN5,0
ZNF771,0
PRR16,0
NGRN,0
THEM6,0
MS4A4A,0
DACT1,0
CRNKL1,0
ZBTB7A,0
FZR1,0
TAOK3,0
KLRF1,0
KRT76,0
ZNF117,0
WT1-AS,0
MBTPS2,0
HOOK1,0
CDC40,0
CHST15,0
ZMYND10,0
PLA1A,0
UBR5,0
POP5,0
TEX264,0
POMP,0
TMA7,0
MRPS17,0
ATRAID,0
SNX7,0
UCHL5,0
ANGPT4,0
CRLF3,0
CSAD,0
ATP6V1D,0
WNT16,0
ZNF589,0
EIF3L,0
NIP7,0
RWDD1,0
AIG1,0
TRPV2,0
COMMD10,0
WDR83OS,0
TRAPPC4,0
PPME1,0
NOL7,0
HEMK1,0
BIN2,0
ACTL6B,0
AMOTL2,0
PRKAG2,0
POLK,0
ZNF107,0
DDX41,0
SNX9,0
SUCO,0
ANAPC5,0
ANAPC7,0
SCARA3,0
MAGEC2,0
FAM8A1,0
HPCAL4,0
YTHDF2,0
VGLL1,0
RNF138,0
IP6K2,0
PCYOX1,0
PRRX2,0
LCMT1,0
GULP1,0
REV1,0
RHCG,0
SFMBT1,0
GPR89B,0
UBE2J1,0
EVL,0
NAT8B,0
DCDC2,0
LIMA1,0
CABP2,0
ISYNA1,0
HSD17B7,0
ANKFY1,0
VCX2,0
VCX3A,0
SPOUT1,0
NOP16,0
RTCB,0
HACD3,0
CTDSPL2,0
NELFCD,0
TRIAP1,0
HIKESHI,0
CWC15,0
TRMT112,0
UFC1,0
RTF2,0
CHMP5,0
GTSE1,0
ETV7,0
DTL,0
NCKIPSD,0
LARS1,0
TMEM14C,0
CXXC5,0
TMEM138,0
OSER1,0
GSKIP,0
JKAMP,0
ANAPC11,0
ZC3HC1,0
TRMO,0
PHF7,0
VTA1,0
PPHLN1,0
MTFP1,0
ZCCHC17,0
SCLY,0
VPS54,0
ZNF581,0
SIRT7,0
SIRT6,0
CINP,0
RAB14,0
ACKR4,0
PEX5L,0
LGSN,0
NT5DC3,0
RAB6B,0
IL23A,0
MBIP,0
HDAC7,0
ARMCX3,0
TDP2,0
UFM1,0
FAM49B,0
GDE1,0
LARP7,0
ESF1,0
AZIN1,0
PCF11,0
MED15,0
PIAS4,0
TRIM33,0
SRRT,0
NBAS,0
CUTA,0
LSR,0
LIPT1,0
NOP58,0
EEF1AKNMT,0
PIGT,0
TRMT6,0
ATP6V1H,0
GET4,0
DPH5,0
ERGIC3,0
TAF9B,0
NSG2,0
UBE2D4,0
KLF13,0
CCZ1,0
DYNC2LI1,0
SLC25A39,0
LUC7L2,0
OTUD6B,0
RBMX2,0
DHRS7,0
RTRAF,0
SF3B6,0
MRPL48,0
TMBIM4,0
PPIL1,0
YPEL5,0
CIAO2B,0
MRPS23,0
MRPS33,0
PTRH2,0
CHMP3,0
CDK5RAP1,0
RASD1,0
STYXL1,0
GINS2,0
MPC1,0
FKBP7,0
ZFR,0
ASB1,0
ASB4,0
NUB1,0
HSPB11,0
SARAF,0
TPPP3,0
ASB2,0
MPP6,0
SUFU,0
OAZ3,0
LSM7,0
LSM8,0
CPSF3,0
TRAPPC2L,0
HECA,0
VPS29,0
CYB5R2,0
NLK,0
PADI3,0
ACSL5,0
GPRC5B,0
EMCN,0
CYB5R1,0
ZNF44,0
SELENOT,0
RAB23,0
CAB39,0
UIMC1,0
FBXO40,0
DNAJB11,0
CMPK1,0
POLR3K,0
WBP11,0
UPB1,0
MSRB1,0
RAPGEF6,0
GHRL,0
WWOX,0
ARID4B,0
CD244,0
LUC7L3,0
RTEL1,0
HIGD1B,0
ERAP1,0
TMEM8B,0
CDK12,0
C9orf78,0
SYT17,0
ATP8A2,0
RAB8B,0
INPP5K,0
GNG13,0
STK26,0
TM7SF3,0
RSF1,0
MAP3K20,0
MYOZ2,0
KDM3B,0
ASIC5,0
SIX4,0
COQ3,0
CALML5,0
TUBA8,0
PHAX,0
GALNT7,0
ADA2,0
BCL11A,0
CPXCR1,0
BTBD1,0
SPA17,0
IL17D,0
NUDT9,0
CHIC1,0
TM6SF2,0
TM6SF1,0
UBASH3A,0
ZFYVE1,0
LRP1B,0
PANK1,0
SHC3,0
NUP54,0
TPCN1,0
CLIC5,0
STX18,0
MBD3,0
ADAM22,0
BCO1,0
PRKAG3,0
PTOV1,0
S1PR5,0
RIPPLY3,0
FXYD7,0
FXYD6,0
FXYD5,0
FXYD4,0
P2RY13,0
GPR84,0
IL20RA,0
IL20RB,0
FGFRL1,0
GPR87,0
C11orf24,0
TRIM34,0
CDHR5,0
MYO3A,0
DUOX1,0
RAB4B,0
RAB24,0
PELO,0
SLCO1C1,0
PPIL3,0
FTHL17,0
CNTN5,0
CSNK1G1,0
A4GALT,0
CPSF2,0
BRWD1,0
SLC37A1,0
RBM11,0
PCBP3,0
C21orf58,0
YBEY,0
LINC00160,0
C21orf62-AS1,0
MIS18A,0
LINC00158,0
CHODL-AS1,0
TSPEAR-AS1,0
TSPEAR,0
LINC00113,0
SETD4,0
FAM3B,0
RIPK4,0
CLIC6,0
GSAP,0
TLR9,0
POLE3,0
CHRAC1,0
GPR88,0
LINC00308,0
MRPL39,0
C21orf91,0
DCUN1D1,0
NANS,0
CYCS,0
ERRFI1,0
KCNK10,0
TREM2,0
TREM1,0
SNTG1,0
SNTG2,0
GPR173,0
GPR85,0
GNG2,0
GDAP1,0
DPM3,0
SOX18,0
UNC93A,0
CYTL1,0
WNT4,0
HAO1,0
TERF2IP,0
SLC38A2,0
NLGN3,0
SIAE,0
TAS2R5,0
DNAJC10,0
YIPF1,0
GAR1,0
SSH1,0
SH3TC1,0
SEMA5B,0
GFOD1,0
RBM27,0
SASH3,0
KCTD5,0
ANLN,0
RIN2,0
ATAD2B,0
FBXO42,0
MOV10L1,0
TAF7L,0
PRR13,0
MRPS21,0
FBXW5,0
CCSER2,0
RETREG1,0
XRN1,0
ETAA1,0
SPIN2A,0
ANKIB1,0
MIOS,0
ZFAND6,0
ARMCX6,0
MIEF1,0
TOLLIP,0
KRT20,0
NLE1,0
RNF216,0
PLEKHA5,0
PIMREG,0
CHPF2,0
TRMT13,0
DGCR8,0
UGT2B28,0
OTULINL,0
NEURL1B,0
C11orf71,0
TMX3,0
PRMT7,0
HEATR5B,0
SMOX,0
TMCO1,0
ZDHHC13,0
CPVL,0
DHX29,0
ADAMTSL4,0
EPB41L4A-DT,0
RHOF,0
PCDH18,0
HMGCLL1,0
EXOSC4,0
DDX4,0
MTRF1L,0
PUS7,0
APBB1IP,0
CCDC93,0
WDR44,0
ANKRD16,0
ASNSD1,0
MIER2,0
USP53,0
MRPL50,0
CCHCR1,0
EXOC6,0
SHLD2,0
ROBO4,0
NDUFB11,0
FAM193B,0
DDIT4,0
RC3H2,0
TOMM7,0
MTMR12,0
RNF186,0
SDK2,0
NECAB2,0
MAGEL2,0
GNL3L,0
MIR4453HG,0
WDR5B,0
DDX49,0
ING3,0
SGTB,0
SPATA6,0
EPB41L4B,0
DLL4,0
UGT1A8,0
UGT1A7,0
UGT1A6,0
UGT1A5,0
EGLN1,0
GNB1L,0
LZTFL1,0
EQTN,0
MXRA8,0
L1TD1,0
UGT1A9,0
NDFIP2,0
DDX56,0
INO80,0
CCNJ,0
FBXL19,0
VSIG10,0
ARL15,0
PAF1,0
PARP14,0
HES2,0
MAP10,0
MINDY2,0
UGT1A4,0
UGT1A1,0
UGT1A3,0
TBC1D13,0
WDR74,0
TMEM106B,0
RSBN1,0
LRRN3,0
CRLS1,0
GTPBP2,0
CROT,0
ZNHIT6,0
P4HTM,0
MANSC1,0
RRN3,0
PDP1,0
GPN2,0
MARCHF5,0
CNGB3,0
RBFOX1,0
SLC6A20,0
OTUD4,0
TMED9,0
SLC35F2,0
RAB39A,0
MPHOSPH8,0
FEV,0
XAF1,0
LEPROT,0
LY6K,0
EPDR1,0
FBLIM1,0
FNDC8,0
ZNF853,0
NUTM2F,0
IL17RD,0
FAM20A,0
KLHDC4,0
PCSK4,0
GRAMD1C,0
ROPN1,0
ZRANB1,0
TRIM44,0
BTG4,0
HYDIN,0
DIRAS2,0
PPP1R12C,0
CFAP46,0
RNF111,0
NSMCE4A,0
ALKBH4,0
BORCS6,0
DNAJB12,0
TET2,0
KCTD9,0
TRPM4,0
BNC2,0
MED18,0
DCHS2,0
MBTD1,0
KLHL24,0
HAUS6,0
TRIT1,0
CNNM2,0
AHI1,0
ZNF586,0
DYM,0
SAMD9,0
GIPC2,0
ZNF562,0
AFTPH,0
KLHL28,0
QPCTL,0
GATAD2A,0
ZNF280D,0
ZCCHC10,0
NDE1,0
ERCC6L,0
TRPM7,0
SWT1,0
CDHR2,0
GIN1,0
NXPE4,0
BCAS3,0
ASPN,0
NUP62CL,0
BEST2,0
VPS13C,0
GDAP2,0
BSPRY,0
WBP1L,0
LRRC49,0
APTX,0
BIVM,0
MFSD6,0
SYTL2,0
ESRP1,0
SIDT1,0
ARHGEF38,0
DEF8,0
FBXL12,0
ANKRD49,0
PAQR5,0
WDR55,0
FAM83E,0
TENT5C,0
GON4L,0
GDPD2,0
PGPEP1,0
ELP6,0
MS4A12,0
SNRK,0
CC2D1A,0
TOR4A,0
GPATCH4,0
PPP1R14D,0
TMEM214,0
TMEM104,0
EPS8L1,0
QRICH1,0
PIGG,0
PALMD,0
FNBP1L,0
CNTLN,0
DCAF16,0
ZCCHC2,0
DPP8,0
ST7L,0
BCOR,0
TEX10,0
ANKHD1,0
CWC25,0
RETSAT,0
TBC1D8B,0
PLPPR1,0
UHRF1BP1,0
NSUN2,0
ALKBH5,0
INO80D,0
NCAPG2,0
MTMR10,0
RNF43,0
SLC66A1,0
CASZ1,0
ELOVL2,0
PXK,0
LAX1,0
CDKAL1,0
TTC19,0
MKS1,0
NSD3,0
CYP2W1,0
TASOR2,0
SPDL1,0
SEMA4C,0
RPP25,0
FOCAD,0
YTHDF1,0
TMEM260,0
CMTM6,0
DNAAF5,0
DUS2,0
CHTF8,0
RASIP1,0
LIME1,0
ZSCAN32,0
UBE2R2,0
CHCHD3,0
IMPAD1,0
TMEM161A,0
HAUS4,0
TRMT10C,0
EXD3,0
RHBDL2,0
KANSL2,0
DUSP23,0
ADPRHL2,0
SOHLH2,0
SARS2,0
COMMD4,0
OCIAD1,0
RNF125,0
ABITRAM,0
DNAJC28,0
LINC01521,0
SLC41A3,0
LPCAT2,0
MRPL16,0
SDHAF2,0
COMMD8,0
TRNAU1AP,0
ODR4,0
FAM120C,0
C1orf109,0
PARP16,0
TXNL4B,0
TMEM160,0
ODAM,0
GEMIN8,0
SSH3,0
TIPIN,0
UCKL1,0
C1orf56,0
PIGX,0
CT55,0
TMEM70,0
HPF1,0
TTC12,0
BANP,0
TMEM132A,0
INTS11,0
THG1L,0
C20orf27,0
SLC25A38,0
SLC35F6,0
PLAAT2,0
C2orf42,0
NMRK1,0
CLN6,0
PINX1,0
HCFC1R1,0
ULK4,0
CZIB,0
ACSM5,0
ZNF770,0
C1orf159,0
ZSCAN2,0
GID8,0
OXSM,0
MARC2,0
TESC,0
AURKAIP1,0
TUG1,0
TTC22,0
TMCO3,0
PAK1IP1,0
LAMTOR1,0
RMND1,0
TRMT61B,0
FAM118A,0
FAM174C,0
PARPBP,0
PIH1D1,0
PPP2R3C,0
MCUB,0
STX17,0
PRPF39,0
MARCHF1,0
C14orf119,0
ANKRD40CL,0
TTC38,0
PID1,0
PHIP,0
BANK1,0
TMEM255A,0
HEATR3,0
C17orf80,0
FBXO34,0
USP47,0
SLC35A5,0
FKBP14,0
MOCOS,0
NOL8,0
CCDC40,0
PTCD3,0
CDCA4,0
TRMT12,0
EPN3,0
PLEKHB2,0
VPS37C,0
REX1BD,0
NRDE2,0
MRPL20,0
ATG16L1,0
ZWILCH,0
GABPB1-IT1,0
CRYBG2,0
SUSD4,0
WIPI1,0
ZCWPW1,0
SPATA6L,0
SLC52A1,0
PDPR,0
ENOX1,0
TMEM248,0
DET1,0
C9orf40,0
RNF31,0
OXR1,0
UACA,0
TMEM45A,0
FEZF2,0
TAPBPL,0
IFT57,0
ARGLU1,0
KIF26B,0
SOBP,0
RADX,0
CCDC186,0
SLC38A4,0
MED9,0
TMEM51,0
WDYHV1,0
GPATCH1,0
SAMD4B,0
EBLN2,0
WDR70,0
DMAC2,0
ATG2B,0
RALGPS2,0
GPATCH2,0
SLFN12,0
BSDC1,0
AGGF1,0
MAGOHB,0
PLEKHJ1,0
WDR60,0
XKR8,0
ARHGAP17,0
TMEM39B,0
SLC6A15,0
CRTAC1,0
PRPF38B,0
FANCL,0
AKIRIN2,0
PIWIL2,0
CEP192,0
HEATR1,0
TRIM68,0
ANO10,0
ARMC4,0
RBM28,0
LARP1B,0
SRBD1,0
WRAP53,0
FIGN,0
FAM90A1,0
ANKZF1,0
ELP3,0
HAUS2,0
CDCA8,0
LRRC8D,0
THAP1,0
ZDHHC4,0
RBM23,0
UBR7,0
MTPAP,0
C19orf73,0
TMEM38B,0
DALRD3,0
SDAD1,0
MSTO1,0
ARMC1,0
DARS2,0
RFWD3,0
ARHGEF10L,0
TMEM33,0
PNPO,0
SHQ1,0
CEP55,0
CENPQ,0
MSL2,0
MRPS18A,0
PRMT6,0
TBCCD1,0
DNAAF2,0
MRPS10,0
INTS10,0
KLHL11,0
SEC61A2,0
RMDN3,0
MRM3,0
FAIM,0
LINS1,0
SMG8,0
RNF220,0
RIF1,0
DZANK1,0
SLC25A36,0
VPS13D,0
RIC8B,0
NUDT11,0
NADSYN1,0
DNAJC17,0
PBRM1,0
EVA1B,0
CCDC198,0
RESF1,0
RPRD1A,0
APPL2,0
FAM86C1,0
PLEKHG6,0
MAP1S,0
LGI2,0
GOLPH3L,0
ZNF532,0
SBNO1,0
ARL8B,0
DCUN1D2,0
SETD5,0
ATAD3A,0
DPPA4,0
BBS7,0
RCBTB1,0
P3H2,0
FANCI,0
NKAPD1,0
TMLHE,0
EXD2,0
MACO1,0
KLHDC8A,0
LRRC20,0
TRIM62,0
ETNK2,0
RAVER2,0
NAT10,0
LRRC1,0
PNMA8A,0
PANK4,0
USP40,0
CCDC87,0
MOB1A,0
SMU1,0
UBA6,0
VRTN,0
SLC38A7,0
OGFOD1,0
STEAP3,0
KIRREL1,0
SLC47A1,0
UQCC1,0
CCDC25,0
NEIL3,0
PACC1,0
YY1AP1,0
ELP2,0
PCMTD2,0
ASXL2,0
TYW1,0
TMEM39A,0
WDR41,0
ADI1,0
MRGBP,0
THNSL2,0
CASC1,0
TMEM143,0
MAP11,0
TMEM19,0
PRR34,0
ECHDC2,0
PSPC1,0
NUDT15,0
IMP3,0
TMEM100,0
PHF10,0
VPS53,0
PGM2,0
FGGY,0
QRSL1,0
ZNF654,0
CWF19L1,0
TMEM140,0
LRRC36,0
MCOLN3,0
UBE2W,0
RBM41,0
C4orf19,0
TMEM40,0
RHOT1,0
ACOXL,0
BRF2,0
PPP6R3,0
UEVLD,0
FBXW7,0
KLHL26,0
TBC1D19,0
CCDC91,0
RNF121,0
BRIX1,0
PI4K2B,0
OLAH,0
GIMAP4,0
SPTLC3,0
DDX19A,0
ZNF444,0
RFK,0
CPPED1,0
TMEM144,0
SLC29A3,0
RSAD1,0
AP5S1,0
TMA16,0
MIS18BP1,0
TMEM74B,0
C5orf22,0
LARP6,0
ABCF3,0
UFSP2,0
AGPAT5,0
LIN7C,0
RNLS,0
MNS1,0
BLOC1S4,0
ACER3,0
DRAM1,0
SYNJ2BP,0
SLC39A9,0
NIPSNAP3B,0
FBXL8,0
SHFL,0
LINC01949,0
WDR33,0
GIMAP5,0
LSG1,0
STRBP,0
SLC35C1,0
PLCXD1,0
ZGRF1,0
TCP11L1,0
ABHD10,0
CHDH,0
VNN3,0
STK32B,0
COPRS,0
LAPTM4B,0
HJURP,0
SLC22A15,0
TBC1D2,0
STYK1,0
PI4K2A,0
TMEM63B,0
HEMGN,0
IMPACT,0
TMEM176A,0
LGR4,0
PIDD1,0
TMCO6,0
LRRC59,0
MEG3,0
MCM10,0
NCBP3,0
ZNF331,0
SIRPG,0
GPALPP1,0
YOD1,0
AP1AR,0
STRADB,0
DHRS4-AS1,0
CAMK2N1,0
CSGALNACT2,0
DNAJA4,0
NDUFAF7,0
RBM12B-AS1,0
PARL,0
ETNK1,0
CHST12,0
HES6,0
TNFRSF19,0
NOP10,0
MACROH2A2,0
GPRC5D,0
SLC35E3,0
BATF3,0
DDX43,0
SAGE1,0
SMPD3,0
ASIC4,0
ELAC1,0
TRIM36,0
DHTKD1,0
FEM1A,0
PIP4P2,0
SVOP,0
ELMOD1,0
SLC30A10,0
MAML3,0
CDCA7L,0
KCNQ1DN,0
IL17RB,0
RBM38,0
ZNF823,0
SOX6,0
KLK15,0
ENOSF1,0
PLXNA3,0
HAUS7,0
CDC42BPG,0
ZNF821,0
DNAH3,0
GALNT10,0
CNOT11,0
FOXRED1,0
CDV3,0
STAB2,0
NAGK,0
SUPT20H,0
KIF27,0
CHRNA9,0
UBE2Q1,0
MIOX,0
MED29,0
BMP2K,0
VEZT,0
OTUD5,0
ZCCHC8,0
RNPC3,0
ITLN1,0
DDX60,0
CDKN2AIP,0
TENT5A,0
CARMIL1,0
KIF21A,0
PPP1R9A,0
ANKRD10,0
ZNF280C,0
VPS50,0
OTUB1,0
FERMT1,0
MTMR8,0
KIF16B,0
PRR5,0
ASAP3,0
TASP1,0
DOCK10,0
STAP2,0
TRMT1,0
TTC27,0
THUMPD1,0
POMGNT1,0
ZDHHC7,0
AMBRA1,0
SMPD4,0
ZNF407,0
PNRC2,0
SLC39A4,0
LRRC40,0
G2E3,0
TBC1D22B,0
KRBOX4,0
DEPDC1,0
CHD7,0
SYBU,0
FLVCR2,0
BTBD2,0
OSGEP,0
LYAR,0
RAB20,0
PIGV,0
NHP2,0
SLC48A1,0
BCAS4,0
TMEM127,0
NLRP2,0
INTS8,0
ZNF692,0
ZNF416,0
PRPF40A,0
DDX27,0
HIF1AN,0
ZNF446,0
CDC37L1,0
URGCP,0
NPLOC4,0
DENND4C,0
GPATCH2L,0
MFN1,0
PEX26,0
PPP4R3A,0
NBPF1,0
SLC30A6,0
IWS1,0
LIMS2,0
RUFY2,0
SCYL2,0
KANSL3,0
RABL6,0
MREG,0
TRMU,0
YEATS2,0
PACS1,0
FRMD4A,0
LUC7L,0
KDM4D,0
NSUN5,0
RBM22,0
VAC14,0
RADIL,0
IARS2,0
MAP7D1,0
ARHGEF40,0
YJU2,0
POLR3B,0
CCDC88A,0
IPO9,0
NDC1,0
NECAP2,0
KBTBD4,0
FAR2,0
ZNF334,0
TENM3,0
DOK4,0
LMBR1L,0
WDR11,0
POLR3E,0
SLF2,0
TSR1,0
IQCC,0
CEP72,0
ASF1B,0
INTS13,0
BTBD7,0
N4BP2,0
ATF7IP,0
FAM222B,0
C1orf112,0
HHAT,0
ZFP64,0
DNAJC11,0
VPS35,0
ARFGAP1,0
NAXD,0
ENAH,0
EDEM2,0
PARVA,0
CHFR,0
COA1,0
AP5M1,0
NUP133,0
CNDP2,0
CCAR1,0
AGK,0
TMEM184C,0
SEPTIN11,0
OGDHL,0
TMEM30A,0
CDK5RAP2,0
INTS9,0
UGGT2,0
RCOR3,0
WDR12,0
DHX32,0
TTC17,0
ZNF701,0
EXOC1,0
IFT122,0
INAVA,0
H2AJ,0
NGLY1,0
ZNF83,0
EXOC2,0
PRR11,0
TBC1D23,0
TDP1,0
SAYSD1,0
MBD5,0
ZNF839,0
CFAP44,0
ERMARD,0
RIOK2,0
CMTR2,0
MCTP2,0
FGD6,0
ZNF415,0
TXLNG,0
LMBRD1,0
DEPDC1B,0
CSGALNACT1,0
LRIF1,0
MINDY1,0
DDX28,0
PCID2,0
MBNL3,0
METTL2B,0
CACNA2D3,0
SCN3B,0
IL26,0
DCP1A,0
ADAP2,0
LRP2BP,0
HR,0
TRERF1,0
FOXJ2,0
ADCY10,0
SPATA7,0
UTP6,0
BDP1,0
TSNAXIP1,0
DOK5,0
KDM3A,0
RNF130,0
ALLC,0
VPS11,0
PAG1,0
PECR,0
DCAF6,0
SELENOS,0
GLT8D1,0
EMC3,0
CAND1,0
UBAP2,0
CENPJ,0
EAPP,0
CENPN,0
EAF2,0
WWC3,0
ARHGAP15,0
PPP2R2D,0
BRK1,0
ITFG2,0
CISD1,0
PLGRKT,0
USE1,0
PSENEN,0
TEX2,0
IDI2-AS1,0
ZC3H15,0
ACOT13,0
KIZ,0
TMEM165,0
BEX1,0
ACTR10,0
DBNDD2,0
ECHDC1,0
TMEM126B,0
SLC22A11,0
HDAC8,0
ASH1L,0
CBWD1,0
PBK,0
GSDMB,0
GABRQ,0
WSB2,0
LMO3,0
ZKSCAN7,0
GOLGA6B,0
GPRC5C,0
LENEP,0
MYNN,0
ZNF395,0
MESP1,0
UNC45A,0
ZNF302,0
THSD1,0
ACSS2,0
KMT2E,0
RNF114,0
ZC4H2,0
CMAS,0
ANGPTL8,0
BIN3,0
APOBR,0
ERBIN,0
LANCL2,0
NXT2,0
CTTNBP2NL,0
RCC2,0
NKRF,0
INKA2,0
DMAP1,0
MYO5C,0
APOM,0
ZMAT5,0
LIN37,0
KLHL9,0
SULF2,0
SEPTIN3,0
AJAP1,0
NDUFA12,0
NSFL1C,0
RAB5IF,0
GNG12,0
BAIAP2L1,0
SLC25A40,0
BCAP29,0
SLC50A1,0
KLHL7,0
CFC1,0
NXF5,0
NXF3,0
MYDGF,0
SMG9,0
BARX1,0
PDGFC,0
ALG1,0
UBFD1,0
KLHL4,0
TMEM234,0
PCDHGC5,0
PCDHGC4,0
PCDHGB7,0
PCDHGB6,0
PCDHGB5,0
PCDHGB3,0
PCDHGB2,0
PCDHGB1,0
PCDHGA11,0
PCDHGA10,0
PCDHGA9,0
PCDHGA7,0
PCDHGA6,0
PCDHGA5,0
PCDHGA4,0
PCDHGA3,0
PCDHGA2,0
PCDHGA1,0
PCDHB15,0
PCDHB14,0
PCDHB13,0
PCDHB12,0
PCDHB11,0
PCDHB10,0
PCDHB9,0
PCDHB8,0
PCDHB7,0
PCDHB6,0
PCDHB4,0
PCDHB3,0
PCDHB2,0
PCDHAC2,0
PCDHAC1,0
PCDHA13,0
PCDHA12,0
PCDHA11,0
PCDHA10,0
PCDHA8,0
PCDHA7,0
PCDHA6,0
PCDHA5,0
PCDHA4,0
PCDHA3,0
PCDHA2,0
PCDHA1,0
TEX15,0
TEX14,0
TEX13B,0
TEX13A,0
TEX12,0
TEX11,0
NSMCE3,0
RNF17,0
STK31,0
TDRD1,0
GSDMC,0
DNAH7,0
ANKH,0
MOSPD1,0
MTFR1L,0
LMOD3,0
FAM214A,0
SUSD2,0
ZNF253,0
KIAA1217,0
BTNL2,0
C21orf62,0
MRAP,0
YLPM1,0
CRTAM,0
RNF20,0
TMX4,0
SERTAD4,0
MEPCE,0
CTNNBL1,0
C8orf44,0
LRRC8A,0
KYAT3,0
IRGC,0
WDR45B,0
BEX4,0
GKN1,0
PARD3,0
IL36G,0
SLC7A10,0
TRPV5,0
ANKRD7,0
METTL3,0
PRMT8,0
PPAN,0
CABP5,0
CTPS2,0
RPRM,0
CCL28,0
EIF4ENIF1,0
KCNQ5,0
DNAJC12,0
MMP26,0
CHST7,0
CYP26B1,0
ERO1B,0
SLC2A9,0
DIABLO,0
INPP5E,0
ASAH2,0
BCCIP,0
EIF5A2,0
TMPRSS4,0
CLDND1,0
TWNK,0
NPDC1,0
POLE4,0
OR2S2,0
TRIM39,0
KCNK13,0
KCNK12,0
VTRNA1-3,0
VTRNA1-2,0
VTRNA1-1,0
PANX2,0
MUC13,0
SUCNR1,0
AKIP1,0
C11orf16,0
TMEM9B,0
NRIP3,0
SAR1A,0
CFAP298,0
JPH1,0
RETN,0
SLC2A4RG,0
BARHL1,0
FMN2,0
ZC3HAV1,0
IFNK,0
SLAMF8,0
GPR137,0
SPHK2,0
TCEAL7,0
GRIPAP1,0
EMC7,0
RAD18,0
CELF4,0
CDC42SE1,0
FSTL5,0
UGGT1,0
KCMF1,0
TM9SF3,0
MDM1,0
LGALS14,0
TCIM,0
UBQLN4,0
AGPAT3,0
DPYSL5,0
WRNIP1,0
BDH2,0
ANKS1B,0
NDUFA4L2,0
PNO1,0
PAPOLB,0
SH3GLB2,0
C15orf39,0
THAP10,0
SPIRE1,0
STARD7,0
MAP3K7CL,0
IFT46,0
C1GALT1,0
EXOSC5,0
SMARCAD1,0
MEIS3,0
C2orf83,0
DHX33,0
MCCC1,0
NMUR2,0
PAK6,0
LXN,0
NCLN,0
GPR108,0
SPPL2B,0
FEM1C,0
DUS3L,0
CA10,0
SMCO4,0
CCDC177,0
PMEPA1,0
ARNTL2,0
DUSP22,0
HMCES,0
CMC2,0
ENY2,0
OLFML3,0
MRPS22,0
EMSY,0
MFF,0
SDR39U1,0
XAB2,0
SMYD2,0
C5orf15,0
PRTFDC1,0
NT5M,0
NIT2,0
MEPE,0
LHX9,0
OTUD7B,0
SHD,0
RGMA,0
WDR93,0
PARP6,0
C14orf132,0
ATXN7L3,0
CEACAM19,0
FAM20C,0
STOX2,0
PRDM8,0
PRDM9,0
PRDM10,0
PRDM11,0
POGLUT1,0
PSMG2,0
ADPRM,0
DTWD1,0
BBX,0
CDC42SE2,0
KIF15,0
TOMM22,0
CHPT1,0
TULP4,0
SLC12A9,0
COQ8A,0
ADAMTS9,0
GSN-AS1,0
SDHAF3,0
YAE1,0
CCDC47,0
ACKR3,0
CABP4,0
AKR1B10,0
COQ9,0
CCNL1,0
CIAPIN1,0
VPS35L,0
PDXP,0
SLC17A7,0
RSRP1,0
ANKMY2,0
RARS2,0
TWSG1,0
PLSCR2,0
PLSCR3,0
UTP3,0
CHRNA10,0
TBX20,0
PCBP4,0
HYMAI,0
DDX24,0
KNL1,0
SLC17A6,0
AGTRAP,0
PLSCR4,0
ENTPD7,0
CASS4,0
PCNP,0
TRIM49,0
CPA6,0
PITHD1,0
RPGRIP1,0
PARP11,0
AVEN,0
ANO2,0
C12orf4,0
TIGAR,0
PNPLA2,0
CYSLTR2,0
NAT14,0
PDSS2,0
REXO4,0
PLAAT1,0
RAB25,0
PGLYRP4,0
ZNF695,0
INTS12,0
CAMK1D,0
EPPIN,0
GOPC,0
LPAR5,0
NUP107,0
CD248,0
PLXDC1,0
CD177,0
RHBG,0
LYRM4,0
MRPL47,0
ATP13A1,0
CHMP1B,0
MAN1C1,0
DAZ4,0
APMAP,0
RGL3,0
RNPEPL1,0
RTN4,0
ADCK1,0
PAK5,0
TMEM159,0
SCYL3,0
RALGAPB,0
LYRM1,0
SMIM8,0
LYZL6,0
SLURP1,0
SLC44A2,0
SMURF1,0
TMEM63C,0
PHTF2,0
JPH2,0
TRIM54,0
PELI2,0
PELI1,0
SALL4,0
ASPHD2,0
ZNFX1,0
DOLPP1,0
CAMK1G,0
CORO1B,0
VARS2,0
ZMIZ1,0
KIAA1191,0
ACTR3B,0
SLC39A10,0
ANKRD50,0
FAM219B,0
NIPAL3,0
RALGAPA2,0
THOC2,0
ADAMTSL3,0
DENND11,0
SELENON,0
VN1R1,0
MCOLN1,0
ATP10A,0
ATP8B2,0
ATP10D,0
ZNF248,0
SLC45A4,0
ADGRG6,0
TP73-AS1,0
SPRYD7,0
CEMIP,0
THAP11,0
VANGL2,0
TTC7A,0
ARFGEF3,0
ERGIC1,0
PPP4R3B,0
NHSL1,0
LYRM2,0
SMAGP,0
SNX14,0
ZNF630,0
LINC00869,0
SLC4A10,0
DANCR,0
KAT14,0
PBXIP1,0
CBX8,0
RCN3,0
ZNF286A,0
ZNF287,0
SENP7,0
JPH3,0
ZNF304,0
TTYH1,0
GJD2,0
MRS2,0
RHOJ,0
CLTRN,0
CLK4,0
S100A14,0
RAB22A,0
CYP20A1,0
SPC25,0
ABHD6,0
NMRAL1,0
LRTM1,0
MIF4GD,0
SCYL1,0
AS3MT,0
TMIGD3,0
RHBDD2,0
C3orf14,0
WDR18,0
SLC24A3,0
NDRG3,0
NDRG2,0
BIRC6,0
PLEKHG5,0
TENM2,0
GALNT16,0
DSCAML1,0
REXO1,0
KIAA1143,0
TMCC3,0
GATAD2B,0
PPM1H,0
ISY1,0
MYORG,0
AMIGO1,0
STRIP2,0
TBC1D24,0
SCAF4,0
HHATL,0
SLC12A5,0
PNMA8B,0
LRRC47,0
ERMN,0
CNOT6,0
ZNF512B,0
ZNF490,0
PLEKHH1,0
GRAMD1B,0
SHROOM4,0
USP31,0
PRR12,0
PLEKHG1,0
KIAA1210,0
CRACD,0
RNF150,0
NLN,0
ESYT2,0
ODF2L,0
AHRR,0
ARID1B,0
HEG1,0
RIMKLB,0
NWD2,0
MRTFB,0
LRFN2,0
KIDINS220,0
KIAA1257,0
NLGN4X,0
MTA3,0
AARS2,0
MAVS,0
ZNF608,0
INTS2,0
MTUS1,0
XPO5,0
COG6,0
GPR158,0
CASKIN2,0
ARHGAP31,0
SERINC1,0
STARD9,0
HECW2,0
RPTOR,0
SRGAP1,0
NYNRIN,0
CASKIN1,0
PCDH19,0
KCTD16,0
RTL9,0
CGN,0
HACE1,0
NUFIP2,0
TBC1D14,0
MIB1,0
KIAA1324,0
KIAA1328,0
SORCS2,0
ALPK3,0
WDR35,0
DISP3,0
ZNF398,0
KLHL42,0
TXNDC16,0
CC2D2A,0
PDP2,0
ZNF624,0
IGSF9,0
TAOK1,0
NCEH1,0
MICAL3,0
LRRC7,0
NLGN2,0
SEMA6A,0
USP35,0
STAMBPL1,0
IFT80,0
ARRDC3,0
CEP126,0
KLHL8,0
KLHL14,0
ZNF319,0
SIPA1L2,0
ARHGAP20,0
TRMT5,0
DOCK6,0
ZNF471,0
MARCHF4,0
PCDH10,0
KIF17,0
CCDC191,0
UNC79,0
FAM135A,0
PREX1,0
KCNT1,0
TMEM181,0
ARHGAP21,0
CRAMP1,0
SYT13,0
CFAP97,0
RIC1,0
WDFY1,0
MRTFA,0
ZNF687,0
EBF4,0
HOMEZ,0
PDZD4,0
BEGAIN,0
BAHCC1,0
WDR48,0
FNIP2,0
USP36,0
TRMT9B,0
PITPNM2,0
SLAIN2,0
JCAD,0
DIP2B,0
RANBP10,0
ISLR2,0
FAM234B,0
RELCH,0
ZNF492,0
TSHZ3,0
VPS18,0
SHROOM3,0
STIM2,0
ZBTB2,0
LRFN1,0
ZFAT,0
NYAP2,0
KLHL1,0
DPP10,0
SH3RF1,0
LRCH2,0
LRRN1,0
EP400,0
ARHGAP23,0
CCDC146,0
COL20A1,0
ZSWIM5,0
MYH7B,0
POGK,0
USP28,0
DHX37,0
KIAA1522,0
PHF12,0
CIP2A,0
SUGT1P4-STRA6LP-CCDC180,0
UVSSA,0
GRAMD1A,0
HCN3,0
CALCOCO1,0
ZBTB4,0
PHRF1,0
CAMSAP3,0
USP29,0
PLEKHA4,0
RDH14,0
FBRSL1,0
EPB41L5,0
KIAA1549,0
BEND3,0
RNF213,0
ZFP14,0
GPAM,0
ALS2,0
CHD8,0
ZDBF2,0
ZBTB26,0
CACHD1,0
VAT1L,0
ZSWIM6,0
LRRC4C,0
TNRC6C,0
KIAA1586,0
MAGEE1,0
ZNF317,0
USP37,0
DDX55,0
FANCM,0
SHTN1,0
CPNE5,0
FAM160B1,0
NCKAP5L,0
CWC22,0
GBA2,0
WDFY4,0
DENND1A,0
MEAK7,0
MIER1,0
SLC7A14,0
KIAA1614,0
ZNF529,0
SFMBT2,0
SEMA4G,0
PRX,0
PCDHB16,0
PPP4R4,0
ANO8,0
GPR107,0
METTL14,0
IGDCC4,0
EPG5,0
NCOA5,0
WDR19,0
ANKRD36B,0
SPTBN4,0
ZFYVE28,0
GBA3,0
SCUBE2,0
TRIB3,0
ANKRA2,0
RBAK,0
MARK4,0
SUGP1,0
BRINP2,0
GATAD1,0
RAB40C,0
POLD4,0
CCAR2,0
HAMP,0
G6PC2,0
LSM2,0
CCNB1IP1,0
CCDC181,0
GRHL3,0
SLAMF7,0
RAP2C,0
C6orf47,0
CATSPERG,0
ZP4,0
KRTAP5-8,0
CYP4F11,0
SLC4A5,0
ZNF410,0
CADM3,0
SLC46A2,0
PTBP2,0
NGB,0
NEUROD4,0
NFE4,0
WFDC1,0
CTDSP1,0
CXCL16,0
SQOR,0
PLEKHB1,0
MS4A7,0
TP53INP2,0
SRPRB,0
ENOPH1,0
RHOU,0
NLRC4,0
TRAPPC1,0
ZBED5,0
CREBZF,0
PCTP,0
ABHD17C,0
RPRD1B,0
ZNF71,0
ZNF77,0
INIP,0
JAM2,0
OVOL2,0
LY6G5B,0
PRUNE1,0
MYL7,0
ZNF462,0
ZNF250,0
OPRPN,0
ARHGAP22,0
OSTC,0
SCAF1,0
KMT2C,0
CACTIN,0
PRODH2,0
DNASE2B,0
DLGAP3,0
EPS15L1,0
SELENOK,0
SINHCAF,0
RBM25,0
DMRT3,0
WIZ,0
MID1IP1,0
ABRACL,0
RRAGD,0
MYOZ1,0
LY6G6D,0
PRM3,0
SNX6,0
MPP4,0
IL22RA1,0
PGAP6,0
CARD18,0
ENPP5,0
HIVEP3,0
EVA1C,0
ACE2,0
TLNRD1,0
NTN4,0
CACNG8,0
CACNG7,0
CACNG6,0
UBL5,0
SIGIRR,0
PRDM12,0
PRDM13,0
PLEKHA1,0
PLEKHA2,0
HRH4,0
TRPV4,0
SCPEP1,0
SENP2,0
ALOXE3,0
GNB4,0
ZNF350,0
KLHL12,0
RXFP1,0
PBOV1,0
LGR6,0
TMEM35A,0
AFAP1,0
GPBP1L1,0
C12orf10,0
FAM3A,0
AVPI1,0
TSKS,0
SLC25A19,0
EDA2R,0
EXOC4,0
TGIF2,0
CDH26,0
TTTY2,0
BPESC1,0
BACH2,0
ELOVL5,0
SLC5A7,0
HAPLN2,0
SAV1,0
TRMT11,0
MRPS35,0
APOBEC3G,0
PPCDC,0
NIF3L1,0
CCDC90B,0
FASTKD5,0
CCDC81,0
HPSE2,0
AASDHPPT,0
NYX,0
AGBL5,0
LDAH,0
ELAC2,0
ALX4,0
GUF1,0
SPCS3,0
NAA35,0
RINT1,0
SCOC,0
KCNK15,0
DHX35,0
RIC8A,0
MIIP,0
ATG101,0
GAS5,0
PROK2,0
PAPPA2,0
CELF6,0
EEFSEC,0
CELF5,0
FKBP10,0
SMAP1,0
TRAPPC11,0
ZFAND3,0
C14orf93,0
SLC22A23,0
BCORL1,0
CELA2A,0
SRR,0
BCAN,0
ABHD4,0
MRPL17,0
PKNOX2,0
FAM204A,0
RNF123,0
THADA,0
UBE2O,0
VIPAS39,0
PIEZO2,0
HEATR6,0
SH2D4A,0
NSUN3,0
FAM111A,0
DUSP21,0
MANBAL,0
GPATCH3,0
NAPB,0
SLC17A9,0
LINC01590,0
BLOC1S5,0
ELMO2,0
GALNT11,0
ZBED8,0
TNN,0
CIDEC,0
ZNF335,0
ANKEF1,0
CHP2,0
XPNPEP3,0
LINC01749,0
MRPS14,0
CXorf56,0
MCUR1,0
ZNF667,0
PCIF1,0
FAM217B,0
GPSM3,0
NECAB3,0
FKBPL,0
DMRTC2,0
DMRTB1,0
DMRTA2,0
DMRTA1,0
CLSPN,0
TP53AIP1,0
KIF13A,0
NEUROG2,0
NEUROD6,0
PRDM16,0
PRDM15,0
PRDM14,0
FIGNL1,0
ANO3,0
PCGEM1,0
MYO1G,0
TSPYL2,0
RBM26,0
PRSS22,0
OXCT2,0
PERP,0
MMP27,0
NPAS3,0
CDH23,0
C19orf33,0
LHPP,0
SLC28A3,0
RBKS,0
PBLD,0
GOLPH3,0
CLSTN2,0
MCCC2,0
SNX16,0
GAL3ST2,0
POPDC2,0
SAMSN1,0
SMOC1,0
SMOC2,0
GFRA4,0
EPB41L4A,0
PARVG,0
ELSPBP1,0
LRRC4,0
TNMD,0
CENPK,0
NPFFR1,0
RTP4,0
CRLF2,0
MAGEF1,0
NPVF,0
MOAP1,0
TMBIM1,0
VSIR,0
SLC39A8,0
DUS1L,0
RRAGC,0
FN3K,0
ADGRL4,0
NOD2,0
TINAGL1,0
LIN7B,0
XYLT1,0
XYLT2,0
IFIH1,0
ABCG4,0
RBSN,0
PDF,0
KIF9,0
C17orf75,0
NCAPG,0
ERAP2,0
NECAB1,0
CARD9,0
OSGEPL1,0
DPEP2,0
P3H1,0
DPEP3,0
EDDM3B,0
IRF2BPL,0
POPDC3,0
MMS19,0
LHX5,0
DNAJC1,0
TFB2M,0
SEMA4A,0
PJA1,0
STRA6,0
ROBO3,0
TOR3A,0
MLST8,0
HERPUD2,0
ATL2,0
MS4A6A,0
MS4A5,0
PDLIM2,0
ABCG5,0
ABCG8,0
TENT4B,0
ARHGEF28,0
RAB17,0
RHBDF1,0
ZSCAN31,0
NOC3L,0
FBRS,0
RNF25,0
SOX17,0
NSD1,0
COP1,0
LMBR1,0
XPO4,0
NFKBIZ,0
ARHGAP9,0
HS1BP3,0
AZI2,0
HIF3A,0
NXN,0
SIL1,0
IKZF4,0
IKZF5,0
CHST8,0
MMP25,0
GREM2,0
ZMAT3,0
GMCL1,0
ZNF106,0
MPP5,0
HHIP,0
AKTIP,0
CDH24,0
CDH22,0
RGS18,0
GALNT17,0
KLHL25,0
ARAP3,0
GZF1,0
TMEM267,0
TMEM168,0
MTMR14,0
SUSD1,0
DCLRE1C,0
ATG3,0
A1BG,0
POLR1E,0
SUDS3,0
TTC31,0
CIAO3,0
ZDHHC6,0
PCNX4,0
ACTR6,0
MRPS25,0
LINC00244,0
NOM1,0
DNAI2,0
CSMD1,0
LINC00235,0
TPSB2,0
CPEB1,0
TEKT3,0
ALDH8A1,0
NDST4,0
CLEC7A,0
GPR135,0
TSPY2,0
TTTY15,0
MOSPD3,0
GIGYF1,0
PLA2G2F,0
VPS16,0
EBF2,0
MFSD14A,0
SPANXD,0
CSRNP1,0
ANAPC1,0
GORASP1,0
CTAGE1,0
TMPRSS3,0
COPS7B,0
NUCKS1,0
HS3ST6,0
PDIA2,0
UNKL,0
LINC00254,0
WDR13,0
SMAP2,0
METTL17,0
ACBD3,0
MFSD1,0
PLPPR2,0
SMURF2,0
CCDC136,0
SMYD3,0
C16orf58,0
ATPAF1,0
MARC1,0
TNS3,0
FAM160B2,0
PARP12,0
GAREM1,0
ZNF574,0
CREB3L2,0
S100PBP,0
IPPK,0
MEAF6,0
CCDC14,0
ILRUN,0
ENGASE,0
PCED1A,0
C11orf1,0
RMND5B,0
FNDC3B,0
MTHFSD,0
MICAL1,0
CERK,0
AEN,0
RBM15,0
CRTC3,0
GINS3,0
TBC1D15,0
EPS8L2,0
LMF1,0
EXO5,0
IFT22,0
CEP85,0
DDX31,0
RMND5A,0
DEPTOR,0
IQCH,0
EFCAB6,0
ARV1,0
NMNAT1,0
P2RY12,0
IL25,0
CYP3A43,0
ELOVL1,0
KLC2,0
FNDC4,0
FBXL17,0
PORCN,0
GNPNAT1,0
ISL2,0
MARCHF7,0
SPATA20,0
YTHDC2,0
SLC13A3,0
ETNPPL,0
TUT1,0
AIDA,0
USP46,0
NIBAN2,0
VWA1,0
PLEKHG2,0
DCLRE1B,0
NABP1,0
ARMCX5,0
METTL4,0
RFX7,0
CDCP1,0
PCDH20,0
PAPOLG,0
C12orf43,0
LPIN3,0
RANBP17,0
AGXT2,0
BCL11B,0
CASD1,0
LRRC19,0
SLC30A5,0
CCDC71,0
RASAL3,0
TTC23,0
MRPL14,0
NT5DC2,0
CENPH,0
MRPS26,0
MRPS24,0
MRPS15,0
MRPS11,0
MRPS9,0
MRPS6,0
MRPS5,0
MRPL41,0
MRPL40,0
MRPL38,0
MRPL36,0
MRPL34,0
MRPL32,0
MRPL11,0
MRPL9,0
MRPL1,0
NDRG4,0
SLC26A6,0
SLC26A10,0
PINK1,0
REEP1,0
GPBP1,0
ACD,0
RAPH1,0
CDK15,0
TMEM237,0
NBEAL1,0
CFLAR-AS1,0
RTN4R,0
MRPL44,0
VPS33A,0
NOL6,0
TMEM135,0
JMJD4,0
KRI1,0
MARCKSL1,0
UPF3B,0
UPF3A,0
RSRC2,0
PRAMEF1,0
PRAMEF2,0
INTS3,0
SOWAHC,0
WNK1,0
PCDH15,0
NADK,0
ZFP69B,0
SPATS2,0
ZSWIM4,0
CPLANE1,0
ZNF649,0
MPPE1,0
COA7,0
A2M,0
UBE2Z,0
C8orf33,0
WNK4,0
WNK3,0
WNK2,0
STK33,0
PLEKHA3,0
PHACTR4,0
BRD9,0
CAPRIN2,0
ZSCAN18,0
GRAMD2B,0
AACS,0
ZBTB10,0
KCTD14,0
ZNF747,0
DLK2,0
ANTKMT,0
FUNDC2,0
DDRGK1,0
MRPS34,0
RASL11B,0
C11orf95,0
LRRC61,0
TMEM108,0
CYP4F12,0
LYNX1,0
CHID1,0
TRAK2,0
SLC2A11,0
MTMR9,0
BOLL,0
DUSP26,0
CRELD1,0
MRPL57,0
COLEC11,0
OTUB2,0
PCYOX1L,0
YIPF2,0
PRR14,0
HROB,0
CYREN,0
GDAP1L1,0
RHPN1-AS1,0
LRFN4,0
AUNIP,0
VKORC1,0
TRIR,0
MIS12,0
CUEDC2,0
SCNM1,0
METRN,0
DBNDD1,0
DDX50,0
CAMKV,0
LINC01260,0
DDA1,0
GGCT,0
GID4,0
CENPM,0
C7orf25,0
TMEM106C,0
NUP37,0
SMIM2,0
FNDC11,0
AHNAK,0
ZNF655,0
SPATA5L1,0
PDCL3,0
ERI3,0
C7orf26,0
NABP2,0
KXD1,0
PVRIG,0
ZFYVE21,0
DDX54,0
TMEM38A,0
TSEN34,0
KCTD15,0
SECISBP2,0
NOC4L,0
ALG8,0
TRPM8,0
PRRG4,0
PRRG3,0
ASPSCR1,0
TMEM223,0
ATG9A,0
METTL16,0
FTO,0
POGLUT2,0
ELOVL6,0
FASTKD3,0
TMEM109,0
C2orf49,0
DSCC1,0
DCTPP1,0
C1orf50,0
CCDC86,0
LBHD1,0
MLPH,0
WDR77,0
SLC25A23,0
SMIM7,0
ALG12,0
ZNF426,0
TMUB2,0
TRAPPC6A,0
METTL22,0
CARD14,0
CHAC1,0
C9orf16,0
C11orf49,0
TRIM48,0
C1orf116,0
LINC00626,0
TAF1D,0
RNF26,0
MEG8,0
MAPKAP1,0
DHX58,0
NDUFAF5,0
TMEM185B,0
APOO,0
LY6G6E,0
RETREG2,0
DERL1,0
CCDC28B,0
PHF23,0
MBOAT7,0
DDX39B-AS1,0
CHCHD7,0
FKRP,0
MMP28,0
ZSCAN5A,0
FA2H,0
GDPD3,0
TRPC7-AS2,0
TNIP2,0
PLEKHF1,0
MFSD11,0
GNPTAB,0
NOL12,0
LINC01711,0
TMEM243,0
LENG1,0
LILRA6,0
C1orf35,0
PRR15L,0
RBM42,0
CENPO,0
C19orf57,0
CRELD2,0
ZNF343,0
FBXL15,0
ZNF576,0
THTPA,0
EFHD2,0
TTPAL,0
BRCC3,0
FSD1,0
TMEM43,0
IRX6,0
IRX3,0
IRX1,0
THOC6,0
ZNF557,0
MMEL1,0
DCAF10,0
OR13A1,0
OR5H6,0
OR51G1,0
OR51B4,0
OR51B2,0
CPLANE2,0
ZXDC,0
BHLHE41,0
HMGN5,0
FCRL2,0
B3GNT4,0
BCL2L14,0
NOX5,0
GLB1L,0
HTR3E-AS1,0
ZBED2,0
LRFN3,0
CYBC1,0
HAUS3,0
LRRC2,0
FYCO1,0
BIRC7,0
WDR25,0
PAGR1,0
ULBP3,0
DLEU2L,0
OR52N1,0
OR4F5,0
OR2A4,0
OR4K1,0
RIPOR1,0
MAIP1,0
NKAIN1,0
GCC1,0
ATP13A3,0
TTC13,0
EPS8L3,0
ABHD8,0
NKAP,0
CDC73,0
SLC52A2,0
SPAG16,0
TMEM231,0
CORO7,0
CHPF,0
CARS2,0
RNF128,0
MRPL24,0
ARMH3,0
MUL1,0
SAP130,0
OBI1,0
CEP97,0
TCTN1,0
ADIPOR2,0
CERS4,0
PGBD5,0
FAM118B,0
RIC3,0
VCPKMT,0
ACSS3,0
NAA16,0
TANGO6,0
CCNJL,0
HMBOX1,0
RNASEH2B,0
SNRNP25,0
GALNT14,0
ARMT1,0
NDNF,0
TNFAIP8L2,0
OGFRL1,0
SH3TC2,0
OCEL1,0
C1orf54,0
EFL1,0
FAM184A,0
FAT4,0
SCRN3,0
CCDC121,0
ARMC7,0
TMEM53,0
C22orf46,0
ROGDI,0
ARSJ,0
CHMP6,0
SRD5A3,0
EFCAB1,0
PANK3,0
AKIRIN1,0
MCPH1,0
MAP7D3,0
USB1,0
RHBDF2,0
TMEM204,0
HECTD3,0
BEND5,0
RPAP3,0
ARHGAP10,0
DYNC2H1,0
PPP1R3B,0
NEIL1,0
HSPBAP1,0
ICE2,0
DHX40,0
PLEKHF2,0
KLF3-AS1,0
PARP8,0
C3orf52,0
TUT7,0
NLRX1,0
FN3KRP,0
ZNF329,0
VEPH1,0
FASTKD1,0
OGFOD2,0
SMC6,0
VTCN1,0
RTL10,0
CENPU,0
ZDHHC14,0
MSANTD2,0
SAP30L,0
STEAP4,0
GAL3ST4,0
QTRT2,0
ZNF322,0
YRDC,0
MANEA,0
GALNT12,0
ZC2HC1C,0
RIOX1,0
ZMAT4,0
ZYG11B,0
OGFOD3,0
C11orf80,0
LRRK1,0
PRKRIP1,0
NOL9,0
COLGALT1,0
MORC4,0
IPO4,0
GTDC1,0
IGFLR1,0
CCDC51,0
NPEPL1,0
PPCS,0
TBL1XR1,0
AAGAB,0
VPS37B,0
ANKRD55,0
SUV39H2,0
ZNF768,0
THAP9,0
WDR59,0
LIN28A,0
PALB2,0
SH3D21,0
NSUN7,0
NARS2,0
E2F8,0
KCTD17,0
TBC1D17,0
TEFM,0
BBS10,0
TTLL7,0
ZBBX,0
CCDC7,0
DIPK2B,0
ZNF419,0
CLIP4,0
ECHDC3,0
ADGB,0
LMAN1L,0
ZNF385D,0
SLC25A22,0
ZFAND1,0
SNIP1,0
ASB13,0
ZNF750,0
DHRS12,0
ZNF668,0
GEMIN7,0
C1orf115,0
ISOC2,0
ELMO3,0
KATNBL1,0
TXNDC15,0
MCTP1,0
GRTP1,0
ZFHX4,0
ACBD4,0
MICALL2,0
CCDC82,0
IQCA1,0
LRRC31,0
SUGCT,0
MYH14,0
LINC00449,0
KLHL36,0
ZNF665,0
CLMN,0
FBXO31,0
GSDMD,0
C12orf49,0
ALG9,0
ZNF408,0
ARMC5,0
UGT2A3,0
CARF,0
SHCBP1,0
HHIPL2,0
HPS6,0
HAND2-AS1,0
VASH2,0
GSTCD,0
TTC21B,0
PTCD2,0
SLTM,0
MMRN2,0
EHMT1,0
AGMAT,0
NIPAL2,0
TLE6,0
MOB3B,0
ZNF552,0
WDR78,0
CATSPERB,0
ARHGAP28,0
CAMKMT,0
EFCC1,0
CLMP,0
METTL8,0
NAA40,0
ZMYM1,0
KDM8,0
QSER1,0
GEMIN6,0
PEAK1,0
LONRF3,0
PIP4K2C,0
TMC5,0
CCDC102B,0
NHEJ1,0
AGBL2,0
ZBTB3,0
FAM124B,0
ZDHHC11,0
RNF122,0
CFAP69,0
MFSD13A,0
CSPP1,0
PDZD3,0
TLCD3A,0
EPHX3,0
TM4SF20,0
LINC00115,0
HLA-DQB1-AS1,0
FLJ13224,0
NEK11,0
TUBAL3,0
ZNF669,0
RBFA,0
JHY,0
TREML2,0
BORA,0
TCTN2,0
ALG13,0
CPSF7,0
BAALC,0
RPAP2,0
CBLL1,0
OSTN-AS1,0
RABEP2,0
THSD4,0
UBA5,0
DCAKD,0
CCDC134,0
ZC3H14,0
PODNL1,0
MAP9,0
HDAC11,0
CAAP1,0
PLBD1,0
LPCAT1,0
RIN3,0
ZNF671,0
MCMBP,0
GGNBP2,0
ZNF672,0
ATP8B4,0
THNSL1,0
RPP21,0
ZNF613,0
PRR5L,0
CYBRD1,0
NUP85,0
NAA60,0
TMC7,0
MORN1,0
BTNL8,0
PYROXD1,0
ACTR5,0
ATAD5,0
MAGIX,0
SETD6,0
MAB21L4,0
TCEAL4,0
MRM1,0
NANOG,0
ADM2,0
SPEF2,0
FAM110D,0
MAP6D1,0
DOK3,0
TNIP3,0
KIAA0319L,0
SYNPO2L,0
COQ8B,0
CNTD2,0
CNTNAP3,0
SLC35E1,0
LINC00472,0
ZNF696,0
L2HGDH,0
C10orf95,0
DHDDS,0
PLPPR3,0
PLEKHS1,0
SYNDIG1,0
NOL10,0
PDZD7,0
ERMP1,0
PAQR6,0
DENND1C,0
CEP76,0
JADE1,0
DENND2D,0
DNAJC22,0
ABCA11P,0
SCD5,0
WDR76,0
ATAT1,0
WLS,0
ZNF442,0
CPED1,0
GRHL2,0
TRMT2B,0
DSN1,0
FRMD1,0
DNAJB14,0
POF1B,0
ZNF702P,0
SVEP1,0
TTC26,0
PLEKHH3,0
STN1,0
AGPAT4-IT1,0
ELOVL7,0
ANKRD53,0
LOC79999,0
GREB1L,0
PCNX2,0
ESRP2,0
DOCK5,0
TRAPPC13,0
C10orf88,0
TMEM156,0
RMI1,0
PSME3IP1,0
PHC3,0
MINDY3,0
WWC2,0
DGLUCY,0
NAA25,0
UBTD1,0
FOXRED2,0
TMEM62,0
MYO15B,0
NRSN2,0
SLC8B1,0
PANK2,0
FBXL18,0
SEMA6D,0
ZNF556,0
CSRNP3,0
TRPM3,0
FAM106A,0
GPR157,0
CEBPA-DT,0
PGAP1,0
LRRTM4,0
ATF7IP2,0
DCAF17,0
LINC00574,0
ADAMTS20,0
CCDC15,0
HEXA-AS1,0
TUBA4B,0
ZNF606,0
MZT2B,0
C7orf69,0
ZFP2,0
ZNF614,0
C3orf36,0
BICC1,0
BAIAP2L2,0
ARL14,0
PIF1,0
MAP3K19,0
VCPIP1,0
CCDC33,0
BBOF1,0
TRIM46,0
CCDC170,0
LRRC8E,0
MROH9,0
RPF1,0
ZNF703,0
PTGES2,0
SIKE1,0
FRAS1,0
THOC7,0
UXS1,0
SLC66A2,0
ZC3H12A,0
ASRGL1,0
CENPT,0
EDC3,0
NAA15,0
CWH43,0
ASMTL-AS1,0
PGGHG,0
PRR36,0
ABHD18,0
MOGAT2,0
CTC1,0
IFT74,0
DBF4B,0
SPSB1,0
MYCT1,0
TEDC2,0
MYO19,0
RUBCNL,0
CEP290,0
TTI2,0
TMEM134,0
TMEM254,0
RNF34,0
MUS81,0
FUZ,0
HKDC1,0
FBXO11,0
CHD9,0
FHOD3,0
OPA3,0
SPG11,0
PROSER1,0
ARMC9,0
CCDC92,0
TM2D3,0
ALPK1,0
CFAP43,0
NAA50,0
COQ10B,0
ACSF2,0
TARS2,0
RAB11FIP1,0
NUBPL,0
PAAF1,0
ORAI2,0
RUFY1,0
CXorf21,0
WDR26,0
FRGCA,0
PIGZ,0
ELL3,0
PREX2,0
CEP63,0
SLC35F5,0
FAM214B,0
EFHC2,0
C16orf70,0
TRIM45,0
ZNF430,0
EDEM3,0
HSD3B7,0
ITPKC,0
GRPEL1,0
SCUBE1,0
CDK5RAP3,0
MTERF2,0
PLEKHO2,0
EFHD1,0
WDCP,0
TRABD,0
MED28,0
FLAD1,0
SPHKAP,0
PDGFD,0
KLHL15,0
TET1,0
LRRC27,0
EPC1,0
CPEB4,0
ZKSCAN3,0
MIR34AHG,0
CXXC4,0
SP6,0
CEP70,0
CCDC68,0
PUS1,0
ABTB1,0
WNT10A,0
ULBP2,0
ULBP1,0
DNAJC5,0
ADAM33,0
KCNIP4,0
WDR82,0
PABPC1L,0
PNPLA3,0
BPIFB2,0
TRAF3IP3,0
SEL1L2,0
DCAF11,0
ZSCAN16,0
REEP4,0
COASY,0
WDR61,0
TNKS2,0
RNF39,0
PDCD1LG2,0
CD276,0
UBXN6,0
SLC19A3,0
TSGA10,0
AKNA,0
ESX1,0
PBX4,0
SLC35G2,0
ACAD10,0
SRCIN1,0
IQCN,0
TTYH3,0
ARHGAP39,0
SNORD136,0
SLC44A4,0
VWA7,0
MPIG6B,0
LY6G6C,0
LY6G5C,0
PRR3,0
THUMPD2,0
TSEN2,0
AARSD1,0
LOC106660606,0
MIR4432HG,0
KHDC1,0
ITIH5,0
Unnamed: 13059,0
NDFIP1,0
SPX,0
THAP7,0
STARD5,0
CPTP,0
LIMD2,0
TMEM177,0
B9D2,0
CYB5B,0
ZNF34,0
MIR5689HG,0
INTS5,0
CMIP,0
ASXL3,0
CEP44,0
ZNF436,0
EEPD1,0
DDHD1,0
BHLHB9,0
DUSP16,0
ZFP91,0
APOL6,0
APOL5,0
APOL4,0
APOL3,0
TAS1R2,0
TAS1R1,0
SH3BP5L,0
GRIP2,0
KDM7A,0
SETD7,0
LNPK,0
ZNRD1ASP,0
PRRT1,0
EGFL8,0
ILKAP,0
NPL,0
TMPRSS5,0
GJA9,0
TUBB1,0
WNT5B,0
ZBP1,0
SLC2A10,0
KCNH6,0
SLC25A32,0
COLEC12,0
CLPTM1L,0
OR11H1,0
OR4F17,0
OR4K15,0
OR8J3,0
OR51E2,0
OR4P4,0
OR4A5,0
OR4A16,0
OR4A15,0
OR10W1,0
OR2AE1,0
OR6K2,0
OR2L5,0
OR2G3,0
OR2G2,0
OR2C3,0
POLR2M,0
PTDSS2,0
GPR63,0
RSPH6A,0
SYNC,0
CFHR5,0
DCSTAMP,0
HM13,0
MOB2,0
ITFG1,0
SGPP1,0
SLC38A1,0
TMX1,0
LRRC3,0
GDPD5,0
FBXO38,0
TDRD3,0
STMN4,0
VOPP1,0
FAM49A,0
RCC1L,0
YIPF5,0
INTS14,0
MAGED4B,0
FAM117A,0
TRIM11,0
LMAN2L,0
C1orf21,0
NDEL1,0
CSRNP2,0
TXNDC5,0
ACTL8,0
CLPB,0
MIR600HG,0
PDRG1,0
ANKRD13C,0
APOLD1,0
CCDC130,0
GFOD2,0
COL21A1,0
PLA2G12A,0
CDADC1,0
TRIM8,0
URM1,0
LINC00680,0
NECTIN4,0
FIP1L1,0
SNX27,0
FAM83D,0
ANP32E,0
NIPA2,0
TMEM163,0
ACSBG2,0
CAB39L,0
ITM2C,0
TSPAN14,0
CDT1,0
LOC106699570,0
UNC93B1,0
DEFB126,0
DIAPH3,0
SHCBP1L,0
TRMT1L,0
TSC22D4,0
TSSK3,0
MAP1LC3B,0
CCNL2,0
VMP1,0
C6orf62,0
ISCA1,0
REXO5,0
AMN,0
OR5V1,0
OR2B2,0
DOCK8,0
PPP1R14C,0
TRIM7,0
NUAK2,0
TIGD6,0
RNF170,0
ADAMTS12,0
TLR10,0
ADAMTS10,0
SLCO5A1,0
OR12D3,0
NETO2,0
NETO1,0
SPACA1,0
VANGL1,0
TRIM56,0
SBF2,0
RNF146,0
SPRY4,0
ST6GALNAC5,0
KRTAP1-3,0
KRTAP1-1,0
TMEM14B,0
ZNF205-AS1,0
SFXN3,0
ZNF611,0
MED25,0
SHARPIN,0
KRTAP4-6,0
ARPC5L,0
ISG20L2,0
RAB1B,0
LAS1L,0
HYI,0
FAHD1,0
QTRT1,0
SLIRP,0
SLC25A28,0
ABHD17A,0
CABLES2,0
SEH1L,0
KIF18A,0
ZNF93,0
HDHD3,0
PCDH11Y,0
PITPNM3,0
ELOVL3,0
FCRL5,0
FCRL4,0
TCF7L1,0
ADPGK,0
SH3BGRL3,0
SF3B5,0
INO80B,0
GSG1,0
CCDC70,0
SLC25A31,0
PUS7L,0
PMFBP1,0
DRC3,0
ABHD11,0
RAB33B,0
EMC6,0
CDCA3,0
MXD3,0
APH1B,0
GLT8D2,0
KATNAL2,0
DOHH,0
ARHGAP24,0
DDX59,0
PUS3,0
EPPK1,0
SCRT1,0
PLVAP,0
TTC25,0
CHST9,0
NUF2,0
FAM110A,0
AIF1L,0
DNAL1,0
RTBDN,0
RILP,0
COG3,0
UCK1,0
GPR101,0
TAAR8,0
TMUB1,0
THAP2,0
AKR1E2,0
RASSF5,0
NUDT12,0
SOX7,0
BCL2L12,0
RTP3,0
LRRC2-AS1,0
TMEM47,0
CCM2,0
GUCD1,0
AMMECR1L,0
C18orf21,0
C19orf12,0
ZMIZ2,0
C11orf68,0
TEX101,0
RAMAC,0
FAM107B,0
SELENOO,0
CCDC3,0
FAM167A,0
ABL1,0
LINC00208,0
FAM167A-AS1,0
DYNLRB2,0
DYNLRB1,0
TEKT1,0
TLN2,0
MS4A8,0
PARP9,0
SESN2,0
CRISPLD1,0
CD99L2,0
HSDL1,0
RPS6KL1,0
RHNO1,0
TRAPPC9,0
SLC4A9,0
CALN1,0
SH3BGRL2,0
JAM3,0
FERMT3,0
TRPT1,0
NRIP2,0
ESPN,0
CRISPLD2,0
YPEL3,0
TLCD3B,0
INHBE,0
RIOK1,0
SLC25A18,0
ATG10,0
ITCH,0
TFAP2D,0
MARVELD1,0
GRWD1,0
ZNF484,0
L3MBTL2,0
LONP2,0
TAS1R3,0
RBP5,0
RBM4B,0
FRMD8,0
ARMC10,0
KCNK16,0
USP26,0
SYT15,0
ESYT3,0
SYT16,0
SETDB2,0
ROPN1L,0
ANGPTL6,0
KLF16,0
FSD1L,0
TMTC1,0
ATAD3B,0
TAF3,0
RSPH3,0
TMEM120A,0
TTTY5,0
TTTY9A,0
TTTY11,0
TTTY12,0
TTTY13,0
TTTY14,0
RAB34,0
HMCN1,0
GPR61,0
TBC1D10A,0
BCO2,0
MRO,0
TM2D2,0
USHBP1,0
CDCA7,0
MIXL1,0
TSPAN10,0
SLC25A2,0
PRSS27,0
TTLL2,0
FGFBP2,0
WDR87,0
SPATA9,0
SNX25,0
KCTD10,0
SPATA16,0
TTC29,0
KRTAP1-5,0
KRTAP3-1,0
KRTAP3-2,0
KRTAP9-2,0
HASPIN,0
STARD3NL,0
STK40,0
SPRTN,0
HDAC10,0
Unnamed: 13411,0
RASSF4,0
LRMDA,0
EIF2A,0
TATDN1,0
TM2D1,0
TSSK1B,0
IMMP2L,0
FCAMR,0
SLC4A11,0
IFI27L2,0
TSSK6,0
SPNS1,0
FAM234A,0
CCDC8,0
NCALD,0
FAM172A,0
BRIP1,0
CTTNBP2,0
REG4,0
KREMEN1,0
TMPRSS13,0
B3GNT5,0
OBSCN,0
EMILIN2,0
KATNAL1,0
MND1,0
WDR54,0
ADGRV1,0
RBM48,0
MAGT1,0
DTNBP1,0
KIRREL2,0
HDHD2,0
TMEM222,0
TEX35,0
FAM160A2,0
SLC10A7,0
PLEKHN1,0
FAM186B,0
ARMC2,0
HORMAD1,0
MYCBPAP,0
QRICH2,0
FSCB,0
TKTL2,0
C3orf20,0
KBTBD7,0
ANKRD27,0
ENKD1,0
NSRP1,0
ZRANB3,0
RAB6C,0
FBXO30,0
ARL6,0
USP44,0
SLC41A2,0
C4orf17,0
PCBD2,0
PRAM1,0
ZIC4,0
PCGF6,0
QRFPR,0
ZNF394,0
LRRIQ1,0
ATRIP,0
WDR75,0
ACAD11,0
CEP78,0
USP42,0
ZNRF3,0
TOMM40L,0
UTP15,0
SLC7A6OS,0
FAM161A,0
EVA1A,0
ABRAXAS1,0
SYDE2,0
ZNF644,0
KAT8,0
PPP1R1B,0
RNASEH2C,0
RPF2,0
ARID5B,0
KIAA1109,0
GTF2IRD2,0
ASCC2,0
NLRC5,0
C19orf44,0
ANTXR1,0
LOXL4,0
POLR1B,0
ELMOD3,0
SLA2,0
SLC49A3,0
CHD6,0
MINDY4,0
ZCCHC7,0
TMEM164,0
FAR1,0
SLITRK6,0
METTL25,0
CIAO2A,0
SETD3,0
USP48,0
POMK,0
TXNDC2,0
MEX3B,0
ANKRD20A1,0
ZNF541,0
TMEM117,0
ZMYND12,0
TBC1D3F,0
WDR24,0
RGPD5,0
SPATC1L,0
TMEM191A,0
IQCG,0
NBPF3,0
ZMYND15,0
C2orf16,0
DRC7,0
LRRC8C,0
TRAF7,0
MAF1,0
TMEM126A,0
RHBDD1,0
ATP13A4,0
ZCCHC9,0
ZDHHC18,0
MRI1,0
MED10,0
RTL6,0
FYTTD1,0
PSD2,0
SLF1,0
SGIP1,0
GARNL3,0
CAMKK1,0
SLC37A3,0
FLYWCH1,0
SYT3,0
DCUN1D5,0
TCHP,0
FBXW9,0
PSMG3,0
HSDL2,0
HAGHL,0
POLR3GL,0
ALKBH7,0
C9orf64,0
RPAIN,0
CHCHD5,0
CARD19,0
POLDIP3,0
YIPF4,0
NOA1,0
COQ5,0
SLC25A33,0
NICN1,0
DNAJC30,0
MFSD14C,0
PRADC1,0
BTBD10,0
C2orf88,0
RNF135,0
TMEM79,0
NTPCR,0
EIF1AD,0
TMEM175,0
ZDHHC16,0
EFCAB2,0
ING5,0
CAPNS2,0
WDR83,0
PRXL2A,0
UTP23,0
PHF6,0
GINS4,0
LLPH,0
MIEN1,0
UQCC2,0
DDI2,0
PGAP4,0
CHCHD6,0
NUDT22,0
PYM1,0
PDCD2L,0
ZNF397,0
NUDT16L1,0
C7orf50,0
MRPL45,0
BRMS1L,0
VPS25,0
TMEM107,0
MON1A,0
NAA38,0
CCDC115,0
CCDC77,0
CMSS1,0
ACBD6,0
THOC3,0
SARNP,0
METTL26,0
ZBED3,0
LZIC,0
HVCN1,0
ZNF414,0
MCRIP2,0
DYDC2,0
PCGF5,0
COA8,0
AKT1S1,0
TMEM101,0
ELOF1,0
GFM2,0
COG8,0
HPS3,0
ARFGAP2,0
NIFK,0
PRAC1,0
HOOK3,0
ECRG4,0
CYSTM1,0
C15orf48,0
PROK1,0
CARD11,0
ADGRA1,0
ZNF528,0
MSANTD4,0
HHIPL1,0
RAB11FIP4,0
MAML2,0
FRMPD3,0
DOT1L,0
LZTS2,0
BRSK1,0
SYVN1,0
ABLIM2,0
ZNF333,0
ZNF512,0
MAP3K21,0
EFCAB7,0
L3MBTL3,0
PHYHIPL,0
LCOR,0
ZMAT1,0
NEURL4,0
SLX4,0
MEGF11,0
MEGF10,0
AOC1,0
FAM120B,0
SPIRE2,0
JPH4,0
ZNF527,0
NKX6-2,0
PLPP5,0
GHDC,0
MCM8,0
DCTN5,0
ACTRT3,0
CNFN,0
ACRBP,0
GON7,0
JAGN1,0
ZC3H8,0
HOPX,0
ZNF559,0
C15orf41,0
SRRM4,0
ACSS1,0
LINC01547,0
MCHR2,0
KBTBD8,0
KIAA1841,0
MRPL43,0
PGBD1,0
TMEM185A,0
MAK16,0
PARD6G,0
FAXC,0
MAP1LC3A,0
MT4,0
SLC12A8,0
LYZL1,0
COL25A1,0
GNPTG,0
PARD6B,0
ZBTB37,0
KRTAP4-4,0
TUBB6,0
NT5C1A,0
ZGPAT,0
ST6GAL2,0
ZNF594,0
KIRREL3,0
FNDC1,0
KRBA1,0
ZNF469,0
NTNG2,0
TNRC18,0
TTBK1,0
SLITRK2,0
AFAP1L2,0
KISS1R,0
GPR174,0
IL1F10,0
USP38,0
MFSD14B,0
KIF2B,0
C22orf23,0
PLA2G12B,0
LCE3D,0
DGAT2,0
EBPL,0
SPINK7,0
SPZ1,0
GLYR1,0
LINC00852,0
ADGRE3,0
RNASE7,0
CCDC62,0
DPY30,0
GLIS2,0
MYPN,0
RETNLB,0
HES7,0
FAM126A,0
USP32,0
ZNF347,0
TTTY6,0
TTTY8,0
CARD6,0
TRIM55,0
TRIM63,0
DSCR8,0
KDM2B,0
SLC9A7,0
ABL2,0
HINT2,0
INSM2,0
PPP1R9B,0
C9orf24,0
MS4A14,0
SPATA22,0
FAM71F1,0
CCDC54,0
MCEE,0
GJA10,0
LOXL3,0
ABHD1,0
CAPS2,0
CREB3L3,0
MYO18B,0
COX4I2,0
GTPBP3,0
GPT2,0
BEX2,0
LNX1,0
MGARP,0
HDGFL2,0
PIGO,0
PSRC1,0
PLEKHA8,0
PRRC2B,0
SPSB2,0
CBX2,0
FAM167B,0
CNDP1,0
AFAP1-AS1,0
UNC119B,0
USP30,0
FUT10,0
B3GNT9,0
PCGF1,0
ZNF577,0
CRACR2A,0
TRIM51,0
MPV17L2,0
ZNF607,0
DLGAP1-AS2,0
NAA11,0
KMT5C,0
TUBA1C,0
LINC00467,0
FAM220A,0
FOXD2-AS1,0
PYROXD2,0
C19orf48,0
GPAT3,0
MFSD9,0
NFKBID,0
PERM1,0
BUD13,0
PLCD4,0
PLPP7,0
MGC12916,0
RTN4IP1,0
TXNDC17,0
IL17RC,0
POLR2J4,0
LMNB2,0
FCRLA,0
SFT2D3,0
ADTRP,0
ATP5MD,0
ABHD14B,0
ARHGAP5-AS1,0
ZNF496,0
RAX2,0
HPDL,0
PHF5A,0
LINC00525,0
MIR503HG,0
GLIS3-AS1,0
TRIM52,0
ATP1A1-AS1,0
LINC00839,0
ZNF503,0
LRCH3,0
KLHL22,0
RIOX2,0
CCDC142,0
TMEM25,0
PTPN5,0
HAVCR2,0
CBR4,0
RSPO3,0
AGBL4,0
ZC3H10,0
ADGRG7,0
ZNF514,0
PARP10,0
ORAI1,0
ZBTB45,0
MFSD2A,0
RPUSD4,0
AIFM2,0
ABO,0
C1orf198,0
SPPL2A,0
SLC7A3,0
ADO,0
ZSCAN10,0
POMGNT2,0
FBH1,0
LINGO1,0
MIGA2,0
ATAD1,0
TBRG1,0
PLXDC2,0
TMTC4,0
RNFT2,0
NFATC2IP,0
CEP89,0
ARHGEF39,0
ZNF341,0
FAM136A,0
AOPEP,0
TMEM87B,0
ZNF382,0
SLC35B4,0
ATOH8,0
ZNF587,0
FAM222A,0
UTP4,0
LRP11,0
PPP1R15B,0
ALG10,0
FIZ1,0
FAM104A,0
ZNF566,0
SLC49A4,0
SPRYD3,0
TMEM209,0
FIBCD1,0
MASTL,0
LINC01101,0
RAB2B,0
C8orf76,0
RITA1,0
MEDAG,0
ZFYVE19,0
ZNRF1,0
ATG4C,0
PWWP3A,0
CORO6,0
HSH2D,0
WDR73,0
MAEL,0
ABHD13,0
LTV1,0
SERAC1,0
TIGD5,0
PRPF38A,0
TNS4,0
CGNL1,0
MICALCL,0
MPND,0
NUDCD1,0
RELT,0
SYTL1,0
UBASH3B,0
CCDC183,0
FBXL20,0
AJUBA,0
ALKBH6,0
IGSF21,0
LSM10,0
PNMA6A,0
TOX2,0
C1orf94,0
ATG4D,0
SNHG7,0
MFSD5,0
DISP1,0
FRMD5,0
MIR22HG,0
FAM222A-AS1,0
CEP19,0
FAM83A,0
ARHGAP19,0
COX14,0
PPP1R16A,0
JMJD1C-AS1,0
RBM17,0
PIGY,0
UBL7,0
URB1-AS1,0
MGC16275,0
FAM86B1,0
BFSP2-AS1,0
RERG,0
PHYKPL,0
TCEAL3,0
TMEM128,0
TMEM141,0
USP45,0
CFAP300,0
TMEM241,0
REPS1,0
TMEM60,0
ARRDC1-AS1,0
SMIM3,0
SNHG12,0
H2AC12,0
H2BC12,0
KRTAP9-4,0
KRTAP4-3,0
KRTAP4-2,0
KRTAP3-3,0
KRTAP2-4,0
ATCAY,0
COL27A1,0
FBF1,0
PPIL4,0
PAQR8,0
ABCC11,0
LGALS12,0
SHISAL1,0
SHANK3,0
DGCR6L,0
SYDE1,0
TRIM5,0
ZCCHC3,0
ALG2,0
ABR,0
STRIP1,0
KIAA1656,0
RIMBP3,0
MICALL1,0
TUBGCP6,0
KIAA1671,0
SNORD14B,0
SNORD14C,0
SNORD14D,0
SNORD14E,0
FAM207A,0
RGS8,0
EAF1,0
DNAJC14,0
NKD1,0
ACAA1,0
SLC22A16,0
SLC45A3,0
RHPN2,0
ZIC5,0
ACACA,0
ZCRB1,0
CABS1,0
STON2,0
DOCK7,0
HELZ2,0
KNDC1,0
DCLK3,0
LRRCC1,0
CNTNAP4,0
ZFHX2,0
KIAA1755,0
ITPRIP,0
UNK,0
CFAP74,0
TSPYL5,0
DISP2,0
TNKS1BP1,0
CIPC,0
DIXDC1,0
CEP295,0
ZNF518B,0
TANC1,0
FHDC1,0
ZC3H12C,0
SSH2,0
SELENOI,0
LBX2,0
GFM1,0
SCIN,0
CCDC65,0
DNAJC5B,0
TSLP,0
PSKH2,0
RPPH1,0
SCRT2,0
MBD3L1,0
GALP,0
GTPBP10,0
HSFY1,0
PNPT1,0
GGACT,0
ANKRD13A,0
RRP36,0
TRIM4,0
LINC01621,0
RSPH1,0
UMODL1,0
SERPINB12,0
ACACB,0
WNT3A,0
HPS4,0
LMLN,0
SIGLEC10,0
GAL3ST3,0
NAV3,0
NAV1,0
NAV2,0
PPP1R3F,0
KCNK17,0
CHRFAM7A,0
ULK4P1,0
ARHGAP11B,0
ABCC10,0
FGD3,0
FCHSD1,0
ATG16L2,0
MVB12B,0
KLHL6,0
SIGLEC12,0
SEC16B,0
PLCZ1,0
TRIM15,0
AQP10,0
SLC25A21,0
MAATS1,0
TPD52L3,0
LHX4,0
FATE1,0
SLAMF9,0
ACADL,0
KBTBD6,0
WDR34,0
TMEM116,0
UBE3B,0
BMERB1,0
PAPLN,0
RHOT2,0
GLB1L2,0
KLC4,0
ACADM,0
RSPRY1,0
DPH6,0
MIDN,0
KIR3DX1,0
SYT8,0
FLJ20021,0
UBE3D,0
FAM181A,0
CCDC120,0
LACRT,0
ZNF30,0
PHLDB2,0
VWA5B2,0
TMEM250,0
TSR2,0
KCNH7,0
BTBD6,0
TSPAN18,0
EFCAB11,0
HS6ST2,0
FRMD7,0
EMILIN3,0
SYS1,0
WFDC8,0
SNX21,0
ZSWIM1,0
UCN2,0
KIAA2013,0
ZNF551,0
UNC5A,0
OTULIN,0
OLMALINC,0
CEACAM21,0
EFCAB12,0
KLHL13,0
TP53I13,0
ZNF616,0
ZNF766,0
CCDC97,0
THAP3,0
EXOC3L2,0
ZNF468,0
ZNF160,0
FER1L5,0
CTU1,0
C5orf30,0
FAM110B,0
SAMD1,0
DCAF15,0
TICRR,0
MED30,0
TMEM41A,0
IFT20,0
MCFD2,0
CCDC32,0
KNSTRN,0
ATP6V1E2,0
BMF,0
ZNF622,0
ERI1,0
GADD45GIP1,0
ZNF835,0
TMEM263,0
LRRC46,0
SCRN2,0
YIF1B,0
MLIP,0
SHF,0
DUOXA1,0
STPG1,0
MCU,0
CCDC74A,0
ZNF799,0
TIMM29,0
ZNF625,0
ZNF700,0
ZNF439,0
LYRM7,0
ERVH48-1,0
STARD13,0
LINC00473,0
N4BP2L1,0
ZFAND2A,0
COX19,0
ZNF486,0
TBL1Y,0
CARMIL3,0
PPP1R3E,0
LRSAM1,0
CCDC126,0
SEC11C,0
FAM104B,0
PAGE5,0
TENM3-AS1,0
PYGO2,0
CEP95,0
ANGEL2,0
PIP4P1,0
PRMT9,0
ZNF479,0
CCDC189,0
TCEAL8,0
ZNF598,0
SPOCD1,0
JPT2,0
SPSB3,0
IL33,0
DMAC1,0
ZNF697,0
TRIM41,0
ESAM,0
ADCK2,0
DHX57,0
ZNF251,0
KIFC2,0
CREB3L1,0
FMNL3,0
CERS5,0
DPP9,0
CCDC149,0
AP5B1,0
CCDC34,0
ANKRD30A,0
TRIM47,0
ZNF682,0
L3MBTL4,0
SLC25A46,0
TMEM67,0
RAPGEF4-AS1,0
TIGD7,0
ACADS,0
SCARF2,0
ACADSB,0
GGTLC2,0
SLC39A13,0
BOD1,0
MSANTD3,0
LMF2,0
C12orf29,0
R3HDM4,0
TMEM259,0
GUSBP11,0
DERL3,0
DDX60L,0
LRP5L,0
CDKN2AIPNL,0
ANKRD40,0
UAP1L1,0
ZNF502,0
SESTD1,0
BTF3L4,0
CCDC74B,0
ATP23,0
RCCD1,0
FAAP24,0
RNF185,0
ACBD5,0
PKDCC,0
ISX,0
COL23A1,0
PCED1B,0
ANKRD44,0
RSAD2,0
UBXN11,0
C12orf65,0
RPS19BP1,0
PLXNA4,0
ZNF830,0
SLFN11,0
RASL10B,0
CHURC1,0
DEPDC7,0
NEXN,0
TDRD12,0
ATPAF2,0
BOC,0
ZNF765,0
NLRP12,0
MYADM,0
ZNF845,0
SYT12,0
CENPL,0
SMDT1,0
LONRF1,0
ACY3,0
IDI2,0
YTHDC1,0
ELMSAN1,0
MFSD4B,0
LIN52,0
ZNF804A,0
NEK9,0
CABLES1,0
NXPE3,0
CHMP7,0
ALKBH8,0
MYLK3,0
EXOC3L4,0
WDR20,0
CHRDL1,0
CALML4,0
MARVELD3,0
RFT1,0
TTC5,0
FDXACB1,0
C11orf52,0
TIMD4,0
NDUFAF2,0
ARRDC4,0
LINC00923,0
COG7,0
CXorf40A,0
ZNF300,0
MYOZ3,0
ACADVL,0
CCNQ,0
SLC25A51,0
SNX29,0
CTBP1-DT,0
GGTLC1,0
ZC3HAV1L,0
TTC30A,0
INTS4,0
OXNAD1,0
DSEL,0
RIPPLY1,0
MTDH,0
MTSS2,0
ACAT1,0
MTG1,0
UBTD2,0
DAPL1,0
CDHR1,0
DUSP27,0
RCSD1,0
LINC01278,0
LMBRD2,0
MRPS36,0
ATP6AP1L,0
ZNF461,0
ZNF585B,0
CAPN13,0
GLYATL1,0
TMEM132C,0
SCGB3A1,0
TMEM129,0
ACAT2,0
STRADA,0
PRR29,0
METTL18,0
GORAB,0
NAF1,0
C1orf105,0
CRB3,0
SPSB4,0
PXYLP1,0
MRRF,0
RBM18,0
CHMP4C,0
BBIP1,0
LDHAL6B,0
SPECC1,0
ATXN3L,0
BICDL1,0
FANK1,0
G6PC3,0
ASB16,0
ZNF764,0
MOB1B,0
TIMM50,0
TIFA,0
MAFG-DT,0
MGME1,0
DTD1,0
FAM114A1,0
TMEM169,0
TMEM183A,0
ARRDC1,0
DPH7,0
OTOP2,0
DNER,0
ASIC2,0
BPIFB1,0
DRC1,0
HELB,0
SHKBP1,0
CENPBD1,0
H2AW,0
ZNF276,0
REEP6,0
IMP4,0
HNRNPLL,0
UBE2Q2,0
CCDC102A,0
MARS2,0
ADAMTSL1,0
ASIC1,0
Unnamed: 14393,0
MARCHF9,0
ZBTB47,0
B3GNT7,0
NT5C1B,0
PKHD1L1,0
COQ10A,0
TEX30,0
NEURL3,0
DMKN,0
NAPRT,0
KCNG4,0
TMEM44,0
ORAI3,0
ZNF561,0
OLFM2,0
PRDM6,0
PIGM,0
IGSF8,0
C1orf158,0
PGAP3,0
CCDC114,0
LEMD1,0
HAUS8,0
MVB12A,0
SP140L,0
OPALIN,0
MMGT1,0
MYL10,0
SYCE1,0
LOC93429,0
MGAM2,0
ARMC6,0
LOC93463,0
ZNF670,0
MAPK1IP1L,0
TPTE2,0
SDR42E1,0
ZFAND4,0
TRMT10A,0
CACNA2D4,0
TBC1D31,0
FBXO44,0
MRFAP1,0
LOC93622,0
TADA2B,0
TBCK,0
TJAP1,0
MYOCD,0
ACP4,0
ACHE,0
ST7-AS2,0
ST7-OT3,0
CGB5,0
ARHGAP18,0
CADPS2,0
HPYR1,0
GCNA,0
ACTR8,0
ATP5IF1,0
CLEC6A,0
CPA5,0
FOXP2,0
PIGS,0
SERHL,0
TTYH2,0
MUC16,0
POM121L2,0
CGB7,0
LRRC4B,0
HTRA3,0
CAMK2N2,0
ZNF101,0
SYAP1,0
LENG9,0
SFXN1,0
HSPB9,0
SFXN5,0
ORMDL1,0
ORMDL3,0
PAXBP1,0
TMEM203,0
CGB8,0
SYTL3,0
SYTL4,0
SYTL5,0
ARHGAP12,0
RP1L1,0
CDRT7,0
CDRT8,0
ABCC12,0
SNORD46,0
SNORD38A,0
OPN4,0
ACLY,0
GNG8,0
H2AZ2,0
ACO1,0
TP53INP1,0
ACR,0
CEP41,0
FNIP1,0
BMS1P20,0
LIMS3,0
TGS1,0
MYL12B,0
EGLN2,0
EGLN3,0
BIRC8,0
CAVIN3,0
PRRT2,0
ERI2,0
SAT2,0
DTD2,0
GTF3C6,0
SNX18,0
CYTOR,0
MRAP2,0
RWDD2A,0
CMTM7,0
FAM71E1,0
TUBA3E,0
RDH13,0
IL17F,0
IFT43,0
STX1B,0
GLMP,0
KRT71,0
FDX2,0
HOGA1,0
WDR89,0
L3HYPDH,0
TP53RK,0
SGF29,0
PHF21B,0
VPS26B,0
GLB1L3,0
NACC1,0
CFAP36,0
MED8,0
KTI12,0
RPUSD1,0
PLCD3,0
PTH2,0
MTFR2,0
CDCA5,0
AHNAK2,0
SAAL1,0
IZUMO4,0
SCAMP4,0
ADAT3,0
CHST14,0
CASC4,0
KIF12,0
MISP3,0
SLC46A1,0
C12orf57,0
LARP4,0
GLCCI1,0
TMEM106A,0
SLC52A3,0
SFT2D1,0
TEX261,0
SMIM12,0
AZIN2,0
TMEM54,0
TUBA3D,0
HELQ,0
CMTM1,0
CYP2U1,0
ADPRHL1,0
MFSD3,0
SDSL,0
KLHDC7B,0
ODF3,0
ZBED6CL,0
PIK3IP1,0
HENMT1,0
FAM83F,0
SLC35A4,0
ZNF257,0
DTX2,0
ZIM3,0
TOE1,0
LINC00310,0
LINC00313,0
B3GALT5-AS1,0
LINC00334,0
TSPEAR-AS2,0
MCM3AP-AS1,0
BUD23,0
TRIM9,0
TXNRD3,0
UCN3,0
SIGLEC11,0
SLC2A13,0
LACTB,0
Unnamed: 14593,0
EFHC1,0
CGB1,0
CGB2,0
NLRP3,0
MAL2,0
SLC22A9,0
SNORD15B,0
TIRAP,0
MIR155HG,0
ERMAP,0
LRRC37B,0
ACO2,0
CSPG4P1Y,0
TTTY3,0
TTTY4,0
CARD16,0
PGLYRP2,0
PGLYRP3,0
PKD1L2,0
BTBD9,0
LMTK3,0
CSMD2,0
MBD6,0
XKR4,0
GPRIN1,0
CSMD3,0
SLC25A25,0
STK11IP,0
TUBGCP5,0
KLHL32,0
FMNL2,0
ELFN2,0
TMEM132B,0
PSMG3-AS1,0
SLITRK1,0
ESCO1,0
CCDC85A,0
TMEM200A,0
MYSM1,0
RNF157,0
GALNT13,0
SORCS1,0
KLHL29,0
ZBED9,0
RHPN1,0
LENG8,0
PNMA5,0
PWWP2A,0
SMYD4,0
FHAD1,0
SLAMF6,0
OSBPL1A,0
OSBPL5,0
OSBPL6,0
OSBPL7,0
OSBPL8,0
OSBPL9,0
OSBPL10,0
OSBPL11,0
C1QTNF1,0
C1QTNF2,0
C1QTNF3,0
C1QTNF4,0
C1QTNF5,0
C1QTNF6,0
C1QTNF7,0
FBXO32,0
TMEM123,0
EPB41L4A-AS1,0
SMIM19,0
GPRASP2,0
MRFAP1L1,0
TSGA13,0
PTPMT1,0
FLYWCH2,0
WDR31,0
VASN,0
ZNF618,0
CGAS,0
SLC26A9,0
NT5C3B,0
CCDC124,0
HAUS1,0
TNFRSF14-AS1,0
SLC26A7,0
MARCHF3,0
ZNF554,0
ATG4A,0
KCTD12,0
OMA1,0
DDIT4L,0
RAB42,0
SLC25A26,0
FBXO17,0
PCMTD1,0
GPR146,0
FCRL1,0
FCRL3,0
LRRC42,0
GBP4,0
GBP5,0
LRRC56,0
MALSU1,0
UHRF2,0
ZNF689,0
FCHO2,0
ARHGEF25,0
ZNF501,0
TENT5B,0
SLC5A11,0
TNFRSF13C,0
KIR3DL3,0
NOSTRIN,0
ALPK2,0
ARHGAP33,0
EVI5L,0
TRMT61A,0
RASGRP4,0
C12orf56,0
DIS3L,0
ARL11,0
FANCD2OS,0
IQCD,0
DHRS1,0
WDFY2,0
RAB3C,0
NXNL1,0
CTHRC1,0
TSR3,0
CCDC151,0
ZNF653,0
RNF166,0
RMI2,0
OSR2,0
LRRC58,0
LYSMD3,0
BATF2,0
SLC22A12,0
DNTTIP1,0
DIRC1,0
FOXP4,0
ZNF526,0
LRRC3B,0
KLHDC3,0
WDR92,0
NUS1,0
FAM210B,0
PHACTR3,0
CYYR1,0
ACOX1,0
TGM7,0
TM4SF19,0
FAM122A,0
ZMYND19,0
COX20,0
ABHD15,0
TLCD1,0
GINM1,0
MOGAT1,0
ACSM1,0
C8orf34,0
PANX3,0
EXOC3-AS1,0
RBP7,0
SLC26A8,0
LYPD1,0
IL22RA2,0
ZNF837,0
LINC01257,0
TM4SF18,0
RAB39B,0
GRIN3A,0
GRIN3B,0
TOP1MT,0
OLIG1,0
CLNK,0
TSEN15,0
NIBAN1,0
MAS1L,0
MRGPRD,0
APOA5,0
MRGPRE,0
MRGPRF,0
MRPL53,0
MRPL54,0
PPP1R27,0
N4BP2L2-IT2,0
RPL39L,0
ACP1,0
CNTROB,0
SNAP47,0
LEAP2,0
SLC18B1,0
ACP5,0
MED12L,0
CLRN1-AS1,0
SNORD83A,0
SNORD83B,0
WDR17,0
ART5,0
ACAP3,0
ARAP2,0
ARAP1,0
AGAP2,0
AGAP1,0
AGAP3,0
TADA1,0
CATSPER1,0
THEM4,0
Unnamed: 14803,0
DACH2,0
CATSPER2,0
SCGB3A2,0
SH2D1B,0
DCD,0
WFIKKN1,0
RAB3IP,0
SSX2IP,0
MRGPRX2,0
MRGPRX3,0
MRGPRX4,0
PLAAT5,0
FTSJ3,0
SLC16A10,0
GALNT15,0
IP6K3,0
DEFB118,0
CIB3,0
TAGAP,0
TMC1,0
TMC2,0
RLN3,0
TWIST2,0
PARD3B,0
RFFL,0
ZNF354B,0
TRIM6,0
LINC00161,0
UBE2J2,0
PCAT4,0
BORCS5,0
OLFM3,0
ANTXR2,0
MUCL1,0
GPR62,0
EXOSC6,0
C10orf71,0
PRAP1,0
ZNF511,0
CHCHD1,0
MSS51,0
CFAP70,0
C10orf90,0
BTBD16,0
FAM24A,0
PSTK,0
ZNF488,0
PIK3AP1,0
MORN4,0
ZFYVE27,0
MMP21,0
COMTD1,0
FRA10AC1,0
ANKRD22,0
SFXN2,0
PDZD8,0
AGAP4,0
BORCS7,0
LYZL2,0
AGAP11,0
GSTO2,0
SFR1,0
CALHM3,0
CLRN3,0
ANAPC16,0
PNLIPRP3,0
SFXN4,0
CPXM2,0
OR52E2,0
OR52J3,0
OR51A7,0
OR51S1,0
OR51F2,0
OR52R1,0
C11orf74,0
OR4C46,0
OR52M1,0
OR52K2,0
OR5P3,0
LARGE2,0
SLC36A4,0
FAT3,0
TRIM64,0
TMEM45B,0
CYP2R1,0
DBX1,0
COLCA2,0
PIH1D2,0
NXPE1,0
NXPE2,0
JAML,0
DNAJC24,0
ARL14EP,0
OR8I2,0
OR2D3,0
OR2D2,0
OR52W1,0
OR56A4,0
OR56A1,0
DEPDC4,0
LRRK2,0
CCDC38,0
TMEM52B,0
FAM186A,0
C12orf45,0
OR10P1,0
SDR9C7,0
LRIG3,0
TMEM132D,0
SLC15A4,0
RHEBL1,0
C12orf54,0
ZNF641,0
OR10AD1,0
TPH2,0
SP7,0
GTSF1,0
KRT74,0
NEDD1,0
IKBIP,0
H4-16,0
ERP27,0
FGD4,0
AEBP2,0
ASCL4,0
BTBD11,0
SPIC,0
ANO4,0
ALKBH2,0
FOXN4,0
SPPL3,0
TEX29,0
NRAD1,0
CSNK1A1L,0
RXFP2,0
TEX26,0
SLAIN1,0
SPACA7,0
TDRD9,0
ANKRD9,0
AK7,0
IFI27L1,0
C14orf28,0
TRAPPC6B,0
CLBA1,0
PLD4,0
ADSS1,0
RNASE11,0
TPPP2,0
RNASE8,0
MRPL52,0
PSMB11,0
OR4L1,0
OR11H6,0
LRR1,0
KLHDC1,0
FRMD6,0
SOCS4,0
NAA30,0
GPHB5,0
NOXRED1,0
JDP2,0
ISCA2,0
ACOT4,0
TTC8,0
TC2N,0
SLC24A4,0
SLC25A29,0
ACPP,0
KLHL33,0
LEO1,0
C15orf40,0
SENP8,0
MTFMT,0
SLC51B,0
TARS3,0
HIGD2B,0
LRRC28,0
TMEM266,0
NIPA1,0
AGBL1,0
HYKK,0
WHAMM,0
FSD2,0
PLA2G4E,0
C16orf46,0
NTAN1,0
FOPNL,0
DNAAF1,0
ACSM2A,0
DCUN1D3,0
NRN1L,0
CMTM3,0
C16orf78,0
SPATA2L,0
SPATA33,0
NOXO1,0
CCDC78,0
IQCK,0
ZG16B,0
PAQR4,0
ZC3H18,0
GPR139,0
CDYL2,0
ANKS3,0
UBALD1,0
SEPTIN12,0
ZNF720,0
TMEM219,0
EARS2,0
SNX20,0
TMEM170A,0
METTL23,0
HSF5,0
OR4D2,0
MSI2,0
SLC38A10,0
CANT1,0
USH1G,0
CD300LB,0
KIF19,0
ZPBP2,0
CYB5D1,0
OVCA2,0
USP43,0
KRBA2,0
C17orf64,0
SPATA32,0
HEXIM2,0
LSM12,0
CCDC43,0
CNTD1,0
TMEM132E,0
WFIKKN2,0
FLJ40194,0
B4GALNT2,0
SPACA3,0
RSKR,0
SEZ6,0
ANKRD13B,0
SLC43A2,0
CYB5D2,0
C17orf49,0
ZFP3,0
GGT6,0
SPNS2,0
EFCAB13,0
MRPL10,0
WDR81,0
RN7SK,0
TBC1D16,0
AFMID,0
GJD3,0
KRT222,0
KRT40,0
SNHG29,0
ZSWIM7,0
MIEF2,0
SLC5A10,0
FAM210A,0
LOXHD1,0
INO80C,0
TTC39C,0
DIPK1C,0
CLDND2,0
ZNF816,0
ZNF543,0
CEACAM20,0
RAVER1,0
OR7D4,0
OR7G1,0
OR1M1,0
COX6B2,0
CALR3,0
ACER1,0
MICOS13,0
MBD3L2,0
TRAPPC5,0
PCP2,0
OSCAR,0
ZNF813,0
ZNF441,0
ZNF491,0
ZNF440,0
SWSAP1,0
CCDC159,0
JOSD2,0
IZUMO2,0
CPT1C,0
ALDH16A1,0
NTN5,0
NLRP13,0
NLRP8,0
NLRP5,0
ZNF787,0
ZNF573,0
WDR88,0
TMIGD2,0
EID2B,0
TNFAIP8L1,0
ZNF57,0
IRGQ,0
ZNF428,0
JSRP1,0
MOB3A,0
MFSD12,0
GIPC3,0
NDUFA11,0
ACRV1,0
LRRC25,0
OR1I1,0
WTIP,0
ZNF792,0
NR2C2AP,0
HSPB6,0
CCDC105,0
CYP4F22,0
RINL,0
FBXO27,0
PLK5,0
C19orf47,0
LINC00661,0
OR10H4,0
ANKLE1,0
C2CD4C,0
GABPB2,0
TCHHL1,0
RPTN,0
CCDC163,0
TDRD10,0
SHE,0
KDF1,0
CCSAP,0
LRRC38,0
AADACL3,0
PUSL1,0
B3GALT6,0
WDR63,0
KLHDC9,0
AXDND1,0
ACTA1,0
IFFO2,0
SLC44A3,0
ATXN7L2,0
C1orf194,0
LYPLAL1,0
OR2M5,0
OR2M3,0
OR2T12,0
OR14C36,0
OR2T34,0
OR2T10,0
OR2T4,0
OR2T11,0
ATP6V1G3,0
ASB17,0
TYW3,0
ERICH3,0
LRRIQ3,0
TPRG1L,0
PRXL2B,0
MYOM3,0
DMBX1,0
TMCO2,0
ZNF684,0
TCEANC2,0
PODN,0
LRRC39,0
GJB4,0
HMGB4,0
RNF19B,0
A3GALT2,0
DCST2,0
DNAH14,0
OR2B11,0
ZNF648,0
TEDDM1,0
C1orf122,0
OSCP1,0
C1orf216,0
KLHDC7A,0
VWA5B1,0
UBXN10,0
C1orf87,0
ARL8A,0
SYT2,0
LINC00628,0
GOLT1A,0
UHMK1,0
FCRLB,0
WDR64,0
C1orf131,0
LIX1L,0
SPATA17,0
EDARADD,0
KLF17,0
TMEM125,0
TSACC,0
IQGAP3,0
NAXE,0
ARHGEF19,0
MRPL55,0
H2BU1,0
DRAM2,0
PIFO,0
C1orf162,0
OR10T2,0
OR10X1,0
OR10Z1,0
OR6K6,0
OR6N1,0
TATDN3,0
NKAIN4,0
VSTM2L,0
SNHG11,0
FITM2,0
WFDC12,0
SPATA25,0
OCSTAMP,0
TSHZ2,0
C20orf85,0
ZNF831,0
TBC1D20,0
SIRPD,0
C20orf141,0
PROKR2,0
SLX4IP,0
CSTL1,0
CST9L,0
CST9,0
MIR1-1HG,0
DUSP15,0
BPIFB6,0
BPIFA3,0
C20orf144,0
CHMP4B,0
PIGU,0
FAM83C,0
GAB4,0
C22orf39,0
TANGO2,0
ZNF280A,0
SGSM1,0
EMID1,0
ANKRD54,0
PPP1R21,0
TRABD2A,0
TMEM150A,0
NUP35,0
XIRP2,0
TYW5,0
NMS,0
LYG1,0
MITD1,0
DIS3L2,0
CMPK2,0
MBOAT2,0
CNTNAP5,0
TAF8,0
TMEM18,0
Unnamed: 15274,0
FBLN7,0
ACTB,0
RBM45,0
C2orf73,0
TRIM43,0
BBS5,0
CCDC173,0
ACMSD,0
ICA1L,0
FAM168B,0
OR9A4,0
CIB4,0
REG3G,0
RFTN2,0
CLHC1,0
PLEKHH2,0
AP1S3,0
C2orf76,0
SGPP2,0
ACVR1C,0
OSR1,0
TTC32,0
UBR3,0
KCTD18,0
FLACC1,0
ZNF513,0
SPATA3,0
LYPD6,0
LYPD6B,0
GALM,0
TMEM198,0
ZFAND2B,0
TMEM178A,0
CPO,0
MDH1B,0
C2orf50,0
SLC66A3,0
TMEM182,0
FBXO36,0
MTERF4,0
CCDC148,0
M1AP,0
CPNE4,0
CCDC58,0
KCNH8,0
DNAJC19,0
OTOL1,0
FAM3D,0
ZPLD1,0
LYZL4,0
KLHL40,0
TRIM71,0
FAM131A,0
CD200R1,0
CHCHD4,0
ZDHHC19,0
CRYBG3,0
DCBLD2,0
LRRC15,0
FAM43A,0
TPRA1,0
TMEM42,0
UROC1,0
ERICH6,0
NUDT16,0
COL6A6,0
GRK7,0
TMEM207,0
METTL6,0
TAMM41,0
IL17RE,0
RTP1,0
IQCF1,0
ACTC1,0
PPM1M,0
C3orf49,0
SNTN,0
SYNPR,0
LSMEM2,0
H1-8,0
OCIAD2,0
SCLT1,0
C4orf33,0
TMEM155,0
PABPC4L,0
ADAD1,0
ZFP42,0
LIN54,0
SPATA18,0
FAM241A,0
TMPRSS11B,0
GNPDA2,0
SPATA4,0
CPEB2,0
EVC2,0
ARL9,0
AASDH,0
PDCL2,0
C4orf36,0
PACRGL,0
TRAM1L1,0
OTOP1,0
ENPP6,0
SLC9B2,0
SETD9,0
IL31RA,0
EMB,0
SLCO6A1,0
C5orf47,0
PPARGC1B,0
MROH2B,0
EGFLAM,0
PRRC1,0
NADK2,0
UGT3A1,0
CAPSL,0
JMY,0
C5orf58,0
ZNF474,0
CCDC127,0
UBE2QL1,0
C5orf49,0
ATPSCKMT,0
CMBL,0
POU5F2,0
DNAJC21,0
AFAP1L1,0
GRPEL2,0
TMEM171,0
TMEM174,0
LSM11,0
POC5,0
GPR151,0
STARD4,0
WDR36,0
NUDCD2,0
UBLCP1,0
ACOT12,0
SOWAHA,0
SHROOM1,0
C5orf24,0
ADAT2,0
RIPPLY2,0
IRAK1BP1,0
CLVS2,0
TAAR9,0
TAAR1,0
STXBP5,0
NCOA7,0
HINT3,0
PACRG,0
B3GAT2,0
SDHAF4,0
CD109,0
RAET1E,0
PM20D2,0
SRSF12,0
C6orf141,0
HUS1B,0
TRIM40,0
MUCL3,0
TMEM270,0
TRIM50,0
OR9A2,0
LLCFC1,0
TMEM139,0
NOBOX,0
OR2A14,0
OR6B1,0
OR2F2,0
ZNF786,0
COL26A1,0
PRSS37,0
KLF14,0
SSMEM1,0
C7orf57,0
SVOPL,0
LRGUK,0
ASB10,0
PRSS58,0
MPLKIP,0
SSC4D,0
C7orf31,0
ASZ1,0
CLDN23,0
CCDC26,0
ZNF572,0
GOT1L1,0
FAM92A,0
VPS37A,0
NDUFAF6,0
TMEM68,0
ABRA,0
LYPD2,0
NKX2-6,0
TMEM71,0
SGCZ,0
ADHFE1,0
UBXN2B,0
PXDNL,0
GPAT4,0
UNC5D,0
LETM2,0
DCAF4L2,0
RALYL,0
HGSNAT,0
RNF183,0
NACC2,0
C9orf116,0
CARNMT1,0
C9orf57,0
C9orf85,0
C9orf135,0
LCN8,0
DIPK1B,0
PTRH1,0
PIP5KL1,0
TAF1L,0
PTPDC1,0
ARID3C,0
RPP25L,0
C9orf131,0
OR13C5,0
OR13C8,0
OR13C3,0
OR13C4,0
OR13F1,0
OR1L8,0
OR1N2,0
OR1N1,0
DBH-AS1,0
SLITRK4,0
MAGEC3,0
BEND2,0
PASD1,0
DCAF12L1,0
DGKK,0
PIH1D3,0
PWWP3B,0
FAM199X,0
AMER1,0
APOOL,0
HDX,0
FUNDC1,0
ADGRG4,0
PTCHD1,0
MAGEB10,0
DCAF8L1,0
VENTXP1,0
OTUD6A,0
UPRT,0
MAGEE2,0
MAGEB16,0
GAB3,0
PNCK,0
ZFP92,0
ACTRT1,0
GPR119,0
PAGE3,0
RBMXL3,0
DOCK11,0
SPIN4,0
RPS4Y2,0
KRTAP13-1,0
TCP10L,0
RNF113B,0
MUC17,0
ASB11,0
ASB5,0
ASB6,0
ASB7,0
ASB8,0
ASB9,0
MYL6B,0
ZNF358,0
MYO3B,0
RNF32,0
APOBEC3D,0
S100A16,0
CHODL,0
TCEAL2,0
SELENOM,0
NEK7,0
ZFP28,0
ACTRT2,0
GATA5,0
SLC32A1,0
C20orf96,0
BPIFA2,0
ZBTB46,0
WFDC3,0
GCNT7,0
NOL4L,0
CBLN4,0
CTCFL,0
TRIM69,0
MROH8,0
SAMD10,0
ACTG1,0
CCM2L,0
BRI3BP,0
SOGA1,0
TLDC2,0
RIMS4,0
SUN5,0
MACROD2,0
DYNLL2,0
ACTG2,0
UBE2F,0
ADAMTS14,0
NRSN1,0
SMCR5,0
SMCR8,0
RPL10L,0
TRPM6,0
KRT72,0
SRXN1,0
ROMO1,0
NEURL2,0
LINC00261,0
ZSWIM3,0
LINC01620,0
BANF2,0
NANP,0
FAM83C-AS1,0
MACROD2-IT1,0
LINC00266-1,0
SCP2D1,0
ACTN4,0
WFDC6,0
C20orf173,0
LINC00028,0
RIPOR3,0
CST11,0
DEFB129,0
ZNF280B,0
SIRPA,0
PABPC5,0
SREK1,0
RBBP8NL,0
CNBD2,0
STK35,0
R3HDML,0
DCANP1,0
MIB2,0
DUSP19,0
SLC34A3,0
ITLN2,0
RAB40A,0
ASB15,0
ASB14,0
ASB12,0
ACSM6,0
SAMD8,0
LIPJ,0
TRUB1,0
MPP7,0
FRMPD2,0
VTI1A,0
DYDC1,0
EIF5AL1,0
HECTD2,0
FGFBP3,0
C10orf82,0
CACUL1,0
SYT9,0
LDLRAD3,0
PSMA8,0
OR52B4,0
C11orf40,0
OR52I2,0
OR51E1,0
XRRA1,0
UBQLNL,0
MUC15,0
C11orf94,0
FAM76B,0
SESN3,0
PIWIL4,0
ARHGAP42,0
KBTBD3,0
CWF19L2,0
POGLUT3,0
LAYN,0
TTC36,0
SPINDOC,0
PLEKHA7,0
SPTY2D1,0
TMEM86A,0
OR10A5,0
OR2AG1,0
DNHD1,0
PRICKLE1,0
AMDHD1,0
SLC2A14,0
BCDIN3D,0
ALG10B,0
GLIPR1L2,0
RFLNA,0
ZNF664,0
LINC00477,0
ETFRF1,0
CPNE8,0
TMEM120B,0
WDR66,0
GLT1D1,0
TSPAN19,0
BEST3,0
E2F7,0
SOCS2-AS1,0
CEP83-DT,0
KRT80,0
CFAP54,0
A2ML1,0
A2M-AS1,0
C12orf66,0
C12orf60,0
FBXL14,0
RAD9B,0
PHETA1,0
LINC00934,0
LINC00410,0
FAM216B,0
LACC1,0
LINC00330,0
LINC00343,0
HNRNPA1L2,0
B3GLCT,0
LINC00239,0
LINC00637,0
RDH12,0
LINC00618,0
GSC,0
SERPINA12,0
PRIMA1,0
MIPOL1,0
PPP1R36,0
SLC38A6,0
ARMH4,0
FRMD6-AS1,0
ABHD12B,0
PTGR2,0
FAM161B,0
LRRC74A,0
ISM2,0
CEP128,0
MDP1,0
TTC7B,0
LRFN5,0
PWAR1,0
TERB2,0
LOC145694,0
C2CD4A,0
LYSMD4,0
FAM81A,0
GCOM1,0
LOC145783,0
C15orf65,0
PGPEP1L,0
LINC00924,0
DRAIC,0
LOC145845,0
C15orf61,0
C15orf32,0
HAPLN3,0
MESP2,0
TMCO5A,0
SPATA8,0
NRG4,0
LINC00052,0
ZSCAN29,0
TTBK2,0
CDAN1,0
SLC38A8,0
VWA3A,0
OTOA,0
ZFP90,0
CARMIL2,0
KCTD19,0
CMTM4,0
CMTM2,0
BEAN1,0
TEKT5,0
RNF151,0
PRR35,0
FBXL16,0
SSTR5-AS1,0
C16orf92,0
GSG1L,0
SLC22A31,0
IL34,0
ZNF597,0
BICDL2,0
TMED6,0
FLJ30679,0
LINC02135,0
ZNF785,0
ZNF688,0
PRSS36,0
C16orf89,0
C16orf71,0
MGAT5B,0
TOM1L2,0
TEPSIN,0
B3GNTL1,0
RBFOX3,0
CD300LF,0
C17orf77,0
DNAH2,0
RTN4RL1,0
EFCAB3,0
LINC02003,0
SLC47A2,0
CDRT15,0
CFAP52,0
CCDC42,0
PIK3R6,0
ODF4,0
C17orf50,0
SLFN13,0
SLC35G3,0
UNC45B,0
ARHGAP27P1,0
CD300LG,0
KIF18B,0
RUNDC1,0
EME1,0
TMEM199,0
PROCA1,0
DHRS13,0
KCTD11,0
LINC02210,0
LINC00974,0
NOTUM,0
TMC8,0
TRIM16L,0
WIPF2,0
KRT25,0
TMEM99,0
SCGB1C1,0
STARD6,0
C18orf25,0
ACTL6A,0
CBLN2,0
SLC25A52,0
DSG4,0
AQP4-AS1,0
ANKRD29,0
APCDD1,0
LINC00526,0
VSIG10L,0
C19orf84,0
SPACA6,0
ZNF480,0
ZNF534,0
ZNF578,0
ERVV-1,0
SMIM17,0
C19orf18,0
ZNF418,0
ZNF417,0
ZNF548,0
PPM1N,0
KLC3,0
IGSF23,0
LYPD4,0
ILF3-DT,0
ZNF560,0
TMEM190,0
HIPK4,0
TMC4,0
ZNF524,0
ZNF784,0
ZNF563,0
SPC24,0
CCDC155,0
DACT3,0
SIX5,0
IGFL2,0
ZNF420,0
ZNF565,0
NLRP4,0
ZNF582,0
ZNF583,0
FAM98C,0
CAPN12,0
DPY19L3,0
LGALS16,0
TTC9B,0
TICAM1,0
CIRBP-AS1,0
ZNRF4,0
ZNF599,0
FAM187B,0
CILP2,0
PROSER3,0
LINC00906,0
ZNF558,0
CDC42EP5,0
LINC00662,0
ZNF98,0
ZNF738,0
ZNF714,0
ZNF681,0
C19orf25,0
ATP8B3,0
LINC00905,0
DIRAS1,0
ZNF555,0
ZNF569,0
ZNF570,0
SYT6,0
C1orf74,0
CREB3L4,0
C1orf127,0
BROX,0
SAMD11,0
MRPL20-AS1,0
SAMD13,0
C1orf52,0
PHF13,0
CIART,0
TLCD4,0
NBPF4,0
UBE2U,0
SLC35F3,0
LINC00337,0
HJV,0
ANKRD35,0
FAM163A,0
OVAAL,0
B3GALNT2,0
MFSD4A,0
PM20D1,0
GCSAML,0
GCSAML-AS1,0
SLC30A7,0
CCDC27,0
ZNF436-AS1,0
KNCN,0
MOB3C,0
GLIS1,0
NBPF12,0
LELP1,0
RC3H1,0
MGC27382,0
DCDC2B,0
ZNF362,0
DCST1,0
CNIH3,0
LINC01341,0
MANEAL,0
IL23R,0
METTL11B,0
FAM78B,0
SHISA4,0
EXOC8,0
LOC149373,0
PDIK1L,0
BNIPL,0
CLDN19,0
CFAP57,0
C1orf210,0
CCDC24,0
BTBD19,0
CCDC17,0
LRRC71,0
SRARP,0
RNF187,0
PYHIN1,0
SPATA45,0
FAM71A,0
LOC149684,0
ADIG,0
GTSF1L,0
WFDC5,0
APCDD1L-DT,0
GNAS-AS1,0
PRNT,0
LINC00654,0
SHLD1,0
NOL4L-DT,0
COMMD7,0
BPIFB4,0
LSM14B,0
LIPI,0
LCA5L,0
IGSF5,0
SIK1,0
LINC00479,0
ZNF295-AS1,0
UMODL1-AS1,0
SLC9B1,0
CCT8L2,0
XKR3,0
LINC00895,0
LINC00896,0
AIFM3,0
RIMBP3C,0
YDJC,0
C22orf15,0
HSCB,0
CCDC117,0
HORMAD2,0
DUSP18,0
MORC2-AS1,0
C22orf42,0
ENTHD1,0
DNAJB7,0
ACTN1,0
MEI1,0
PHETA2,0
NFAM1,0
PNPLA5,0
PRR34-AS1,0
CDPF1,0
GTSE1-DT,0
TTL,0
CKAP2L,0
CBWD2,0
TEKT4,0
PRSS40A,0
SATB2-AS1,0
LINC01102,0
SMYD1,0
LINC01104,0
C2orf15,0
SILC1,0
OTOS,0
COPS9,0
OR6B3,0
COMMD1,0
PROM2,0
ANKAR,0
FBXO41,0
TTC30B,0
LINC00342,0
GPAT2,0
ITPRIPL1,0
FAM117B,0
TCF23,0
LOC150935,0
GAREM2,0
PUS10,0
LINC01963,0
LINC00309,0
LINC01106,0
SEPTIN10,0
KANSL1L,0
PLB1,0
ZSWIM2,0
LINC01854,0
ZNF385B,0
LINC01107,0
LINC02610,0
ERFE,0
ARL6IP6,0
METTL21A,0
CCNYL1,0
KLHL23,0
PPP1R1C,0
SGO2,0
C2CD6,0
SLC38A11,0
CCDC140,0
SLC23A3,0
LINC00608,0
GPBAR1,0
FAHD2B,0
LRATD1,0
RMDN2,0
GDF7,0
SLC16A14,0
LINC01907,0
LINC00471,0
GCSIR,0
ASPRV1,0
WDSUB1,0
UPP2,0
LBX2-AS1,0
GPR155,0
TTC14,0
DTX3L,0
TAFA4,0
SGO1,0
PP2D1,0
EFHB,0
LINC00635,0
PPM1L,0
WDR49,0
LRRC34,0
CPNE9,0
DPPA2,0
CCDC80,0
BTLA,0
CCDC12,0
MB21D2,0
PPP4R2,0
XXYLT1,0
RNF38,0
GLIPR2,0
ROPN1B,0
LINC00691,0
C3orf22,0
SLC66A1L,0
ZCWPW2,0
CMC1,0
NEK10,0
C3orf79,0
CCDC50,0
PYDC2,0
SPICE1,0
CMTM8,0
CCDC13,0
NCBP2AS2,0
LINC02085,0
FGD5,0
LINC02011,0
CNTN4,0
IGSF11,0
TEX55,0
ZNF827,0
SH3D19,0
NFXL1,0
NIPAL1,0
PAQR3,0
SHISA3,0
LINC01618,0
SCFD2,0
MGAT4D,0
WWC2-AS2,0
ZNF595,0
LINC01085,0
FAM218A,0
JAKMIP1,0
THAP6,0
ODAPH,0
KLB,0
FAM53A,0
PPM1K,0
C4orf45,0
TRMT44,0
RASGEF1B,0
DAB2IP,0
SLC38A9,0
MGC32805,0
SLC36A2,0
SPINK13,0
CREBRF,0
CEP120,0
SLC25A48,0
TMEM167A,0
MBLAC2,0
TMEM161B,0
SRFBP1,0
JAKMIP2-AS1,0
PLEKHG4B,0
ZMAT2,0
MARVELD2,0
C5orf38,0
IRX2,0
BTNL9,0
ARSK,0
FAM81B,0
TTC23L,0
LOC153684,0
CCDC112,0
FAM71B,0
PRELID2,0
SH3RF2,0
PLAC8L1,0
RNF145,0
LOC153910,0
ZC2HC1B,0
SNRNP48,0
CNKSR3,0
RAET1L,0
SAMD3,0
LINC01312,0
SLC2A12,0
LINC01010,0
MBOAT1,0
HDGFL1,0
PNLDC1,0
RNF217,0
NKAIN2,0
KHDC3L,0
CFAP206,0
LINC01600,0
BVES-AS1,0
LOC154449,0
CCDC167,0
RUNDC3B,0
ABCA13,0
BMT2,0
CLEC2L,0
FMC1,0
AMOT,0
VKORC1L1,0
AMOTL1,0
LINC00689,0
FEZF1-AS1,0
IQUB,0
C7orf77,0
KCTD7,0
C7orf66,0
TMEM213,0
GIMAP8,0
CRYGN,0
ZNF425,0
LOC155060,0
ZNF746,0
ACTN2,0
SLC2A7,0
AMZ1,0
METTL27,0
VPS37D,0
RBM33,0
AGR3,0
LOC157273,0
PRAG1,0
PEBP4,0
CDCA2,0
FER1L6-AS2,0
TMEM65,0
LINC00964,0
RDH10,0
BAALC-AS2,0
ANKRD46,0
ESCO2,0
FBXO16,0
LINC00599,0
LRATD2,0
C8orf37,0
VPS13B,0
FAM87A,0
TDRP,0
ERICH1,0
SLC7A13,0
TMEM74,0
FAM91A1,0
C8orf48,0
MCMDC2,0
CLVS1,0
NKX6-3,0
KCNU1,0
SBSPON,0
CAMSAP1,0
C9orf62,0
DOCK8-AS1,0
LINC00032,0
LINGO2,0
NXNL2,0
C9orf163,0
MAMDC4,0
LCN6,0
AK8,0
OR1Q1,0
ACTN3,0
RASEF,0
TTC39B,0
FAM201A,0
TRMT10B,0
TTC16,0
LINC02603,0
FAM120AOS,0
SAXO1,0
LINC00475,0
FREM1,0
KIAA2026,0
SPAAR,0
ZNF483,0
SHOC1,0
KIAA1958,0
TSTD2,0
ZNF782,0
LOC158434,0
LOC158435,0
PRUNE2,0
CBLL2,0
CSAG1,0
FMR1NB,0
USP27X-AS1,0
FAAH2,0
ZXDB,0
FAM47A,0
MOSPD2,0
ARHGAP36,0
RIBC1,0
AKAP14,0
RHOXF1,0
MAGEB6,0
CXorf65,0
AWAT1,0
AWAT2,0
ZDHHC15,0
USP51,0
TCEAL6,0
CH17-340M24.3,0
H2BW1,0
CXorf38,0
FAM122B,0
FAM122C,0
HSFY2,0
RBMY1F,0
USP54,0
NKX2-3,0
SLC35G1,0
CFAP58,0
SLC5A12,0
DEUP1,0
PATE1,0
C11orf65,0
LDHAL6A,0
C11orf42,0
TMTC2,0
CLEC12A,0
CLECL1,0
TMTC3,0
C12orf50,0
ALDH1L2,0
LMNTD1,0
DENND5B,0
GRASP,0
SLC5A8,0
PPTC7,0
CCDC63,0
CCDC60,0
DGKH,0
CCDC122,0
GPR180,0
STOML3,0
FAM71D,0
TMEM229B,0
ACTN1-AS1,0
SYNE3,0
CLEC14A,0
FITM1,0
REM2,0
TMEM30B,0
MDGA2,0
SAMD15,0
NOP9,0
EML5,0
STRC,0
CFAP161,0
TBC1D21,0
DNAAF4,0
OTUD7A,0
SPRED1,0
ODF3L1,0
PGBD4,0
ADAL,0
EXD1,0
FSIP1,0
ZFPM1,0
ADAD2,0
ITPRIPL2,0
C16orf82,0
ZFP1,0
ANKFN1,0
MARCHF10,0
MFSD6L,0
SLFN5,0
NAGS,0
RETREG3,0
TMEM92,0
PHOSPHO1,0
RHBDL3,0
TRPV3,0
ACVR1,0
FBXO39,0
SPPL2C,0
KRT28,0
USP32P1,0
ZNF519,0
C18orf54,0
ELOA3,0
ZNF836,0
ZNF610,0
ZNF600,0
ZNF320,0
ZNF497,0
ZNF550,0
ZNF296,0
DEDD2,0
ZNF846,0
OR7D2,0
ZNF579,0
ZNF791,0
ZNF564,0
ZNF709,0
ZNF433,0
ZNF114,0
ZNF567,0
ZNF383,0
ZNF781,0
EID2,0
ZNF780B,0
ACVR1B,0
LGI4,0
SYNE4,0
ZNF676,0
ZNF100,0
ZNF540,0
DENND2C,0
GBP6,0
PLPPR5,0
FNDC7,0
DENND1B,0
TDRD5,0
TOR1AIP2,0
CALML6,0
IFNLR1,0
CITED4,0
LEXM,0
SPRR4,0
KANK4,0
SASS6,0
SDE2,0
CNST,0
FAM43B,0
HFM1,0
PAQR7,0
TTC24,0
CCDC185,0
UBL4B,0
WFDC13,0
APCDD1L,0
LRRN4,0
TTLL9,0
CCDC116,0
CABP7,0
TMPRSS6,0
APOBEC3H,0
WBP2NL,0
DAW1,0
LONRF2,0
CCDC138,0
ADGRF3,0
TEX44,0
OXER1,0
TOGARAM2,0
FAM171B,0
C1QL2,0
UBXN2A,0
CLEC4F,0
DQX1,0
PARP15,0
SPTSSB,0
DNAJB8,0
GPR156,0
XIRP1,0
RNF168,0
CHST13,0
PRICKLE2,0
KBTBD12,0
SPATA5,0
BBS12,0
DCLK2,0
ADGRA3,0
TRIM60,0
FREM3,0
MMAA,0
ZBTB49,0
TIGD2,0
RASSF6,0
RBM46,0
SGMS2,0
MIER3,0
CDC20B,0
UGT3A2,0
TENT2,0
DCP2,0
NIM1K,0
LIX1,0
ZNF366,0
FAM151B,0
PRSS35,0
LCA5,0
OLIG3,0
TXLNB,0
DACT2,0
C6orf118,0
ZNF92,0
GALNTL5,0
DDX53,0
ZNF679,0
RNF133,0
THAP5,0
CCDC71L,0
PKD1L1,0
GIMAP7,0
ZNF467,0
BHLHA15,0
BMPER,0
ZNF800,0
CNBD1,0
SLC30A8,0
COL22A1,0
SNX31,0
TMEM64,0
ZNF596,0
IDO2,0
STKLD1,0
KCNV2,0
OLFML2A,0
TMEM252,0
QSOX2,0
GLIS3,0
ZNF883,0
ZNF169,0
TENT5D,0
SPIN3,0
FAM47B,0
TCEANC,0
ZCCHC12,0
ARX,0
FAM170B,0
TMEM273,0
FUT11,0
OIT3,0
C10orf91,0
PWWP2B,0
LINC00858,0
SSBP4,0
CLEC4C,0
ACTL10,0
DHX36,0
HTR3C,0
GIMAP1,0
GPHA2,0
S100Z,0
COMMD6,0
XAGE3,0
XAGE5,0
PSORS1C1,0
PSORS1C2,0
NUDT10,0
ADAMTS15,0
ADAMTS16,0
ADAMTS17,0
ADAMTS18,0
COX7B2,0
GSX2,0
KCNG3,0
PPP1R18,0
ZNF525,0
ZNF431,0
ZNF721,0
ANKRD24,0
ZNF384,0
ADAMTS19,0
ABHD11-AS1,0
ASXL1,0
SYNPO2,0
SPACA4,0
RHOV,0
NLRP6,0
LOC171391,0
ZNF675,0
CLYBL,0
ACVR2A,0
FAM9B,0
FAM9C,0
SPTSSA,0
PTCRA,0
POLR3H,0
ABHD3,0
PLAC4,0
PGAM5,0
B3GNT6,0
HIGD2A,0
KRT24,0
CYS1,0
AGO3,0
AGO4,0
SCAMP5,0
LINC00189,0
SDR16C5,0
PRXL2C,0
ZNF367,0
ANTXRL,0
EMX2OS,0
PLPP4,0
METTL15,0
MPZL3,0
IMMP1L,0
OR56B4,0
KRT78,0
RILPL2,0
DNAH10,0
AMN1,0
DTX3,0
METTL7B,0
C12orf77,0
ZFC3H1,0
MYRFL,0
PLBD2,0
FAM71C,0
RMST,0
CCER1,0
EEF2KMT,0
PIANP,0
DCP1B,0
ANO6,0
ARID2,0
METTL21C,0
VSTM4,0
PAOX,0
FAM24B,0
LINC00638,0
ADCY4,0
LINC01599,0
FAM227B,0
CT62,0
GRAMD2A,0
MGC15885,0
LCTL,0
UBR1,0
PATL2,0
SNAI3-AS1,0
LINC00311,0
LDHD,0
FCSK,0
MLKL,0
ZNF778,0
ACSF3,0
WDR90,0
EME2,0
NLRC3,0
NSMCE1,0
ZNF48,0
LKAAEAR1,0
DZIP1L,0
TTC21A,0
MCEMP1,0
ZNF627,0
DAND5,0
ZNF585A,0
NLRP7,0
GGN,0
CADM4,0
THAP8,0
U2AF1L4,0
ZNF626,0
NIBAN3,0
ADM5,0
ALG14,0
FAM76A,0
LINC00466,0
FYB2,0
TMEM201,0
TMEM61,0
CYP4Z1,0
FAAP20,0
CDCP2,0
SLC5A9,0
CC2D1B,0
NBPF11,0
NUDT17,0
TXLNA,0
TCTEX1D1,0
PLD5,0
C1orf100,0
SPAG17,0
SLFNL1,0
KRTCAP2,0
CRTC2,0
TMEM51-AS1,0
IBA57,0
FAM209A,0
LINC00656,0
LINC00528,0
RNF215,0
APOBEC3A,0
APOBEC3F,0
FOXD4L1,0
CFAP221,0
VWA3B,0
CREG2,0
TET3,0
GKN2,0
TEX37,0
ANKRD23,0
APLF,0
PIKFYVE,0
KRTCAP3,0
FAM237A,0
TMEM17,0
SPRED2,0
TIGD1,0
LOC200772,0
ACVR2B,0
C3orf67,0
KCTD6,0
LIPH,0
ARL13B,0
DHFR2,0
HTR3D,0
RPL22L1,0
SLC51A,0
FBXO45,0
KLHDC8B,0
MUC20,0
GABRR3,0
CEP112,0
DHRS7C,0
TVP23C,0
CENPV,0
FLCN,0
PLD6,0
ARHGAP27,0
ZNF385C,0
SAMD14,0
LYRM9,0
SLC16A13,0
SPEM2,0
CENPX,0
LRRC45,0
SLC39A11,0
TRIM65,0
UNC13D,0
RDM1,0
SPNS3,0
FBXO15,0
RAB12,0
DLGAP1-AS3,0
ZBTB7C,0
ZNF584,0
ZSCAN4,0
HACD2,0
STT3B,0
LINC00870,0
DNAH12,0
PDE12,0
DENND6A,0
TIGIT,0
C4orf46,0
SLC10A4,0
TIGD4,0
TMEM154,0
LINC00504,0
SMIM14,0
TMEM192,0
RWDD4,0
PRIMPOL,0
TAPT1,0
TAPT1-AS1,0
SPATA24,0
DNAJC18,0
FAM153B,0
RANBP3L,0
CCDC125,0
LINC01554,0
GAPT,0
CMYA5,0
STK32A,0
TCTE1,0
KHDRBS2,0
TRIM39-RPP21,0
PAXIP1-AS1,0
C7orf33,0
TMEM184A,0
ADCK5,0
TSNARE1,0
TUBB,0
R3HCC1,0
PRSS55,0
C8orf74,0
HTRA4,0
ADAM32,0
ERICH5,0
LGI3,0
TMEM268,0
C9orf72,0
CCDC171,0
NAIF1,0
FAM219A,0
CCDC107,0
ANKS6,0
SUSD3,0
LINC01560,0
SLC25A43,0
RTL3,0
NRK,0
INTS6L,0
ZNF449,0
VMA21,0
TMEM31,0
PAGE2,0
ANO5,0
CERS3,0
PDILT,0
NLRP11,0
HIPK1,0
SLC44A5,0
AMER3,0
MTLN,0
C2orf69,0
DIPK2A,0
SENP5,0
USF3,0
TRIML2,0
LVRN,0
SLC36A1,0
C6orf163,0
DHRSX,0
SFTA1P,0
SAMD9L,0
AMER2,0
ATAD3C,0
USP12,0
TMEM254-AS1,0
PLAC9,0
MTIF3,0
GSX1,0
OR4S2,0
OR5D14,0
OR8K5,0
OR8H1,0
OR8K3,0
OR5M3,0
OR5M8,0
LRRC55,0
SMTNL1,0
YPEL4,0
MED19,0
TEX47,0
ZNF804B,0
CABCOCO1,0
TMEM26,0
ZCCHC24,0
ENKUR,0
ARMC3,0
UNC5B,0
PROSER2-AS1,0
STOX1,0
FAM241B,0
TYSND1,0
ZNF25,0
GJD4,0
CCNY,0
RTKN2,0
TBATA,0
C11orf45,0
HYLS1,0
TMEM218,0
SLC37A2,0
OR8B12,0
OR8G5,0
OR10G8,0
OR10S1,0
TBCEL,0
TLCD5,0
MRPL21,0
TPCN2,0
SPATA19,0
OR9I1,0
OR9Q1,0
OR10Q1,0
OR5B17,0
OR5B21,0
GLYATL2,0
MPEG1,0
OR5A2,0
OR5A1,0
PATL1,0
OOSP2,0
MS4A15,0
VWCE,0
CYB561A3,0
PPP1R32,0
GDPD4,0
DDIAS,0
CCDC83,0
LTO1,0
SHANK2-AS3,0
LRTOMT,0
ERICH6B,0
CBY2,0
DLEU7,0
FAM124A,0
TPTE2P3,0
SKA1,0
CFAP53,0
GTSCR1,0
DOK6,0
ATOH7,0
OTUD1,0
HEPACAM,0
OAF,0
TIGD3,0
FAM181B,0
CCDC89,0
LRRC63,0
RNF152,0
USP32P2,0
CBWD5,0
WAC-AS1,0
ZNF438,0
ZEB1-AS1,0
SLC16A9,0
FAM13C,0
MARCHF8,0
C10orf25,0
TMEM72-AS1,0
HNRNPA3,0
ZNF485,0
RASGEF1A,0
REEP3,0
JMJD1C,0
UCMA,0
RPP38-DT,0
FAM171A1,0
SLC39A12,0
NSUN6,0
ARL5B,0
LRRN4CL,0
HNRNPUL2,0
ALKBH3,0
LINC02685,0
EEF1AKMT1,0
SKA3,0
MICU2,0
SPATA13,0
CPNE2,0
ADGRG5,0
PRSS54,0
CES5A,0
LINC00305,0
AK9,0
NT5DC1,0
CALHM4,0
ZUP1,0
FAM162B,0
TBC1D32,0
BEND6,0
GSTA5,0
OPN5,0
ADGRF4,0
ADGRF5,0
TDRD6,0
SPATS1,0
C6orf223,0
RSPH9,0
LRRC73,0
OARD1,0
KIF6,0
TMEM217,0
FGD2,0
PI16,0
C6orf89,0
ARMC12,0
SMIM29,0
LEMD2,0
ZBTB9,0
ZBTB12,0
C6orf136,0
KDM1B,0
RBM24,0
RNF182,0
PHACTR1,0
SMIM13,0
SYCP2L,0
LINC00518,0
PXDC1,0
SERPINB9P1,0
ZSCAN25,0
FAM200A,0
VWDE,0
PRPS1L1,0
TWISTNB,0
SP8,0
HOXA11-AS,0
JAZF1,0
PPP1R35,0
GPC2,0
BRAT1,0
SDK1,0
FOXK1,0
MMD2,0
DAGLB,0
CCZ1B,0
THSD7A,0
VSTM2A,0
DKFZp434L192,0
TMED4,0
MTURN,0
PRR15,0
SRRM3,0
RSBN1L,0
KIAA1324L,0
LRWD1,0
FAM185A,0
FBXL13,0
NAPEPLD,0
ATXN7L1,0
CDHR3,0
BEND7,0
LNX2,0
ADGRG3,0
HS3ST5,0
GPRC6A,0
RFX6,0
SLC35F1,0
FAM83B,0
ADGRF2,0
TSPO2,0
UNC5CL,0
KCTD20,0
PXT1,0
LHFPL5,0
SCUBE3,0
ZSCAN23,0
NKAPL,0
FAM217A,0
TMEM130,0
FERD3L,0
NYAP1,0
SLC29A4,0
ITPRID1,0
ZNRF2,0
SEMA3D,0
MAPK15,0
SPDYA,0
MS4A6E,0
VGLL2,0
CNPY4,0
DEFB108B,0
DEFB112,0
DEFB119,0
DEFB121,0
DEFB124,0
DEFB125,0
DEFB130A,0
ATP6V0D2,0
ATP6V1C2,0
TTTY10,0
CNOT6L,0
GAS2L2,0
AKR7L,0
CDC26,0
SLC17A8,0
RNASEH1,0
AFG1L,0
C21orf91-OT1,0
STAC3,0
PELI3,0
LINC00314,0
POLR2J2,0
STH,0
SPESP1,0
IL27,0
TMEM9,0
ZNF396,0
FAM197Y2,0
TTTY16,0
TTTY18,0
TTTY20,0
TTTY19,0
TTTY22,0
TTTY23,0
NEIL2,0
STXBP4,0
FNDC5,0
HEPACAM2,0
TECRL,0
HCG27,0
CUTALP,0
LINGO1-AS1,0
LINC00612,0
PRR14L,0
EPHX4,0
CDY1B,0
SERHL2,0
RICTOR,0
ZNF503-AS1,0
EIF4E1B,0
IPMK,0
ZBTB38,0
SLC25A30,0
LCLAT1,0
CADM2,0
LINC02052,0
TMEM244,0
GPATCH11,0
ZNF620,0
ANKRD18A,0
MMS22L,0
WASHC2C,0
EBF3,0
WDR27,0
CERS6,0
MSRB3,0
ZDHHC20,0
MIR1-1HG-AS1,0
ANGPTL5,0
YTHDF3,0
RALGAPA1,0
CACNA1G-AS1,0
SFTA3,0
KCTD13,0
ASPHD1,0
ETFBKMT,0
LOC254028,0
METAP1D,0
UBN2,0
LRRC43,0
BRWD3,0
LINC01342,0
ZNRD2-AS1,0
EHBP1L1,0
SNX32,0
NIFK-AS1,0
CXorf58,0
FBXO33,0
TTLL10,0
TSGA10IP,0
RNF169,0
CALHM5,0
BPIFC,0
LCORL,0
CNIH2,0
AKNAD1,0
TBC1D28,0
PHYHD1,0
LINC00710,0
ZDHHC24,0
MCM9,0
PROSER2,0
SLC41A1,0
C11orf86,0
MEIOB,0
LPCAT4,0
NUDT8,0
MIR9-3HG,0
LYG2,0
VXN,0
NAALADL2,0
TMEM256,0
OR2T6,0
ZDHHC23,0
LOC254896,0
LCE5A,0
MORN5,0
OR1L4,0
CALHM1,0
LINC00879,0
MPV17L,0
LINC00957,0
TMEM86B,0
CBARP,0
TAC4,0
CASC2,0
CFAP65,0
TMCO4,0
CFAP299,0
IGFBP7-AS1,0
LINC01018,0
SH3TC2-DT,0
PLA2G4F,0
CSNK1G2-AS1,0
TXNDC8,0
MCOLN2,0
ANKK1,0
LRRC57,0
MYADML2,0
EPGN,0
TMEM211,0
MBLAC1,0
TCP11L2,0
ZNF718,0
TEX49,0
RASGEF1C,0
TBX5-AS1,0
RNF144B,0
TOLLIP-AS1,0
ELMOD2,0
COL24A1,0
LINC01743,0
OR52B2,0
PCSK9,0
NPNT,0
TCTEX1D2,0
PDZD9,0
INAFM1,0
SMCO1,0
C19orf38,0
BCL6B,0
CNEP1R1,0
SYT14,0
PAN3,0
ANKRD31,0
LINC01619,0
ZNF549,0
COL6A5,0
SYCE2,0
TMEM196,0
OR4C3,0
HMCN2,0
CDRT15L2,0
STEAP1B,0
NUDT14,0
PTF1A,0
NATD1,0
CCDC110,0
LMNTD2,0
GK5,0
EML3,0
CCDC197,0
SCML4,0
SERPINA11,0
ST6GALNAC3,0
MFSD8,0
ACVRL1,0
TCERG1L,0
LYSMD2,0
BCLAF3,0
NUTM1,0
MAMDC2,0
GLIPR1L1,0
MAP7D2,0
WDR72,0
C10orf67,0
H2AZ1-DT,0
NPB,0
KANK3,0
ACY1,0
SUN3,0
SERINC5,0
TINCR,0
FRMD3,0
CATSPERE,0
CATSPERD,0
PLCXD2,0
ZNF683,0
ARHGAP30,0
GCSAM,0
RNF214,0
C9orf43,0
CFAP126,0
NEGR1,0
GPX6,0
DSCR9,0
SHPRH,0
CCDC96,0
KLHL34,0
UTS2B,0
LINC01366,0
SNX33,0
LOC257396,0
TAB3,0
C2orf72,0
FAM133B,0
ANKS4B,0
SVIP,0
ALS2CL,0
NCR3,0
LY6G6F,0
HSPA12A,0
SGMS1,0
NALCN,0
DSCR10,0
TMIE,0
WFDC11,0
WFDC9,0
MRGPRX1,0
ASPM,0
BOD1L1,0
MDS2,0
TAS2R39,0
TAS2R40,0
TAS2R41,0
TAS2R43,0
TAS2R31,0
TAS2R46,0
TAS2R30,0
TAS2R19,0
TAS2R20,0
TAS2R50,0
IL4I1,0
FAM205A,0
CYP4X1,0
MAGI3,0
PRSS33,0
PYDC1,0
FDCSP,0
TIPRL,0
STEAP2,0
NPHP4,0
SEC14L3,0
BRD3OS,0
BEST4,0
HS6ST3,0
MDGA1,0
NPAS4,0
RGL4,0
NAP1L5,0
D21S2088E,0
ADGRF1,0
PGBD2,0
PGBD3,0
RNU12,0
DAOA,0
ATP5MGL,0
SELENOH,0
SSX7,0
WFDC10B,0
LINC00515,0
IFNL2,0
IFNL3,0
IFNL1,0
AQP11,0
DAOA-AS1,0
OR51B5,0
OR5J2,0
RAB40AL,0
POC1B,0
ZNF311,0
C10orf53,0
FUOM,0
JAKMIP3,0
STK32C,0
LINC00700,0
BLOC1S2,0
RBM20,0
FLJ37201,0
LINC01553,0
LINC00841,0
ACYP1,0
ZMIZ1-AS1,0
MKX,0
C10orf126,0
WDR11-AS1,0
OR4C13,0
OR4C12,0
SBF2-AS1,0
CSNK2A3,0
TRIM49B,0
H19,0
MAJIN,0
SLC25A45,0
NEAT1,0
LINC02762,0
LINC00900,0
BCL9L,0
FOXR1,0
CCDC153,0
OR8D1,0
OR8D2,0
OR8B4,0
KIRREL3-AS3,0
C11orf44,0
MIR4697HG,0
LOC283177,0
OR9G4,0
LOC283194,0
LINC00301,0
P4HA3,0
PGM2L1,0
KLHL35,0
LOC283214,0
KCTD21,0
ACYP2,0
TMEM80,0
CCDC88B,0
TTC9C,0
SLC22A24,0
RCOR2,0
HARBI1,0
LINC00294,0
IGSF22,0
OR10A4,0
OLFML1,0
LOC283299,0
MRGPRG-AS1,0
OTOGL,0
C1RL-AS1,0
CD163L1,0
LINC02396,0
LOC283335,0
ZNF740,0
RASSF3,0
TMEM132D-AS1,0
B4GALNT3,0
OR6C6,0
ANKRD52,0
SLC39A5,0
SPRYD4,0
ADGRD1,0
MORN3,0
TRHDE-AS1,0
C12orf80,0
LINC00592,0
LINC01465,0
DPY19L2,0
CLEC9A,0
LINC01559,0
GAS2L3,0
LINC00485,0
ITFG2-AS1,0
MYO1H,0
HECTD4,0
KSR2,0
GATC,0
HNF1A-AS1,0
C12orf40,0
MUC19,0
GXYLT1,0
TMPRSS12,0
FGF14-IT1,0
FGF14-AS2,0
LINC00551,0
LINC00567,0
LINC00346,0
CHAMP1,0
SIAH3,0
KCNRG,0
TMEM272,0
SLC46A3,0
LINC00639,0
LINC01588,0
LINC00640,0
GPR137C,0
PROX2,0
ADA,0
ZDHHC22,0
TMED8,0
C14orf178,0
LINC01148,0
LINC01146,0
FAM181A-AS1,0
SNHG10,0
C14orf177,0
SLC25A47,0
LINC00523,0
LINC00641,0
TSSK4,0
FAM177A1,0
CEP170B,0
TEDC1,0
HMGN2P46,0
SLC24A5,0
PRTG,0
LINC00926,0
EWSAT1,0
REC114,0
LOC283683,0
GOLGA6L2,0
ST20-AS1,0
LINC00927,0
CPEB1-AS1,0
OR4N4,0
LOC283710,0
SAXO2,0
LOC283731,0
NTRK3-AS1,0
FAM98B,0
PLA2G4D,0
LINC00928,0
GOLGA6L1,0
GOLGA8G,0
FAM169B,0
FBXL22,0
NOMO2,0
TERB1,0
CES4A,0
ADAM8,0
CASC22,0
LOC283856,0
LINC00304,0
LINC00922,0
NPW,0
BRICD5,0
PGP,0
LINC00514,0
LINC00921,0
LINC02175,0
IL21R-AS1,0
C16orf54,0
INO80E,0
HCCAT5,0
LINC01566,0
LOC283922,0
NUDT7,0
FBXL19-AS1,0
ZNF843,0
NHLRC4,0
C16orf91,0
TMEM114,0
PDXDC2P-NPIPB14P,0
CLEC18C,0
LINC00469,0
FADS6,0
HID1,0
TSEN54,0
UBALD2,0
LINC00868,0
TMEM235,0
CCDC57,0
HEXD,0
LOC284009,0
VMO1,0
C17orf58,0
MILR1,0
RNF227,0
LINC00324,0
LINC00670,0
CDRT4,0
CCDC144B,0
KANSL1,0
CFAP97D1,0
FAM171A2,0
MEIOC,0
TTLL6,0
PICART1,0
Unnamed: 17541,0
NEK8,0
PIGW,0
C17orf78,0
CISD3,0
GSDMA,0
SLC13A5,0
TMEM102,0
CAVIN1,0
FAM27E5,0
FLJ36000,0
SLC26A11,0
ENDOV,0
GDPD1,0
NDUFAF8,0
LINC00482,0
TMEM105,0
LGALS9B,0
METRNL,0
DLGAP1-AS5,0
LAMA1,0
ANKRD20A9P,0
CYP4F35P,0
KCTD1,0
DYNAP,0
BOD1L2,0
LINC00907,0
SIGLEC15,0
ZADH2,0
SMIM21,0
LINC00908,0
HMSD,0
LINC01924,0
SSC5D,0
ZNF547,0
ZIK1,0
ZNF776,0
ZSCAN1,0
ZNF780A,0
C19orf54,0
PRR19,0
TMEM145,0
CXCL17,0
LOC284344,0
ZNF575,0
LYPD5,0
ZNF283,0
PPP1R37,0
NKPD1,0
TPRX1,0
MAMSTR,0
IZUMO1,0
EMC10,0
LINC01869,0
KLK9,0
SIGLECL1,0
ZNF615,0
ZNF841,0
ACTL9,0
OR2Z1,0
ZNF561-AS1,0
ZNF763,0
ZNF844,0
LOC284395,0
SCGB2B2,0
WDR62,0
ZFP82,0
ZNF790-AS1,0
LOC284412,0
VSTM1,0
TMEM150B,0
FAM71E2,0
SMIM24,0
MIR7-3HG,0
SLC25A41,0
OR10H5,0
NWD1,0
SLC25A42,0
LINC00663,0
ZNF493,0
ODF3L2,0
LOC284454,0
ZNF875,0
TAFA3,0
RIIAD1,0
THEM5,0
C1orf167,0
OR2L13,0
SLC9C2,0
CYP4A22,0
C1orf185,0
LINC01226,0
NBPF15,0
LINC00303,0
LEMD1-AS1,0
FAM41C,0
FAM102B,0
SYPL2,0
CYB561D1,0
ANKRD34A,0
RUSC1-AS1,0
LINC02800,0
LINC01686,0
SMG7-AS1,0
RSPO1,0
EPHA10,0
LINC01777,0
SNHG28,0
SPATA46,0
LINC01142,0
ZNF326,0
BTBD8,0
RIMKLA,0
SLC25A34,0
C20orf204,0
LINC00494,0
LINC01270,0
C20orf197,0
MIR646HG,0
SIRPB2,0
LOC284788,0
LOC284798,0
FAM182A,0
MIR663AHG,0
C20orf203,0
LINC01697,0
LINC00323,0
LINC00319,0
AATBC,0
LOC284865,0
MIF-AS1,0
LOC284898,0
TTC28-AS1,0
SEC14L4,0
LOC284930,0
LOC284933,0
SH2D6,0
LOC284950,0
CCDC150,0
RNF149,0
LINC01114,0
ALKAL2,0
CCDC141,0
STARD7-AS1,0
LINC01936,0
LINC00486,0
STPG4,0
LINC01305,0
RTP5,0
DNAJC5G,0
ERICH2,0
IAH1,0
FLJ33534,0
CYP1B1-AS1,0
FAM126B,0
UNC80,0
RUFY4,0
RGPD4,0
DUSP28,0
TUSC7,0
SLC9A9,0
EOGT,0
LINC00636,0
EPHA6,0
DNAJB8-AS1,0
FBXW12,0
C3orf38,0
HTR3E,0
ENTPD3-AS1,0
ZNF619,0
ZNF621,0
RABL3,0
LINC00877,0
C3orf56,0
IGSF10,0
C3orf33,0
LINC00692,0
CCDC66,0
SLC9C1,0
TCAIM,0
ZNF852,0
ZNF660,0
KIF9-AS1,0
SUMF1,0
RPUSD3,0
PRRT3,0
LINC00606,0
LINC00620,0
DPH3,0
C3orf70,0
TPRG1,0
LINC00698,0
ALG1L9P,0
LINC01091,0
DCAF4L1,0
CYP4V2,0
F11-AS1,0
RPL34-AS1,0
CTBP1-AS,0
Unnamed: 17743,0
LINC02495,0
DOK7,0
LINC00955,0
RNF212,0
LINC01098,0
FAM13A-AS1,0
GPRIN3,0
COX18,0
YIPF7,0
FRYL,0
RNF175,0
SEPSECS-AS1,0
LINC01097,0
FAM200B,0
STPG2,0
LINC01019,0
EFCAB9,0
SH3PXD2B,0
LOC285593,0
FAM153A,0
ARL10,0
KIAA0825,0
GPR150,0
DTWD2,0
RELL2,0
LOC285626,0
LINC01845,0
LINC02159,0
C5orf51,0
SLC36A3,0
KIF4B,0
C5orf64,0
RNF180,0
SREK1IP1,0
ZNF454,0
C5orf60,0
LINC02112,0
BASP1-AS1,0
RGMB,0
LINC00491,0
LINC00326,0
PHACTR2-AS1,0
CEP57L1,0
PPIL6,0
MROCKI,0
FLJ34503,0
DCBLD1,0
LOC285766,0
LY86-AS1,0
CAGE1,0
PACRG-AS1,0
PRR18,0
LOC285804,0
HLA-F-AS1,0
HCG22,0
LOC285847,0
PNPLA1,0
TREML4,0
RPL7L1,0
POM121L12,0
VSTM2A-OT1,0
CNPY1,0
LOC285889,0
LINC00174,0
LINC02860,0
HOXA-AS2,0
INHBA-AS1,0
SPDYE1,0
SNHG15,0
WEE2-AS1,0
EPHA1-AS1,0
TCAF2,0
ZNF775,0
LINC00996,0
ATG9B,0
DLX6-AS1,0
ZNF789,0
SLC26A4-AS1,0
LSMEM1,0
FLJ40288,0
XKR6,0
NSMCE2,0
LOC286059,0
ZNF707,0
BREA2,0
FAM83H,0
LOC286083,0
LINC01591,0
MICU3,0
ZNF252P-AS1,0
LINC02153,0
C8orf31,0
ZFP41,0
SCARA5,0
LINC02209,0
TRIQK,0
DPY19L4,0
FBXO43,0
LOC286177,0
LOC286178,0
NKAIN3,0
LINC01289,0
LINC01299,0
PPP1R42,0
C8orf34-AS1,0
LACTB2-AS1,0
CRB2,0
SCAI,0
CFAP157,0
C9orf47,0
SPATA31E1,0
LINC02843,0
LCN12,0
PAXX,0
TPRN,0
LOC286297,0
TUSC1,0
FAM225A,0
FAM78A,0
LURAP1L,0
OR13C9,0
OR13D1,0
MIR4290HG,0
FOXD4L3,0
ATP11C,0
LINC00632,0
NLRP2B,0
H2BW2,0
LINC01281,0
YIPF6,0
CFAP47,0
FIRRE,0
FAM133A,0
MAGEB18,0
TMSB15B,0
P2RY8,0
ILDR1,0
STON1-GTF2A1L,0
TRARG1,0
LIN9,0
TRIM59,0
KRT6C,0
TRIM42,0
NOP14-AS1,0
EIF4E3,0
FAM149B1,0
RFESD,0
VN1R2,0
VN1R4,0
KLHL10,0
DHRS4L2,0
MESTIT1,0
POTED,0
ADAM20P1,0
C14orf39,0
CCDC85C,0
H2AC21,0
DDX51,0
ITPK1-AS1,0
TTC6,0
TAAR6,0
KRT73,0
SNORD8,0
SNORD56B,0
ZAR1,0
RAB37,0
MMAB,0
SERPINA9,0
PPM1J,0
SNAI3,0
H3C15,0
UBAC2,0
CHSY3,0
KRTAP7-1,0
KRTAP8-1,0
KRTAP11-1,0
KRTAP6-1,0
KRTAP19-7,0
KRTAP21-1,0
KRTAP20-3,0
LINC00524,0
LINC00226,0
LINC00221,0
ST7-OT4,0
FAM151A,0
NLRP9,0
NLRP10,0
NLRP14,0
S100A7A,0
GPIHBP1,0
CLEC4D,0
IFNE,0
ADAM10,0
TAS2R60,0
SNORD109B,0
SNORD115-1,0
BLACE,0
ANO9,0
HCAR2,0
FFAR4,0
KCNK18,0
ANKRD30BP3,0
LINC00705,0
ST8SIA6,0
DUPD1,0
LUZP2,0
KRTAP5-AS1,0
KCNQ1-AS1,0
CCDC84,0
TMEM225,0
OR8D4,0
ANKRD13D,0
LOC338694,0
ANKRD42,0
B4GALNT4,0
CSTF3-DT,0
OR52L1,0
OR2AG2,0
ATP2B1-AS1,0
C1QL4,0
TMEM119,0
KRT79,0
LINC02370,0
LINC01089,0
C12orf74,0
TAFA2,0
LINC01252,0
SLCO1B7,0
LINC00550,0
LINC00347,0
C1QTNF9,0
RNASE10,0
VSX2,0
TMEM202,0
LOC338963,0
PKD1P1,0
LOC339059,0
PRSS53,0
RAB43,0
JMJD8,0
FAM92B,0
LOC339166,0
TMEM95,0
METTL2A,0
CCDC144NL,0
ASB16-AS1,0
C17orf67,0
ENPP7,0
OXLD1,0
CCDC137,0
ARL16,0
LOC339260,0
LINC02693,0
MSL1,0
LINC00667,0
LRRC30,0
LOC339298,0
CPLX4,0
ZNF181,0
ZNF260,0
ZNF546,0
MYPOP,0
NANOS2,0
ADAMTSL5,0
CLEC4G,0
LINGO4,0
FLG-AS1,0
RXFP4,0
ANKRD45,0
LINC01343,0
C1orf174,0
KLHL17,0
TMEM240,0
TMEM52,0
BRINP3,0
ZBTB8OS,0
TFAP2E,0
ZNF678,0
PRSS38,0
LINC01141,0
CCDC190,0
LINC01140,0
LINC02774,0
LINC01139,0
ARMH1,0
ZFP69,0
LINC01734,0
LOC339593,0
LINC01692,0
SLC35E4,0
LOC339666,0
TEX33,0
SPOPL,0
MAP3K20-AS1,0
CYP27C1,0
MROH2A,0
ESPNL,0
FAM166C,0
PRR30,0
LINC00298,0
LINC00299,0
LOC339803,0
C2orf74,0
LINC02579,0
LINC01115,0
CCDC39,0
ADAR,0
KY,0
LOC339862,0
LOC339874,0
C3orf35,0
LINC00880,0
GADL1,0
PRSS42P,0
EHHADH-AS1,0
LPP-AS2,0
H1FX-AS1,0
CCDC158,0
TMPRSS11A,0
LOC339975,0
TRIML1,0
LRRC66,0
LINC02260,0
NAT8L,0
LINC02433,0
SLC6A19,0
PRR7-AS1,0
STING1,0
FAM170A,0
C5orf66-AS2,0
SLC25A48-AS1,0
ARSI,0
LINC01020,0
LINC02239,0
LINC02120,0
ANKRD34B,0
SLC35D3,0
ZC3H12D,0
MYLK4,0
DPPA5,0
CLPSL1,0
TREML1,0
ZNF680,0
UNCX,0
COL28A1,0
ABCB5,0
FAM221A,0
CTAGE6,0
TSPAN33,0
AGBL3,0
LOC340357,0
KLHL38,0
NRBP2,0
ZNF517,0
WDR97,0
TMEM249,0
RSPO2,0
ZDHHC21,0
ACER2,0
LOC340512,0
LINC01501,0
RTL5,0
NHSL2,0
PABPC1L2A,0
NEXMIF,0
BEX5,0
TCEAL5,0
MORF4L2-AS1,0
VSIG1,0
ZC3H12B,0
SATL1,0
DCAF12L2,0
LINC02243,0
LHFPL1,0
EZHIP,0
FAM41AY1,0
LIPM,0
CYP26C1,0
VWA2,0
NANOS1,0
LRIT2,0
HMX3,0
MALRD1,0
EBLN1,0
OR52B6,0
OTOG,0
DCDC1,0
C11orf53,0
MS4A10,0
OR2AT4,0
HEPHL1,0
OR10A2,0
OVCH2,0
SMCO2,0
OVCH1,0
SYT10,0
ACSM4,0
ANKRD33,0
OR6C2,0
ADARB1,0
OR8S1,0
FREM2,0
NEK5,0
SLC35F4,0
LRRC9,0
COX8C,0
GLDN,0
GOLGA6A,0
TMC3,0
ZNF774,0
FMN1,0
C16orf96,0
ZKSCAN2,0
ATXN1L,0
PKD1L3,0
CD300E,0
SMTNL2,0
NACA2,0
KRT27,0
SLFN14,0
STAC2,0
ANKRD62,0
VSTM2B,0
ZNF850,0
NCCRP1,0
SYCN,0
LEUTX,0
ZNF404,0
ZNF284,0
C19orf81,0
ZNF677,0
RFPL4A,0
ZSCAN5B,0
ZSCAN22,0
NANOS3,0
PALM3,0
ADARB2,0
AADACL4,0
HNRNPCL1,0
PRAMEF9,0
PRAMEF10,0
CCDC18,0
OR6F1,0
OR2W3,0
OR2T8,0
OR2T3,0
MYBPHL,0
OR10R2,0
FCRL6,0
KCNT2,0
BARHL2,0
OR2T29,0
ARHGAP40,0
RSPO4,0
TGM6,0
XKR7,0
MSGN1,0
KIAA1211L,0
FIGLA,0
NOTO,0
NCKAP5,0
FOXI3,0
EVX2,0
CDKL4,0
SH3RF3,0
GPR148,0
DUBR,0
LRRIQ4,0
SAMD7,0
AADACL2,0
GPR149,0
ZNF860,0
TMPRSS7,0
CD200R1L,0
PAQR9,0
RTP2,0
OSTN,0
ATP13A5,0
PRSS48,0
SOWAHB,0
LRIT3,0
MSANTD1,0
SLC10A6,0
HSD17B13,0
PFN3,0
ZNF879,0
PLCXD3,0
IRGM,0
FBLL1,0
MCIDAS,0
ACTBL2,0
FAM174A,0
MTX3,0
RSPH4A,0
ECT2L,0
EYS,0
ZNF391,0
ZFP57,0
SEPTIN14,0
MACC1,0
OR6V1,0
OR2A12,0
GNAT3,0
MOGAT3,0
FAM71F2,0
STRA8,0
KLRG2,0
SLC10A5,0
QRFP,0
OR1J1,0
OR1B1,0
KIF24,0
IGFBPL1,0
CAVIN4,0
ZNF81,0
ITIH6,0
LANCL3,0
DCAF8L2,0
SOWAHD,0
CCDC160,0
DGAT2L6,0
RAB41,0
ARSH,0
TUBB8,0
SOX2-OT,0
LRRTM1,0
LRRTM3,0
CATSPER3,0
TUBB2B,0
SLC35B2,0
SERINC2,0
NME9,0
OTOP3,0
C6orf52,0
TBX10,0
GATD1,0
AMIGO2,0
EP400P1,0
TMEM255B,0
LINC00442,0
RBPMS2,0
ANKDD1A,0
ARPIN,0
LINC01193,0
ACSM2B,0
CLEC18A,0
CTU2,0
SKA2,0
CCL15-CCL14,0
MCRIP1,0
SELENOV,0
ZNF530,0
SHISAL2A,0
FAM131C,0
C22orf34,0
GEN1,0
Unnamed: 18325,0
FTCDNL1,0
SPATA3-AS1,0
WDR53,0
LNP1,0
CFAP100,0
NPHP3-AS1,0
TPRXL,0
FAM86EP,0
SLC6A18,0
NIPAL4,0
HCN1,0
NUP43,0
ZNF713,0
LINC00265,0
ADCY1,0
GJC3,0
LOC349160,0
FOXD4L4,0
TLR8-AS1,0
NMNAT3,0
PLET1,0
RTN4RL2,0
GPR142,0
DNAAF3,0
ADCY2,0
C6orf58,0
ZNF429,0
RAET1G,0
RILPL1,0
LCE1E,0
LCE2A,0
LCE2C,0
LCE3E,0
TBC1D26,0
TAS2R42,0
ZACN,0
SLCO4C1,0
KAAG1,0
PADI6,0
ZNF445,0
ADCY3,0
RGSL1,0
ANKRD37,0
KRTAP12-2,0
SPATA12,0
KRTAP12-1,0
KRTAP10-10,0
GPR141,0
ZNF233,0
TICAM2,0
POLN,0
BMP8A,0
ADCY5,0
BPIFB3,0
DPPA3,0
KCNIP4-IT1,0
RFLNB,0
IRF2BP2,0
ZBTB41,0
NANOGNB,0
TMPRSS9,0
GLT6D1,0
PRAC2,0
GSTK1,0
USP50,0
DND1,0
CDRT1,0
NDUFS7,0
PTCHD3,0
NHLRC2,0
CCDC172,0
GALNT18,0
NCR3LG1,0
LINC02716,0
FAM111B,0
TMEM179B,0
TBC1D10C,0
DNAJB13,0
LOC374443,0
KRT77,0
PTPRQ,0
C12orf42,0
TPTE2P6,0
ASPG,0
TEX9,0
KIF7,0
ZNF710,0
HDDC3,0
TEPP,0
SPEM1,0
EFCAB5,0
LRRC37A3,0
ANKRD30B,0
CCDC178,0
ATP9B,0
PEAK3,0
HSD11B1L,0
TEX45,0
ZNF699,0
TMEM205,0
YJEFN3,0
LINC01785,0
SBSN,0
ZNF829,0
ZNF568,0
B3GNT8,0
IGFL1,0
ZSWIM9,0
ZNF773,0
DRAXIN,0
SPATA21,0
SVBP,0
TEX38,0
MROH7,0
MIGA1,0
ADCY6,0
PEAR1,0
SFT2D2,0
MIA3,0
STUM,0
FAM89A,0
PFN4,0
FAM228B,0
LOC375196,0
ANKRD36,0
RBM43,0
LINC01116,0
CERKL,0
CATIP,0
RBM44,0
AQP12A,0
LHFPL4,0
TOPAZ1,0
C3orf62,0
STIMATE,0
NRROS,0
C5orf34,0
MAST4,0
SIMC1,0
GJB7,0
VWC2,0
TRIM73,0
NAT16,0
SLC26A5,0
LHFPL3,0
KCP,0
SPATC1,0
ENHO,0
PTAR1,0
ERCC6L2,0
SWI5,0
C9orf50,0
PNPLA7,0
ADCY7,0
CYSRT1,0
LRRC10,0
RAB15,0
SLC27A1,0
ZC3H6,0
KLHL30,0
PRSS45P,0
USP17L2,0
CA13,0
ENTPD8,0
TRIM74,0
RN7SL2,0
CENPS,0
LINC-PINT,0
CATSPER4,0
PICSAR,0
LINC00317,0
COL18A1-AS1,0
MIR381HG,0
NHLRC1,0
RNF148,0
ADCY8,0
RBMY1B,0
PSMA3-AS1,0
CHKB-CPT1B,0
RNF144A-AS1,0
ZFP91-CNTF,0
KCTD8,0
SAP30L-AS1,0
IL31,0
KRTAP10-4,0
KRTAP10-6,0
KRTAP10-7,0
KRTAP10-9,0
KRTAP10-1,0
KRTAP10-11,0
KRTAP10-2,0
KRTAP10-5,0
KRTAP10-8,0
KRTAP10-3,0
KRTAP12-3,0
KRTAP12-4,0
KRTAP10-12,0
AMIGO3,0
ZNF582-AS1,0
ZKSCAN4,0
LINC00533,0
SNHG5,0
SUMO4,0
CENPW,0
SOGA3,0
LINC00222,0
CEP85L,0
NPSR1,0
C6orf120,0
KRTAP5-1,0
KRTAP5-3,0
KRTAP5-10,0
TBPL2,0
NSUN4,0
THEMIS,0
LINC00320,0
RASL11A,0
GPR153,0
TMEM189,0
TMEM189-UBE2V1,0
TPTEP1,0
ILDR2,0
SLC22A25,0
C10orf113,0
SKIDA1,0
FAM238C,0
WASHC2A,0
SH2D4B,0
C10orf99,0
SLC16A12,0
CC2D2B,0
ENO4,0
ARMS2,0
TEX36,0
C10orf143,0
IFITM5,0
FAM99A,0
OR56B1,0
INSC,0
FIBIN,0
C11orf96,0
SLC22A10,0
SPDYC,0
LIPT2,0
VSTM5,0
LINC02764,0
CLEC2A,0
CLEC12B,0
REP15,0
CCDC184,0
C12orf75,0
CFAP73,0
TMEM233,0
KMT5A,0
LINC00944,0
C1QTNF9B,0
SHISA2,0
NHLRC3,0
SERP2,0
LINC01551,0
TOMM20L,0
LINC01550,0
RTL1,0
TMEM179,0
CCDC9B,0
TNFAIP8L3,0
C2CD4B,0
INSYN1,0
SPATA41,0
PRR25,0
SBK1,0
LOC388242,0
C16orf87,0
C16orf97,0
LOC388282,0
C16orf86,0
Unnamed: 18610,0
ADCY9,0
INCA1,0
SCIMP,0
C17orf100,0
SPDYE4,0
TMEM220,0
SHISA6,0
LRRC75A,0
TMIGD1,0
CCL4L1,0
C17orf98,0
LINC00671,0
CCDC103,0
RPRML,0
YPEL2,0
LINC01999,0
C17orf82,0
ADCYAP1,0
PVALEF,0
POTEC,0
ZNF788P,0
CLEC17A,0
ZNF728,0
RGS9BP,0
KRTDAP,0
ZNF790,0
CEACAM16,0
BLOC1S3,0
BHMG1,0
IGFL3,0
ZNF808,0
ZNF888,0
ZNF761,0
TMEM238,0
ZNF470,0
ZNF749,0
ZNF324B,0
C1QTNF12,0
HES5,0
SMIM1,0
RNF207,0
TMEM82,0
TRNP1,0
CD164L2,0
TRABD2B,0
LDLRAD1,0
GBP7,0
C1orf146,0
DIPK1A,0
SLC6A17,0
NOTCH2NLA,0
LINC01138,0
LYSMD1,0
HRNR,0
FLG2,0
C1orf189,0
LINC00272,0
C1orf53,0
TMEM81,0
CAPN8,0
COA6,0
C1orf229,0
LOC388780,0
SMIM26,0
SNHG17,0
FAM209B,0
LOC388813,0
MIR99AHG,0
LINC00316,0
CCDC188,0
FAM230I,0
LRRC75B,0
OGFRP1,0
LINC00207,0
MFSD2B,0
PCARE,0
LINC01913,0
TMEM247,0
LINC01118,0
TSPYL6,0
C2orf78,0
BOLA3,0
C2orf81,0
C2orf68,0
SLC9A4,0
DPP10-AS1,0
LINC01120,0
SP5,0
PLEKHM3,0
C2orf80,0
RESP18,0
SNORC,0
OR6B2,0
ZNF662,0
CDHR4,0
INKA1,0
IQCF2,0
IQCF5,0
MUSTN1,0
VGLL3,0
PRR23B,0
PRR23C,0
PLSCR5,0
ANKUB1,0
LEKR1,0
TMEM212,0
LOC389199,0
SMIM20,0
BEND4,0
GRXCR1,0
TMPRSS11F,0
LOC389247,0
LRRC14B,0
LINC02213,0
ANXA2R,0
TEX43,0
SMIM32,0
PROB1,0
C5orf46,0
ARHGEF37,0
PSMG4,0
SFTA2,0
CLPSL2,0
BNIP5,0
GLYATL3,0
ADCYAP1R1,0
LIN28B,0
SAMD5,0
IYD,0
RBAKDN,0
NUPR2,0
GTF2IRD2B,0
LAMTOR4,0
FEZF1,0
FAM180A,0
LOC389602,0
XKR5,0
LINC00937,0
LOC389641,0
NUGGC,0
C8orf86,0
ALKAL1,0
XKR9,0
C8orf87,0
RBM12B,0
MROH5,0
MAFA,0
SPATA31A6,0
GLIDR,0
SPATA31D4,0
SPATA31D3,0
SPATA31D1,0
ADD1,0
PTGES2-AS1,0
IER5L,0
CFAP77,0
LCN15,0
AJM1,0
LRRC26,0
MYMK,0
MAP3K15,0
SPACA5,0
USP27X,0
CENPVL1,0
PAGE2B,0
UBE2NL,0
LOC389906,0
C1QL3,0
NKX1-2,0
OR52K1,0
OR52I1,0
OR52A5,0
OR51B6,0
OR51M1,0
OR51Q1,0
OR51I1,0
OR51I2,0
OR52D1,0
OR52H1,0
OR52N4,0
OR52N5,0
OR52N2,0
OR52E6,0
OR52E8,0
OR52E4,0
OR56A3,0
OR56A5,0
ACCSL,0
OR4X1,0
OR5W2,0
OR8H3,0
OR5T1,0
OR9G1,0
OR5AK2,0
OR5B2,0
OR5B12,0
OR5AN1,0
OR10V1,0
LRRC10B,0
GPR152,0
TRIM77,0
IZUMO1R,0
KDM4E,0
BSX,0
OR6X1,0
OR6M1,0
OR10G7,0
OR8B3,0
OR8A1,0
OR6C1,0
OR6C76,0
OR4N2,0
OR4K13,0
OR4K17,0
OR11G2,0
OR11H4,0
RNASE9,0
SERPINA2,0
OR4M2,0
KBTBD13,0
UBAP1L,0
ADD2,0
GDPGP1,0
OR4F6,0
OR4F15,0
C1QTNF8,0
PTX4,0
PABPN1L,0
OR3A4P,0
ARL5C,0
KRT39,0
ONECUT3,0
OR7G2,0
OR7A10,0
NUDT19,0
ZNF793,0
ACP7,0
PINLYP,0
ZNF805,0
HES3,0
PRAMEF12,0
PRAMEF8,0
PRAMEF18,0
PRAMEF17,0
PLA2G2C,0
FRRS1,0
VHLL,0
OR10K2,0
OR10K1,0
OR6Y1,0
OR6K3,0
VSIG8,0
OR11L1,0
OR2L8,0
OR2AK2,0
OR2L3,0
OR2M2,0
OR2T33,0
OR2M7,0
OR2G6,0
SPINT4,0
PTRHD1,0
SULT6B1,0
DYTN,0
TRIM61,0
HELT,0
OR2A25,0
USP17L8,0
USP17L7,0
GDF6,0
FAM221B,0
OR13J1,0
OR13C2,0
OR1L6,0
OR5C1,0
OR1K1,0
LCN9,0
GLOD5,0
FLJ44635,0
ARL13A,0
ADD3,0
AGMO,0
IQCA1L,0
GRID2IP,0
OR2A5,0
MUC21,0
SPRED3,0
TMEM200B,0
SLC25A35,0
MEX3D,0
FAM102A,0
SMIM10L2A,0
HEATR4,0
MYO18A,0
CCDC187,0
SHC4,0
CTXN2,0
LINC00200,0
LINC00701,0
LINC02649,0
GATA3-AS1,0
MIR1915HG,0
LBX1-AS1,0
C10orf120,0
EEF1AKMT2,0
EDRF1-DT,0
FOXI2,0
LINC01164,0
LINC01168,0
SPRNP1,0
LINC01002,0
NAV2-AS4,0
LINC02687,0
FAM180B,0
PCNX3,0
TRIM49D1,0
C11orf87,0
COLCA1,0
C11orf88,0
MIR100HG,0
PATE2,0
PATE4,0
GSEC,0
SNX19,0
CLEC12A-AS1,0
LINC00938,0
LINC02381,0
LINC02389,0
C12orf76,0
LINC00939,0
LINC02393,0
SERTM1,0
LINC00547,0
LINC00548,0
TUSC8,0
ATP11AUN,0
LINC00517,0
FLJ22447,0
PLEKHD1,0
FOXN3-AS1,0
LINC00642,0
DICER1-AS1,0
C14orf180,0
LINC02694,0
C15orf54,0
ST20,0
FAM174B,0
LINC01197,0
BCAR4,0
KNOP1,0
CRYM-AS1,0
LINC01567,0
NSMCE1-DT,0
LINC02167,0
LOC400541,0
LINC02139,0
FENDRR,0
LOC400553,0
LINC02138,0
C17orf97,0
MED11,0
LINC02076,0
GRAPL,0
C17orf102,0
TOB1-AS1,0
PRR29-AS1,0
KCNJ2-AS1,0
SOX9-AS1,0
LINC00511,0
LINC02092,0
LINC01973,0
TEX19,0
LINC00668,0
LINC01443,0
LINC01538,0
LINC02864,0
LINC00909,0
C18orf65,0
LINC00683,0
LINC01879,0
PRSS57,0
VMAC,0
LINC00664,0
LOC400684,0
LINC01801,0
LGALS17A,0
Unnamed: 19019,0
LOC400710,0
ZNF880,0
ZNF772,0
FAM87B,0
SH2D5,0
NCMAP,0
LINC01144,0
C1orf141,0
LRRC8C-DT,0
MIR137HG,0
C1orf226,0
LRRC52-AS1,0
C1orf220,0
LINC01344,0
LINC02817,0
NBPF9,0
FAM177B,0
DEFB132,0
C20orf202,0
LINC01721,0
LINC00114,0
LOC400867,0
LRRC74B,0
CHCHD10,0
MIRLET7BHG,0
LINC00898,0
IL17REL,0
LOC400940,0
LINC00487,0
LINC01376,0
LINC00954,0
C2orf91,0
LINC01121,0
EML6,0
LINC01122,0
LINC01185,0
PLIN2,0
PCBP1-AS1,0
PAIP2B,0
RGPD1,0
ANKRD36C,0
ACOXL-AS1,0
FLJ42351,0
TEX41,0
HAGLR,0
FSIP2,0
C2orf66,0
ASB18,0
LINC01940,0
Unnamed: 19070,0
IQCF3,0
LINC00960,0
C3orf85,0
LINC01205,0
FOXL2NB,0
MBNL1-AS1,0
C3orf80,0
LINC01994,0
FLJ42393,0
LINC00885,0
C4orf48,0
DTHD1,0
LINC02232,0
PRR27,0
CCSER1,0
C4orf3,0
LINC01060,0
LINC02145,0
LINC02111,0
RGS7BP,0
C5orf63,0
LINC01011,0
STMND1,0
CASC15,0
LINC01623,0
LINC00243,0
MCCD1,0
SAPCD1,0
LINC00336,0
RAB44,0
LINC00951,0
CRIP3,0
TRAM2-AS1,0
KLHL31,0
TCP10L2,0
LINC02538,0
LINC00242,0
LINC01624,0
LOC401312,0
GARS-DT,0
LINC00997,0
C7orf65,0
LINC01446,0
LOC401357,0
LRRD1,0
Unnamed: 19117,0
SMIM30,0
POT1-AS1,0
PRRT4,0
RAB19,0
OR2A7,0
ATP6V0E2-AS1,0
LOC401442,0
USP17L1,0
LOC401463,0
RBIS,0
SAMD12,0
VLDLR-AS1,0
LINC01235,0
HACD4,0
LINC01242,0
TMEM215,0
TOMM5,0
FAM74A1,0
C9orf170,0
CENPP,0
C9orf152,0
SNX30,0
WDR38,0
GPRACR,0
LINC01451,0
LCNL1,0
C9orf139,0
FAM166A,0
LINC02595,0
ZNF674-AS1,0
SLC25A53,0
SERTM2,0
FAM224A,0
GOLGA7B,0
OR51T1,0
Unnamed: 19154,0
ZNF833P,0
RNF223,0
LDLRAD2,0
OR2T2,0
OR2T5,0
OR14I1,0
SRRD,0
VWC2L,0
OR5K2,0
CFAP99,0
OR2A42,0
SOHLH1,0
XKRX,0
KPNA7,0
ADH1A,0
GRIFIN,0
IGLON5,0
UFSP1,0
IFITM10,0
CSMD2-AS1,0
FLJ31356,0
OR2T27,0
OR2T35,0
OR4A47,0
OR5H14,0
OR6C68,0
LOC403312,0
PLPP6,0
APOBEC4,0
LERFS,0
ZBTB34,0
HAPLN4,0
CUEDC1,0
WDFY3-AS2,0
SPINK6,0
LINC01561,0
CTXN1,0
C6orf201,0
HOXB-AS3,0
YY2,0
C16orf74,0
SCGB1D4,0
DENND10,0
LINC01194,0
CACTIN-AS1,0
GTF2H5,0
ANKHD1-EIF4EBP3,0
NPSR1-AS1,0
POTEG,0
DUOXA2,0
ERVFRD-1,0
MIRLET7A1,0
MIRLET7A2,0
MIRLET7C,0
MIRLET7D,0
MIRLET7F1,0
MIRLET7G,0
MIRLET7I,0
MIR100,0
MIR103A2,0
MIR106B,0
MIR10A,0
MIR124-1,0
MIR125B1,0
MIR125B2,0
MIR126,0
MIR128-1,0
MIR128-2,0
MIR130A,0
MIR134,0
MIR135A1,0
MIR138-1,0
MIR138-2,0
MIR139,0
MIR142,0
MIR143,0
MIR144,0
MIR145,0
MIR149,0
MIR150,0
MIR152,0
MIR153-1,0
MIR153-2,0
MIR154,0
MIR15B,0
MIR16-2,0
MIR181A2,0
MIR181B1,0
MIR181B2,0
MIR181C,0
MIR184,0
MIR185,0
MIR186,0
MIR194-1,0
MIR199A1,0
MIR199A2,0
MIR199B,0
MIR200A,0
MIR204,0
MIR21,0
MIR210,0
MIR212,0
MIR181A1,0
MIR214,0
MIR215,0
MIR218-1,0
MIR219A1,0
MIR219A2,0
MIR221,0
MIR223,0
MIR23A,0
MIR23B,0
MIR25,0
MIR26A1,0
MIR26A2,0
MIR26B,0
MIR27A,0
MIR27B,0
MIR28,0
MIR296,0
MIR299,0
MIR29C,0
MIR301A,0
MIR302A,0
MIR30C2,0
MIR30E,0
MIR31,0
MIR32,0
MIR320A,0
MIR33A,0
MIR34C,0
MIR7-3,0
MIR93,0
MIR9-3,0
MIR95,0
MIR98,0
MIR99A,0
MIR99B,0
TAFA1,0
MIR17HG,0
TNFSF12-TNFSF13,0
C2orf27B,0
NOMO3,0
SPINK14,0
FNDC9,0
TBC1D3B,0
TBC1D3C,0
CCL3L3,0
ACBD7,0
C10orf105,0
C10orf62,0
AGAP6,0
CELF2-AS1,0
ZNF32-AS1,0
ZNF32-AS3,0
ZNF32-AS2,0
PRR26,0
C10orf55,0
LINC00595,0
DNAJC9-AS1,0
LINC00619,0
LOC414300,0
DDI1,0
C9orf106,0
LINC00587,0
DEFB103A,0
IDNK,0
LCN10,0
LINC00229,0
HCG14,0
HCG23,0
HCG25,0
Unnamed: 19385,0
HCG18,0
HCG17,0
BLID,0
DENND6B,0
C8orf82,0
LINC00593,0
CNTFR-AS1,0
PIM3,0
STX19,0
VCX3B,0
RGS21,0
ASTL,0
LHX8,0
KRTAP5-5,0
LINC00615,0
MXRA7,0
LINC01555,0
THAP7-AS1,0
LOC439933,0
LINC00575,0
C5orf17,0
FER1L6-AS1,0
PRKCQ-AS1,0
CELF2-AS2,0
LINC00857,0
LINC00863,0
IFIT1B,0
KRTAP5-2,0
KRTAP5-6,0
TMEM41B,0
LINC02709,0
PAX6-AS1,0
ADH1B,0
KRTAP5-11,0
LINC00167,0
IQSEC3,0
ZNF705A,0
FAM66C,0
SMCO3,0
H3-5,0
DBX2,0
FLJ12825,0
PLEKHG7,0
LINC02372,0
FZD10-AS1,0
LINC00544,0
LINC00545,0
ALG11,0
MZT1,0
OR11H12,0
RNASE13,0
LOC440173,0
CCDC196,0
CCDC88C,0
CXADRP3,0
GOLGA8B,0
EIF2AK4,0
UNC13C,0
UBL7-AS1,0
GOLGA6L9,0
DNM1P41,0
TTLL13P,0
SMIM22,0
NPIPB4,0
NPIPB15,0
SNX29P2,0
CDIPTOSP,0
CTRB2,0
LINC02181,0
RNASEK,0
CCDC144NL-AS1,0
GPR179,0
LINC02072,0
TBC1D3P2,0
BAIAP2-DT,0
HSBP1L1,0
PLIN5,0
ZNF506,0
ZNF724,0
PSG8,0
PRDM16-DT,0
PRAMEF11,0
PRAMEF6,0
UQCRHL,0
MICOS10,0
SLC2A1-AS1,0
FAM183A,0
ZYG11A,0
LINC01761,0
RBM15-AS1,0
CYMP-AS1,0
BCL2L15,0
H2BC18,0
ETV3L,0
LRRC52,0
LINC01720,0
RHEX,0
TRIM67,0
MAP1LC3C,0
LINC00851,0
RIMBP3B,0
PIWIL3,0
MIAT,0
SHISA8,0
ODF3B,0
CAPN14,0
LINC01123,0
LOC440895,0
LOC440896,0
LINC01191,0
LINC01124,0
H3P6,0
THUMPD3-AS1,0
EIF1B-AS1,0
TMEM89,0
SMIM4,0
LINC00971,0
LOC440982,0
MIR570HG,0
CPEB2-DT,0
MTHFD2L,0
LINC02483,0
TMEM150C,0
C4orf47,0
LINC01667,0
MARCHF11,0
FLJ31104,0
ADH1C,0
NR2F1-AS1,0
IRF1-AS1,0
LINC01951,0
LINC00266-3,0
C6orf226,0
TMEM151B,0
OOEP,0
CALHM6,0
FLJ46906,0
LINC00602,0
LINC02487,0
LOC441204,0
ZNF716,0
LOC441242,0
TYW1B,0
DTX2P1-UPK3BP1-PMS2P11,0
SPDYE3,0
SPDYE2,0
AKR1B15,0
CTAGE15,0
HRAT92,0
OR4F21,0
MIR2052HG,0
FLJ46284,0
FLJ42969,0
AARD,0
LRRC24,0
LINC01239,0
ANKRD20A3,0
ANKRD20A2,0
NUTM2G,0
ANKRD18B,0
STX17-AS1,0
STPG3,0
ADH4,0
GLRA4,0
RTL8B,0
CT45A3,0
CT45A5,0
PGAM4,0
CDNF,0
FRG2B,0
OR5B3,0
TSPAN11,0
OR4Q3,0
OR4M1,0
PRKXP1,0
TARM1,0
ANKRD65,0
PRAMEF7,0
NBPF18P,0
OR10J3,0
BECN2,0
OR13G1,0
ZFAS1,0
SULT1C3,0
GALNTL6,0
OR2J3,0
OR14J1,0
OR10C1,0
PTCHD4,0
RFPL4B,0
ZNF727,0
OR2A2,0
FOXB2,0
FAM47C,0
LOC442497,0
SPDYE5,0
LMOD2,0
PRY2,0
BPY2B,0
MIR148B,0
MIR151A,0
MIR302B,0
MIR302C,0
MIR302D,0
MIR323A,0
MIR324,0
MIR325,0
MIR326,0
MIR328,0
MIR331,0
MIR337,0
MIR338,0
MIR339,0
MIR340,0
MIR345,0
MIR346,0
MIR367,0
MIR376C,0
MIR369,0
MIR370,0
MIR374A,0
IGFL4,0
ARHGEF35,0
SULT1A4,0
TARP,0
TRIM6-TRIM34,0
CBWD3,0
C9orf129,0
POTEE,0
PALM2AKAP2,0
FRG2,0
LRRC37A2,0
SPIN2B,0
GIMAP6,0
LRRC18,0
H2AB2,0
H2AB1,0
PPDPFL,0
IGIP,0
COA5,0
GS1-124K5.11,0
HCG11,0
TRIM72,0
CISD2,0
CCDC73,0
EID3,0
GPX8,0
TMEM9B-AS1,0
PHOSPHO2,0
PAPPA-AS1,0
RBMXL1,0
SPANXN1,0
CHAC2,0
FBXO47,0
SPANXN5,0
MIR376A1,0
MIR378A,0
MIR379,0
MIR380,0
MIR381,0
MIR383,0
MIR425,0
RNF165,0
PJVK,0
TYMSOS,0
WEE2,0
C9orf135-DT,0
KU-MEL-3,0
TIFAB,0
CLEC18B,0
BDNF-AS,0
C18orf61,0
LINC00293,0
C18orf32,0
MS4A13,0
LINC00929,0
A1BG-AS1,0
SPRN,0
RGMB-AS1,0
ARGFX,0
DEFB104B,0
DUXAP8,0
LOH12CR2,0
DPRX,0
DUXA,0
CT45A6,0
CT45A1,0
LURAP1,0
MIR4435-2HG,0
IL6-AS1,0
C8orf58,0
CXorf40B,0
PCOTH,0
SSX4B,0
SLX1A,0
CKMT1A,0
POLR2J3,0
DNAJC25,0
UBA6-AS1,0
LOC550113,0
CCDC157,0
NBDY,0
NCRNA00250,0
LINC00251,0
SAMD12-AS1,0
ATXN7L3B,0
DNAJC25-GNG10,0
BOLA2,0
MIR3936HG,0
PEF1,0
PRR5-ARHGAP8,0
CCDC148-AS1,0
MIR31HG,0
JPX,0
MIR429,0
ANKRD30BL,0
ASPDH,0
LOC554249,0
FBXO48,0
LINC00862,0
FAM72C,0
H4C15,0
ADH5,0
ADH6,0
SERTAD4-AS1,0
SNORA6,0
SNORA10,0
ADAMTSL4-AS1,0
OBSCN-AS1,0
MIR329-1,0
MIR409,0
PRR9,0
IBA57-DT,0
MIR410,0
MIR376B,0
MIR490,0
MIR491,0
MIR492,0
MIR493,0
MIR494,0
MIR495,0
MIR496,0
MIR193B,0
MIR497,0
MIR181D,0
MIR519A2,0
MIR499A,0
MIR450A2,0
MIR503,0
MIR505,0
MIR506,0
MIR507,0
MIR508,0
MIR509-1,0
MIR510,0
MIR514A1,0
UGT2A2,0
LOC574538,0
SNORD101,0
SNORD100,0
SNORA33,0
ZFAT-AS1,0
HAS2-AS1,0
CPLX3,0
NPS,0
SNORD16,0
PGM5P2,0
CYB5RL,0
SNORD68,0
C8orf49,0
NPIPB13,0
CYP51A1-AS1,0
DEFB135,0
DEFB136,0
DEFB134,0
CTXN3,0
HIGD1C,0
SERINC4,0
FAM229B,0
ZNF704,0
Unnamed: 19824,0
LINC01298,0
LINC00589,0
MBOAT4,0
SCARNA9,0
LINC00051,0
SPANXA2-OT1,0
SNORA27,0
SNORA21,0
SSBP3-AS1,0
MIR483,0
MIR486-1,0
MIR487A,0
MIR455,0
SNORA3A,0
SNORA7A,0
SNORD72,0
SNORA52,0
SNORA4,0
SNORA41,0
SNORD95,0
SMG1P1,0
ZNF674,0
SLC7A11-AS1,0
LINC00616,0
LOC641367,0
ACOT1,0
ACOT6,0
NRON,0
TMEM75,0
SNORA19,0
POTEM,0
TSC22D1-AS1,0
KC6,0
LEF1-AS1,0
SNHG6,0
TMEM91,0
ECSCR,0
FAM110C,0
MIR4500HG,0
LOC642361,0
LOC642366,0
ADARB2-AS1,0
LINC02297,0
TRIM64B,0
MROH6,0
AGAP9,0
MIR205HG,0
AKAIN1,0
TRIM49C,0
UBTFL1,0
FAM230B,0
RAD21L1,0
SCX,0
TBC1D22A-AS1,0
DANT2,0
NPIPA3,0
NPIPA2,0
ZNF487,0
BMS1P2,0
CPSF4L,0
LINC00205,0
SPATA42,0
LINC00535,0
LOC642929,0
INSYN2A,0
FLVCR1-DT,0
FAM163B,0
GRIK1-AS1,0
TMEM232,0
SMIM5,0
C11orf97,0
LOC643072,0
SMIM15,0
FAM25A,0
LOC643201,0
Unnamed: 19903,0
GRXCR2,0
TMEM72,0
MAP1LC3B2,0
KIAA0754,0
ECRP,0
C15orf62,0
LOC643339,0
LINC01750,0
LINC00452,0
BTBD18,0
TMEM253,0
SPINK9,0
PURPL,0
LOC643406,0
LIPK,0
LIPN,0
LINC00865,0
LOC643542,0
RNF224,0
LINC02523,0
ZNF862,0
LINC01189,0
LINC00842,0
SLC35G6,0
CCER2,0
CCDC168,0
GOLGA8N,0
GOLGA6L4,0
CASC16,0
SCGB1B2P,0
LYPLAL1-DT,0
TRAF3IP2-AS1,0
NKAIN3-IT1,0
LINC02453,0
USP46-AS1,0
KRTAP24-1,0
PGA3,0
ZFP62,0
LINC01128,0
PGA4,0
TMPPE,0
CTAGE9,0
CBLN3,0
RNF222,0
CRNDE,0
Unnamed: 19952,0
TMEM88B,0
FNDC10,0
CBWD6,0
C18orf63,0
LINC01529,0
FAM25C,0
GSG1L2,0
MSH2-OT1,0
SDHAF1,0
ARL14EPL,0
PIRT,0
EXOC1L,0
WIPF3,0
DRGX,0
SYCE3,0
NR2F2-AS1,0
LINC00622,0
KANSL1-AS1,0
SNCA-AS1,0
MT1IP,0
ZCCHC18,0
DEFB131A,0
TMEM30CP,0
NKX2-4,0
SMIM10,0
LOC644554,0
ADH7,0
SMIM10L2B,0
LOC644656,0
RAD21-AS1,0
CLDN25,0
LIMD1-AS1,0
C15orf56,0
FAM83G,0
LINC01829,0
PHGR1,0
LINC01184,0
MEIG1,0
GCC2-AS1,0
LINC02315,0
RASSF10,0
ACTG1P20,0
ALG1L2,0
THRB-AS1,0
SMIM23,0
PIK3CD-AS1,0
EVPLL,0
NFIA-AS1,0
GAGE13,0
CLRN2,0
CCNI2,0
LSP1P5,0
LOC645188,0
LINC00693,0
EIF3J-DT,0
MNX1-AS1,0
LINC00461,0
MIR3976HG,0
PRAMEF26,0
TMEM200C,0
USP17L4,0
PRAMEF19,0
PRAMEF20,0
TMEM191C,0
FUT8-AS1,0
ARRDC5,0
LINC01625,0
LOC645485,0
FAM138A,0
FAM238A,0
IGFL2-AS1,0
LHFPL3-AS1,0
WFDC21P,0
LINC00520,0
MT1HL1,0
CCDC154,0
SEBOX,0
USP17L3,0
Unnamed: 20031,0
TMEM14EP,0
MAGEB17,0
LINC01822,0
LOC645967,0
PABPC1L2B,0
NAP1L6P,0
CBY3,0
ADORA2A-AS1,0
LINC00643,0
LRRC77P,0
C16orf90,0
LINC02223,0
LACTBL1,0
LINC01704,0
LINC00607,0
SPINK8,0
ARIH2OS,0
C19orf67,0
LOC646471,0
FABP9,0
FABP12,0
C3orf84,0
LINC02743,0
HHIP-AS1,0
IGF2BP2-AS1,0
C4orf51,0
LOC646626,0
LYPD8,0
SBK2,0
SYNDIG1L,0
PRSS40B,0
TRIM64C,0
ZAR1L,0
SETSIP,0
FAM227A,0
SH2D7,0
ADK,0
HRCT1,0
LINC00598,0
C6orf132,0
GOLGA6L10,0
SPATA31A1,0
STMP1,0
LINC01192,0
SRGAP2B,0
C13orf42,0
SERPINE3,0
ASCL5,0
RD3L,0
GMNC,0
TEX22,0
LINC02026,0
ANHX,0
MIR924HG,0
NORAD,0
LL22NC03-63E9.3,0
PPP1R3G,0
LOC648987,0
LOC649133,0
LINC00273,0
DLGAP1-AS1,0
GAS6-AS1,0
FLJ38576,0
ANKRD33B,0
SNORA48,0
SNORD10,0
CASTOR1,0
SKOR2,0
UCA1,0
GOLGA8S,0
GOLGA8J,0
ADM,0
ZBTB8A,0
FAM74A6,0
GOLGA8K,0
FAM228A,0
ANXA8,0
NBPF6,0
LOC653160,0
XAGE1A,0
GTF2H2B,0
PRB2,0
POTEI,0
CFC1B,0
CT47A7,0
ASAH2B,0
FAM153CP,0
KIAA0895L,0
FAM86B2,0
NCF1,0
FOXD4L6,0
SPAG11A,0
FOXD4L5,0
AQP12B,0
SRGAP2C,0
AFDN-DT,0
SCGB1C2,0
RGPD3,0
LGALS7B,0
PPIAL4A,0
SFTPA1,0
GPR89A,0
TP53TG3C,0
TMEM236,0
PHLDB3,0
PPIAL4C,0
Unnamed: 20142,0
H3C13,0
PRAMEF15,0
GOLGA6C,0
GOLGA6D,0
TBC1D3P1-DHX40P1,0
MBD3L3,0
FAM226B,0
LOC653712,0
GOLGA8M,0
POTEJ,0
MZT2A,0
ZG16,0
FAM72B,0
ACTR3C,0
OCM,0
ZNF732,0
SNORA5A,0
SNORA8,0
SNORA75,0
SNORA13,0
LGALS9C,0
NME1-NME2,0
FAM138B,0
LRTM2,0
PAX8-AS1,0
SNHG20,0
FER1L6,0
IQCJ,0
PCP4L1,0
MFF-DT,0
MIR539,0
MIR544A,0
MIR545,0
MIR376A2,0
MIR487B,0
MIR542,0
SCARNA3,0
SCARNA20,0
SCARNA21,0
SCARNA18,0
SCARNA2,0
SCARNA7,0
SCARNA13,0
SCARNA17,0
SCARNA22,0
SCARNA4,0
SCARNA6,0
SCARNA23,0
SCARNA1,0
SCARNA5,0
SCARNA8,0
SCARNA12,0
SCARNA15,0
LINC00488,0
SCARNA11,0
SCARNA16,0
FAM138D,0
SNORA1,0
SNORA2A,0
SNORA2B,0
SNORA5C,0
SNORA7B,0
SNORA9,0
SNORA11,0
SNORA12,0
SNORA14A,0
SNORA14B,0
SNORA15,0
SNORA17A,0
SNORA18,0
SNORA20,0
SNORA22,0
SNORA23,0
SNORA24,0
SNORA26,0
SNORA28,0
SNORA29,0
SNORA30,0
SNORA31,0
SNORA2C,0
SNORA35,0
SNORA36A,0
SNORA36B,0
SNORA37,0
SNORA38,0
SNORA71E,0
SNORA40,0
SNORA80E,0
SNORA17B,0
SNORA44,0
SNORA3B,0
SNORA46,0
SNORA47,0
SNORA49,0
SNORA50A,0
SNORA51,0
SNORA53,0
SNORA54,0
SNORA55,0
SNORA58,0
SNORA60,0
SNORA61,0
SNORA71C,0
SNORA71D,0
SNORA74B,0
SNORA50C,0
SNORA77,0
SNORA78,0
SNORA79,0
SNORA80A,0
SNORA81,0
SNORD1B,0
SNORD1C,0
SNORA59B,0
CD27-AS1,0
SNORA25,0
SNORD9,0
SNORD12,0
SNORD11,0
SNORA32,0
SNORD5,0
SNORA16A,0
SNORD6,0
SNORD7,0
SNORD13,0
ADORA1,0
SNORD19,0
SNORD32B,0
MSMP,0
SNORD65,0
SNORD66,0
SNORD67,0
SNORD69,0
SNORD70,0
SNORD71,0
SCARNA10,0
SCARNA14,0
SNORA16B,0
SNORA57,0
SNORD86,0
SNORD88A,0
SNORD89,0
SNORD90,0
SNORD91A,0
SNORD91B,0
SNORD92,0
SNORD93,0
SNORD99,0
SNORD110,0
SNORD111,0
SNORD112,0
SNORD97,0
SNORD94,0
SNORD96B,0
SNORD104,0
SNORD105,0
SNORD117,0
PPAN-P2RY11,0
MIR33B,0
MIR411,0
MIR421,0
MIR548A1,0
MIR548A3,0
MIR548B,0
MIR548C,0
MIR550A1,0
MIR550A2,0
MIR551A,0
MIR552,0
MIR553,0
MIR554,0
MIR555,0
MIR556,0
MIR558,0
MIR559,0
MIR561,0
MIR562,0
MIR563,0
Unnamed: 20337,0
MIR567,0
MIR568,0
MIR569,0
MIR570,0
MIR571,0
MIR572,0
MIR573,0
MIR575,0
MIR576,0
MIR577,0
MIR578,0
MIR579,0
MIR580,0
MIR581,0
MIR584,0
MIR585,0
MIR589,0
MIR590,0
MIR591,0
MIR592,0
MIR593,0
MIR595,0
MIR596,0
MIR597,0
MIR598,0
MIR599,0
MIR601,0
MIR602,0
MIR603,0
MIR604,0
MIR605,0
MIR606,0
MIR608,0
MIR609,0
MIR613,0
MIR616,0
MIR617,0
MIR618,0
MIR619,0
MIR620,0
MIR621,0
MIR622,0
MIR623,0
MIR624,0
MIR626,0
MIR628,0
MIR633,0
MIR634,0
MIR635,0
MIR639,0
MIR640,0
MIR641,0
MIR642A,0
MIR643,0
MIR644A,0
MIR645,0
MIR646,0
MIR647,0
MIR648,0
MIR649,0
MIR92B,0
MIR650,0
H2AC19,0
LHFPL3-AS2,0
INS-IGF2,0
MIR654,0
MIR655,0
MIR656,0
MIR657,0
MIR659,0
MIR661,0
MIR662,0
MIR663A,0
LINC01545,0
SNHG4,0
SNORD118,0
CASC8,0
C1orf195,0
LINC00163,0
SNORD116-19,0
RNF208,0
SPATA31A3,0
GOLGA6L6,0
SSX2B,0
RGPD8,0
BHLHA9,0
FAM156B,0
ADORA2A,0
TLCD2,0
AGBL1-AS1,0
LINC02203,0
GXYLT2,0
RHOXF2B,0
SDHAP2,0
MROH1,0
LINC01249,0
PDYN-AS1,0
MCHR2-AS1,0
CT47A10,0
LINC02499,0
GOLGA8O,0
LINC00290,0
LINC02458,0
LOC728095,0
CT47A1,0
ANXA8L1,0
ZBTB8B,0
NUTM2A,0
NUTM2D,0
TSPY3,0
LINC02363,0
NUTM2A-AS1,0
LINC00460,0
RSPH10B2,0
FAM155A,0
FAM245A,0
LINC01433,0
TMEM191B,0
MAGED4,0
CARMN,0
CLEC19A,0
D2HGDH,0
KRTAP19-8,0
GTF2H2C,0
LINC00992,0
NXF2B,0
DEFA1B,0
OVOL3,0
USP17L25,0
POTEF,0
LOC728392,0
TSPY4,0
TSPY8,0
LINC01548,0
LINC01137,0
PPIEL,0
LINC00687,0
OPN1MW2,0
TGFB2-AS1,0
METTL24,0
LOC728485,0
DNLZ,0
SERF1B,0
GOLGA8H,0
C2orf92,0
ENTPD1-AS1,0
C12orf73,0
CNTNAP3B,0
CCDC192,0
MS4A18,0
CCDC169,0
DCDC2C,0
PCAT18,0
CCDC30,0
MEIKIN,0
CDK11A,0
HULC,0
DMRTC1B,0
SLC35E2B,0
LOC728673,0
EIF3CL,0
SPANXB1,0
LINC01346,0
ZBED3-AS1,0
LINC00977,0
MAP4K3-DT,0
NPIPB8,0
NPIPB6,0
LOC728743,0
ANKRD20A4,0
LOC728752,0
SCAMP1-AS1,0
ANKDD1B,0
NSFP1,0
C1GALT1C1L,0
FAM72D,0
LINC00623,0
C12orf71,0
ADORA2B,0
NPIPB11,0
ZNF736,0
ELOA3B,0
ZNF705D,0
UNC5B-AS1,0
ZBED5-AS1,0
RPEL1,0
SLC15A5,0
TEX46,0
OIP5-AS1,0
LINC02158,0
GASK1A,0
AGAP5,0
BMS1P4,0
RGPD4-AS1,0
NPAP1L,0
NBAT1,0
STXBP5-AS1,0
SPACA5B,0
FLJ45513,0
KIAA2012-AS1,0
CCR2,0
PRR20B,0
SFTPA2,0
NUTM2B,0
TP53TG3D,0
ZNF286B,0
LOC729296,0
LINC02510,0
OC90,0
LINC01873,0
TP53TG3B,0
PLIN4,0
TRIM49D2,0
GAGE12J,0
LMO7DN,0
GAGE12C,0
CASTOR2,0
CCDC61,0
HSD52,0
LINC02226,0
TMEM242,0
PRAMEF14,0
FAM72A,0
RGPD6,0
Unnamed: 20585,0
DIRC3,0
Unnamed: 20587,0
SPDYE6,0
FLJ37453,0
PRR23A,0
LOC729652,0
PACRG-AS3,0
CCDC175,0
GOLGA2P6,0
LINC00847,0
LOC729683,0
DNAJC27-AS1,0
LOC729737,0
ZNF878,0
OR4F29,0
CEACAM18,0
FAM160A1,0
UMAD1,0
RGPD2,0
LOC729867,0
TBC1D3,0
TBC1D3H,0
ANKRD34C-AS1,0
CRPPA,0
LINC01915,0
SHISA7,0
LOC729966,0
MORN2,0
LOC729970,0
RFPL4AL1,0
LINC01776,0
BORCS8,0
SHISA9,0
SEC14L6,0
ZNF814,0
ZNF726,0
LINC00886,0
MOSMO,0
LOC730098,0
LOC730100,0
LINC01100,0
FAM166B,0
TMEM229A,0
TEX50,0
LOC730183,0
MEIS1-AS3,0
LOC730202,0
LINC01136,0
ACOD1,0
PPIAL4E,0
ZNF735,0
LOC730338,0
GTF2H2C_2,0
LOC730668,0
MYT1L-AS1,0
LINC02447,0
LOC731157,0
RFX8,0
LINC01220,0
MIR3945HG,0
LINC01300,0
FAM238B,0
TDRG1,0
LINC00917,0
SNHG9,0
CSKMT,0
LINC00106,0
CEMP1,0
SYS1-DBNDD2,0
LUZP6,0
SNORD113-1,0
SNORD113-2,0
SNORD113-3,0
SNORD113-4,0
SNORD113-5,0
SNORD113-6,0
SNORD113-7,0
SNORD113-8,0
SNORD113-9,0
SNORD114-1,0
SNORD114-2,0
SNORD114-3,0
SNORD114-4,0
SNORD114-5,0
SNORD114-6,0
SNORD114-7,0
SNORD114-9,0
SNORD114-10,0
SNORD114-11,0
SNORD114-12,0
SNORD114-13,0
SNORD114-14,0
SNORD114-15,0
SNORD114-16,0
SNORD114-17,0
SNORD114-18,0
SNORD114-19,0
SNORD114-20,0
SNORD114-21,0
SNORD114-22,0
SNORD114-23,0
SNORD114-24,0
SNORD114-25,0
SNORD114-27,0
SNORD114-28,0
SNORD114-29,0
SNORD114-30,0
SNORD114-31,0
HAR1A,0
HAR1B,0
PRCD,0
RELL1,0
MIR758,0
MIR671,0
MIR668,0
MIR454,0
MIR769,0
MIR766,0
MIR802,0
MIR765,0
MIR770,0
PSAPL1,0
TVP23A,0
SNORD3A,0
SNORD3C,0
SNORD3D,0
ESRG,0
UQCC3,0
PWRN1,0
RNA5-8SN5,0
RNA28SN5,0
LINC02584,0
ZBTB11-AS1,0
SNORD116-1,0
SNORD116-2,0
SNORD116-3,0
SNORD116-4,0
SNORD116-5,0
SNORD116-8,0
SNORD116-10,0
SNORD116-11,0
SNORD116-12,0
SNORD116-13,0
SNORD116-14,0
SNORD116-15,0
SNORD116-16,0
SNORD116-18,0
SNORD116-20,0
SNORD116-21,0
SNORD116-22,0
SNORD116-23,0
SNORD116-24,0
SNORD116-25,0
SNORD115-2,0
SNORD116-26,0
SNORD116-27,0
SNORD115-3,0
SNORD115-4,0
SNORD115-5,0
SNORD115-6,0
SNORD115-7,0
SNORD115-8,0
SNORD115-9,0
SNORD115-10,0
SNORD115-11,0
SNORD115-13,0
SNORD115-14,0
SNORD115-15,0
SNORD115-16,0
SNORD115-17,0
SNORD115-20,0
SNORD115-21,0
SNORD115-22,0
SNORD115-23,0
SNORD115-25,0
SNORD115-26,0
SNORD115-30,0
SNORD115-31,0
SNORD115-32,0
SNORD115-33,0
SNORD115-34,0
SNORD115-35,0
SNORD115-37,0
SNORD115-38,0
SNORD115-39,0
SNORD115-41,0
SNORD115-44,0
SNORD116-28,0
SNORD116-29,0
SNORD115-48,0
PDZK1P1,0
SNORD115-24,0
SNORD115-27,0
SNORD115-28,0
SNORD115-45,0
SNORD115-47,0
DDTL,0
TLX1NB,0
CDKN2B-AS1,0
SIGLEC14,0
NINJ2-AS1,0
MIMT1,0
SNHG8,0
GS1-600G8.3,0
TTTY7B,0
POM121C,0
ZSCAN30,0
ANKRD26P3,0
SNORD121A,0
SNORD105B,0
SNORD123,0
SNORD127,0
SNORD126,0
SNORD11B,0
SNORD12B,0
SNORD111B,0
LIN28B-AS1,0
TMEM170B,0
FAM138E,0
SNORA84,0
SNORA36C,0
SNORA38B,0
SNORA70B,0
SNORA70C,0
SNORA11B,0
SNORA11C,0
SNORA11D,0
HOTAIR,0
ZGLP1,0
FMR1-AS1,0
MIR298,0
MIR300,0
VTRNA2-1,0
MIR450B,0
MIR892B,0
MIR541,0
MIR875,0
MIR744,0
MIR873,0
MIR374B,0
MIR301B,0
MIR920,0
MIR938,0
MIR941-1,0
MIR942,0
MIR708,0
MIR885,0
MIR543,0
MIR208B,0
MIR941-2,0
MIR892A,0
MIR874,0
MIR889,0
MIR887,0
MIR760,0
MIR921,0
MIR933,0
MIR365A,0
MIR365B,0
LINC00322,0
LOC100126784,0
EGOT,0
GHRLOS,0
MINAR2,0
SLCO4A1-AS1,0
Unnamed: 20870,0
HECW1-IT1,0
KRT73-AS1,0
C8orf88,0
LOC100128006,0
WWTR1-AS1,0
PLCE1-AS1,0
SMARCA5-AS1,0
FAM229A,0
JAZF1-AS1,0
ST8SIA6-AS1,0
HGC6.3,0
STAU2-AS1,0
ADGRA1-AS1,0
LINC01233,0
LOC100128164,0
UST-AS1,0
TMPO-AS1,0
LINC02324,0
LINC02731,0
ZNF667-AS1,0
HTR5A-AS1,0
DNM1P35,0
DLG5-AS1,0
LOC100128317,0
TRAPPC3L,0
FAM83H-AS1,0
FAM225B,0
LOC100128386,0
LOC100128398,0
LINC00892,0
LOC100128494,0
C20orf78,0
ASTN2-AS1,0
ADORA3,0
KIAA1671-AS1,0
MIR29B2CHG,0
CTAGE4,0
LINC02347,0
MYHAS,0
LOC100128568,0
C19orf71,0
SLC8A1-AS1,0
ACVR2B-AS1,0
HPN-AS1,0
LINC01531,0
GPR50-AS1,0
LINC02346,0
OST4,0
RBPMS-AS1,0
LOC100128770,0
LINC00476,0
LINC01349,0
SRRM2-AS1,0
GPR158-AS1,0
LINC01003,0
VPS9D1-AS1,0
FAM66B,0
GATA6-AS1,0
ZBTB42,0
ADPRH,0
MAPT-AS1,0
LOC100128993,0
LOC100129027,0
PKP4-AS1,0
BCAR3-AS1,0
LOC100129055,0
SEMA3F-AS1,0
UNQ6494,0
KTN1-AS1,0
LOC100129083,0
KHDC1L,0
LOC100129175,0
ZSCAN16-AS1,0
MATN1-AS1,0
LOC100129203,0
SLC39A12-AS1,0
DEFB131B,0
SMIM27,0
LINC01160,0
C1orf68,0
TDRD15,0
LINC02291,0
LINC00484,0
SMIM10L1,0
C9orf92,0
GABPB1-AS1,0
MSTO2P,0
FAM236A,0
DDC-AS1,0
LOC100129434,0
LYRM4-AS1,0
LINC01546,0
MKRN2OS,0
ETDB,0
SOD2-OT1,0
TEX13C,0
ZNF730,0
LINC02035,0
FAM47E,0
LINC00462,0
LOC100129603,0
LOC100129620,0
LOC100129636,0
TCF24,0
FGF13-AS1,0
IZUMO3,0
LOC100129697,0
ARRDC3-AS1,0
STPG3-AS1,0
LINC01126,0
MIR193BHG,0
CCDC152,0
SLC25A21-AS1,0
MRVI1-AS1,0
COL4A2-AS2,0
ZNF737,0
PCOLCE-AS1,0
SCOC-AS1,0
LOC100129917,0
TMEM269,0
LOC100129931,0
HMGA2-AS1,0
CCNT2-AS1,0
FAM205C,0
CERNA1,0
LINC01460,0
HSFX2,0
Unnamed: 20999,0
LOC100130111,0
MAPT-IT1,0
MIR124-2HG,0
LOC100130172,0
EFCAB14-AS1,0
LINC00861,0
LOC100130238,0
LOC100130264,0
CCDC166,0
TFAP2A-AS1,0
LOC100130298,0
C8orf89,0
C17orf107,0
LOC100130331,0
SCGB2B3P,0
TMEM262,0
LOC100130357,0
LOC100130370,0
LINC00552,0
LINC02593,0
CECR7,0
LOC100130449,0
SPAG16-DT,0
CAND1.11,0
WAKMAR2,0
LINC01387,0
TMEM221,0
PARD6G-AS1,0
C10orf142,0
LOC100130548,0
NFYC-AS1,0
LINC00910,0
LOC100130587,0
PRR32,0
LOC100130691,0
TP53TG3HP,0
ATP6V1FNB,0
HDHD5-AS1,0
LRRC70,0
LRRC69,0
EFCAB10,0
AGAP2-AS1,0
SBK3,0
USP3-AS1,0
LOC100130872,0
CREB3L2-AS1,0
ATE1-AS1,0
PSORS1C3,0
TSTD3,0
VAC14-AS1,0
SMIM6,0
LOC100130950,0
LINC01502,0
PARP1,0
LOC100130964,0
C6orf99,0
LOC100130987,0
SPATA48,0
LOC100130992,0
ZNF316,0
DNAH8-AS1,0
LINC01135,0
CKMT2-AS1,0
SRP14-AS1,0
DPP9-AS1,0
TNRC6C-AS1,0
ZBTB20-AS1,0
BSPH1,0
LINC01405,0
WDR86-AS1,0
TSTD1,0
CCDC183-AS1,0
SNAP25-AS1,0
NEMP2,0
ZNF503-AS2,0
MIR181A1HG,0
ANKRD63,0
DPEP2NB,0
LOC100131315,0
LINC00605,0
C11orf91,0
SP9,0
LINC00893,0
CD300LD,0
LOC100131496,0
ZNF705E,0
LINC00887,0
CCDC18-AS1,0
LOC100131635,0
ZNF236-DT,0
MZF1-AS1,0
FAM83A-AS1,0
USP30-AS1,0
ARMCX4,0
PET100,0
LINC00271,0
CADM3-AS1,0
ZNF717,0
INSYN2B,0
ZNF705G,0
RRN3P3,0
LOC100132057,0
FOXO6,0
LOC100132077,0
LOC100132078,0
FAM66E,0
C2CD4D-AS1,0
ACTA2-AS1,0
FAM240A,0
CALML3-AS1,0
PHKA2-AS1,0
WASIR2,0
LINC01987,0
LOC100132215,0
LINC00543,0
NPIPB5,0
NDUFA6-DT,0
LOC100132287,0
FAM236B,0
FAM157B,0
NBPF10,0
CLDN24,0
FAM99B,0
KRTAP4-7,0
TAT-AS1,0
GOLGA8F,0
XGY2,0
ZRANB2-AS1,0
BSN-DT,0
LOC100132686,0
PAXIP1-AS2,0
CYP4F30P,0
FILNC1,0
LOC100132741,0
KDM4A-AS1,0
LOC100132813,0
IPO5P1,0
MSC-AS1,0
SHISAL2B,0
FAM66D,0
FAM27C,0
SMIM9,0
FAM223A,0
LINC00856,0
CXorf49B,0
FAM95B1,0
LOC100133077,0
FAM25G,0
LINC01203,0
LINC01001,0
FAM66A,0
LINC00240,0
PRR23D2,0
LOC100133286,0
Unnamed: 21158,0
RSU1P2,0
HOXA-AS3,0
LOC100133315,0
PRO1804,0
LINC02171,0
PARP4,0
LINC01134,0
LY6E-DT,0
CD24,0
UXT-AS1,0
LINC01816,0
MAP3K14-AS1,0
UBOX5-AS1,0
KDM7A-DT,0
LINC01119,0
LOC100134317,0
LOC100134391,0
KCNJ18,0
NDUFB2-AS1,0
TEN1,0
UPK3BL1,0
JMJD7,0
PLA2G4B,0
C17orf99,0
LOC100144595,0
LINC00029,0
LINC01056,0
EPHA5-AS1,0
CHKB-DT,0
LINC00930,0
KLLN,0
RNU7-1,0
TMCO1-AS1,0
RNU4ATAC,0
RNU6ATAC,0
SCARNA9L,0
RNA5S1,0
TEX36-AS1,0
RNA5S9,0
PATE3,0
SRRM5,0
ERICH4,0
EPOP,0
MIR1224,0
MIR1225,0
TOMM6,0
LINC00426,0
LINC00092,0
DNMBP-AS1,0
DCTN1-AS1,0
RAMP2-AS1,0
TPT1-AS1,0
LINC02418,0
C5orf52,0
C2CD4D,0
ZFHX4-AS1,0
PP12613,0
FLJ16779,0
LINC01634,0
LOC100192426,0
MANCR,0
PCED1B-AS1,0
LOC100240728,0
LOC100268168,0
LINC01432,0
CASC11,0
LINC00653,0
LINC00940,0
ARHGEF33,0
LINC00899,0
Unnamed: 21230,0
LIMS3-LOC440895,0
SMG1P3,0
ERVV-2,0
MEF2B,0
AIRN,0
RASA4B,0
CMC4,0
LINC00894,0
BCDIN3D-AS1,0
VPS13A-AS1,0
LOC100287015,0
LOC100287036,0
LOC100287042,0
GACAT2,0
TONSL-AS1,0
LINC00421,0
USP17L10,0
WASHC1,0
EML2-AS1,0
USP17L11,0
USP17L12,0
SH3RF3-AS1,0
LINC01630,0
ZNF729,0
USP17L13,0
MANSC4,0
LINC00941,0
USP17L17,0
PRSS46P,0
POTEB2,0
USP17L19,0
USP17L20,0
SMKR1,0
ADPGK-AS1,0
LINC00173,0
LINC02106,0
LOXL1-AS1,0
LOC100287704,0
ANKRD66,0
AP4B1-AS1,0
SMIM10L2B-AS1,0
LINC00630,0
LOC100287792,0
LINC00582,0
LOC100287834,0
LOC100287846,0
LINC00994,0
LOC100287896,0
TTC34,0
LGALS8-AS1,0
TIMM23,0
LOC100287944,0
LINC01699,0
GS1-279B7.1,0
LDLRAD4-AS1,0
LOC100288123,0
NBPF20,0
SLC9A3-AS1,0
LNCOC1,0
HMGN3-AS1,0
NPIPA5,0
NCAM1-AS1,0
ERVMER34-1,0
LMCD1-AS1,0
IL10RB-DT,0
MTRNR2L7,0
USP17L15,0
LOC100288637,0
DUX4,0
LIMS4,0
LOC100288748,0
TMEM239,0
LOC100288798,0
FRG2C,0
CLDN34,0
SRGAP3-AS3,0
LOC100288846,0
LOC100288866,0
SLC25A25-AS1,0
TSPY10,0
ATP2A1-AS1,0
GS1-124K5.4,0
FAM95C,0
GNG12-AS1,0
TMEM225B,0
LINC00624,0
TMEM238L,0
DNAJC3-DT,0
LOC100289333,0
MAN1B1-DT,0
LOC100289361,0
UBAC2-AS1,0
KCTD21-AS1,0
KCNIP2-AS1,0
LOC100289580,0
ZNF605,0
PSG8-AS1,0
LINC01848,0
ZNF783,0
ZNF587B,0
RNF213-AS1,0
NHEG1,0
MIR1284,0
MIR1200,0
MIR1265,0
MIR1286,0
MIR1276,0
MIR1183,0
MIR1275,0
MIR1288,0
MIR1289-1,0
MIR1302-3,0
MIR1915,0
MIR1287,0
MIR1289-2,0
MIR320C1,0
MIR1252,0
MIR1537,0
MIR1913,0
MIR1248,0
MIR1912,0
MIR1247,0
MIR1302-5,0
MIR1249,0
MIR1296,0
MIR548N,0
MIR1298,0
MIR1256,0
MIR1185-1,0
MIR548F3,0
MIR1233-1,0
MIR1205,0
MIR1278,0
MIR2113,0
Unnamed: 21376,0
MIR1299,0
MIR320D2,0
MIR1307,0
MIR1295A,0
MIR1270,0
MIR1294,0
MIR1272,0
MIR548I3,0
MIR1976,0
MIR548F1,0
MIR1255A,0
MIR320C2,0
MIR1266,0
MIR1271,0
MIR548I1,0
MIR1253,0
MIR1185-2,0
MIR1203,0
MIR1324,0
MIR1285-1,0
MIR1293,0
MIR1911,0
MIR1302-8,0
MIR2053,0
MIR1238,0
MIR1250,0
MIR1268A,0
MIR664A,0
MIR1179,0
MIR548F5,0
MIR1304,0
MIR1972-1,0
MIR1301,0
MIR1197,0
MIR1264,0
MIR1180,0
MIR1539,0
MIR1285-2,0
MIR1305,0
Unnamed: 21432,0
MIR548L,0
MIR1290,0
MIR548I2,0
MIR1302-2,0
MIR1262,0
MIR1227,0
MIR1303,0
MIR1267,0
MIR548H3,0
MIR548P,0
MIR1251,0
MIR1973,0
RASAL2-AS1,0
LINC00882,0
GPR75-ASB3,0
LINC00184,0
FTX,0
TMED7-TICAM2,0
SNORA80B,0
TSNAX-DISC1,0
ZEB2-AS1,0
SLC25A5-AS1,0
PET117,0
PITPNA-AS1,0
ADRA1D,0
ANKRD61,0
MIR320B2,0
MIR548K,0
MIR548F2,0
MIR548H2,0
MIR670,0
MIR2278,0
MIR663B,0
MIR548O,0
MIR548H1,0
MIR1255B2,0
MIR764,0
MIR2115,0
MIR548Q,0
MIR2276,0
MIR548H4,0
MIR2116,0
MIR761,0
MIR548F4,0
MIR320D1,0
MIR548J,0
MIR548E,0
HOTTIP,0
SAP25,0
TRPC5OS,0
SNORA70F,0
CSN1S2BP,0
LINC00102,0
SNORA70G,0
SNORA70D,0
MACROD2-AS1,0
LOC100379224,0
BOK-AS1,0
SNORA70E,0
NPPA-AS1,0
MIR181A2HG,0
GRIK1-AS2,0
ZBED6,0
LOC100419583,0
DBET,0
LOC100420587,0
LINC02532,0
MIR1273C,0
MIR4300,0
MIR3128,0
MIR4274,0
MIR4319,0
MIR3188,0
MIR3183,0
MIR1193,0
MIR3174,0
MIR3164,0
MIR514B,0
MIR548T,0
MIR548V,0
MIR4316,0
MIR4259,0
MIR3182,0
MIR4301,0
MIR3123,0
MIR4318,0
MIR4285,0
MIR3136,0
MIR4292,0
MIR4306,0
MIR548S,0
MIR4265,0
MIR544B,0
MIR3115,0
MIR4270,0
MIR3180-1,0
MIR3117,0
MIR4297,0
MIR4279,0
MIR3192,0
MIR3168,0
MIR3124,0
MIR3162,0
MIR3170,0
MIR548U,0
MIR4280,0
MIR4264,0
MIR3194,0
MIR3157,0
MIR3154,0
MIR4294,0
MIR3140,0
MIR4255,0
MIR3135A,0
MIR4288,0
MIR4311,0
MIR3156-2,0
MIR4295,0
MIR3200,0
MIR320E,0
MIR3167,0
MIR548X,0
MIR3149,0
MIR548W,0
MIR4322,0
MIR3137,0
MIR3127,0
MIR4304,0
MIR378B,0
MIR3143,0
MIR3153,0
MIR4305,0
MIR3133,0
MIR3189,0
MIR3186,0
MIR4326,0
MIR4284,0
MIR3118-2,0
MIR3144,0
MIR3179-1,0
MIR4263,0
MIR3146,0
MIR2909,0
Unnamed: 21620,0
MIR4312,0
MIR3178,0
MIR4252,0
MIR4324,0
MIR4323,0
MIR3173,0
MIR4286,0
MIR4314,0
MIR3125,0
MIR3202-1,0
MIR3155A,0
MIR3134,0
MIR3151,0
MIR4267,0
MIR3175,0
MIR4257,0
MIR3161,0
MIR3145,0
MIR4282,0
MIR3138,0
MIR3177,0
MIR3159,0
MIR3139,0
MIR4307,0
MIR4258,0
MIR4298,0
MIR3197,0
MIR4299,0
MIR4266,0
MIR4254,0
MIR3163,0
MIR3126,0
MIR3121,0
MIR4313,0
MIR2355,0
MIR3176,0
MIR3132,0
MIR4296,0
MIR4269,0
IGLL5,0
KLRF2,0
MTRNR2L1,0
MTRNR2L3,0
MTRNR2L4,0
MTRNR2L5,0
MTRNR2L6,0
MTRNR2L8,0
MTRNR2L10,0
LINC00881,0
LINC00276,0
THAP9-AS1,0
BAALC-AS1,0
USP2-AS1,0
LINC00987,0
LINC00673,0
CCDC180,0
SUGT1P4-STRA6LP,0
MIR3659,0
MIR3685,0
MIR23C,0
MIR3677,0
MIR3616,0
Unnamed: 21694,0
MIR3649,0
MIR3612,0
MIR3609,0
MIR3660,0
MIR3909,0
MIR3619,0
MIR3943,0
Unnamed: 21708,0
MIR3907,0
MIR3914-1,0
MIR3686,0
MIR3664,0
MIR3916,0
MIR3682,0
MIR3180-4,0
MIR3605,0
MIR3671,0
MIR3713,0
MIR3939,0
MIR3622A,0
MIR3648-1,0
MIR548AA1,0
MIR3929,0
MIR3936,0
MIR3941,0
MIR3684,0
MIR3926-1,0
MIR3911,0
MIR3934,0
MIR3938,0
MIR3675,0
MIR3923,0
MIR3679,0
MIR3681,0
MIR676,0
MIR3657,0
MIR3611,0
MIR3935,0
MIR3663,0
MIR3690,0
MIR548AA2,0
MIR3666,0
MIR3692,0
MIR3691,0
MIR3942,0
MIR3661,0
MIR3613,0
MIR3908,0
MIR3670-1,0
MIR3944,0
MIR3180-5,0
MIR3680-1,0
MIR3651,0
MIR548Y,0
CCDC179,0
ADRA1B,0
LINC01539,0
SYNE1-AS1,0
LINC01602,0
TEX48,0
PRKAG2-AS1,0
PCAT19,0
LINC01723,0
EDNRB-AS1,0
LINC02520,0
LINC01301,0
ISM1-AS1,0
RBM26-AS1,0
SLIT1-AS1,0
LINC01095,0
LINC01208,0
LOC100505549,0
LINC00866,0
LINC00578,0
LINC00672,0
ADRA1A,0
LOC100505588,0
LRRC3C,0
GAPLINC,0
PARD3-AS1,0
LINC02053,0
SNHG21,0
LINC00919,0
C11orf72,0
LOC100505622,0
GTF3C2-AS1,0
LINC02102,0
ADRA2A,0
DAAM2-AS1,0
MALINC1,0
FGD5-AS1,0
RAD51-AS1,0
DIAPH1-AS1,0
LINC00967,0
LINC01370,0
DCST1-AS1,0
RRS1-AS1,0
STARD4-AS1,0
UBE2Q2L,0
NAPA-AS1,0
LINC01431,0
FTO-IT1,0
SH3BP5-AS1,0
LINC01094,0
LOC100505715,0
LOC100505716,0
LINC01592,0
MIR4458HG,0
LINC01603,0
ITGB2-AS1,0
KRTAP16-1,0
PRMT5-AS1,0
RPARP-AS1,0
LINC01364,0
MHENCR,0
LINC01541,0
LOC100505782,0
OSER1-DT,0
LOC100505795,0
LOC100505797,0
SNHG18,0
LINC02148,0
CARD8-AS1,0
LINC02582,0
STK4-AS1,0
PROX1-AS1,0
LINC01532,0
SH3PXD2A-AS1,0
ROPN1L-AS1,0
LINC01898,0
APTR,0
LINC00920,0
CFAP58-DT,0
LINC01088,0
CEBPZOS,0
LINC02059,0
KIF25-AS1,0
MAGI2-AS3,0
LINC01672,0
SORCS3-AS1,0
SLIT2-IT1,0
TMEM161B-AS1,0
LOC100505915,0
LOC100505918,0
LINC02036,0
GLCCI1-DT,0
LINC01549,0
ADD3-AS1,0
LOC100505938,0
LOC100505942,0
LINC01304,0
LINC00645,0
ENO1-AS1,0
LOC100505978,0
LINC02478,0
SMIM31,0
TMEM210,0
LUCAT1,0
SOX1-OT,0
RTCA-AS1,0
PPP5D1,0
APELA,0
CRPPA-AS1,0
PTOV1-AS1,0
LINC00989,0
GAS5-AS1,0
LRRC72,0
LINC01005,0
RNASEH1-AS1,0
DACT3-AS1,0
RBFADN,0
LOC100506071,0
LOC100506076,0
LINC02749,0
LOC100506083,0
ARL17B,0
LINC02275,0
LOC100506098,0
LOC100506100,0
LINC02382,0
SIX3-AS1,0
SMIM25,0
LINC01503,0
LINC02431,0
LOC100506123,0
LOC100506124,0
ADCY6-DT,0
LINC00867,0
GVQW3,0
TTC21B-AS1,0
ADRA2B,0
LOC100506142,0
TMEM35B,0
LINC02470,0
TAF1A-AS1,0
LINC01568,0
LOC100506175,0
LOC100506178,0
LINC00963,0
LARGE-AS1,0
LOC100506207,0
MIR210HG,0
PAXBP1-AS1,0
LINC01093,0
RAB30-DT,0
NKX2-1-AS1,0
LL22NC01-81G9.3,0
KRBOX1,0
LOC100506258,0
LOC100506271,0
LINC02492,0
LOC100506274,0
KRBOX1-AS1,0
ID2-AS1,0
LOC100506302,0
LINC00958,0
HOTAIRM1,0
GPRC5D-AS1,0
LOC100506321,0
SP2-AS1,0
LINC01127,0
LINC00649,0
INKA2-AS1,0
OTUD6B-AS1,0
FZD4-DT,0
LINC02091,0
ADRA2C,0
LOC100506384,0
LINC01426,0
LOC100506388,0
SLC16A1-AS1,0
LINC02398,0
GAS6-DT,0
LOC100506403,0
ELOVL2-AS1,0
LINC00871,0
DOCK4-AS1,0
PANTR1,0
LOC100506422,0
CBR3-AS1,0
LINC00648,0
SPAG5-AS1,0
ITPKB-IT1,0
LOC100506444,0
RASSF8-AS1,0
MIR3681HG,0
SRD5A3-AS1,0
LINC01234,0
TMEM147-AS1,0
LINC01718,0
LOC100506472,0
LOC100506474,0
EGFLAM-AS2,0
LOC100506476,0
ADRB1,0
LIFR-AS1,0
LOC100506497,0
LINC02274,0
LINC01176,0
C5orf64-AS1,0
LINC01007,0
SPTY2D1OS,0
LOC100506551,0
NECTIN3-AS1,0
THEGL,0
C16orf95,0
LOC100506585,0
PPP1R26-AS1,0
VASH1-AS1,0
LOC100506606,0
LINC00540,0
Unnamed: 21991,0
PRKAR2A-AS1,0
LOC100506639,0
PXN-AS1,0
C17orf112,0
LCMT1-AS2,0
OCLN,0
DDX11-AS1,0
NRAV,0
MRPS30-DT,0
LOC100506675,0
AA06,0
LOC100506679,0
SACS-AS1,0
JARID2-AS1,0
LOC100506682,0
IQCH-AS1,0
LOC100506688,0
LOC100506691,0
PCAT6,0
LINC00327,0
LINC02308,0
EBLN3P,0
ALOX12-AS1,0
NUP50-DT,0
LINC00901,0
LOC100506725,0
FAM170B-AS1,0
SLFN12L,0
LINC01589,0
CASP12,0
AFF1-AS1,0
AGAP1-IT1,0
AZIN1-AS1,0
MIR497HG,0
LINC00629,0
IGSF11-AS1,0
C10orf71-AS1,0
LINC01353,0
TRG-AS1,0
TSPOAP1-AS1,0
LINC01543,0
LOC100506790,0
LINC01511,0
LINC01354,0
ECE1-AS1,0
LOC100506804,0
LINC01132,0
MYLK-AS1,0
LINC02475,0
GAS1RR,0
LINC00840,0
GIHCG,0
LINC00513,0
TTN-AS1,0
LOC100506869,0
MKLN1-AS,0
LOC100506885,0
LUARIS,0
CCDC37-DT,0
CHRM3-AS2,0
LINC00665,0
LOC100506937,0
PRKG1-AS1,0
ELOA-AS1,0
PTPRG-AS1,0
LOC100507002,0
GFY,0
LOC100507006,0
LINC00844,0
BMPR1B-DT,0
MRLN,0
TMCC1-AS1,0
PITRM1-AS1,0
TUNAR,0
TPBGL,0
LOC100507053,0
LRCOL1,0
CCAT1,0
MELTF-AS1,0
LINC00845,0
LINC00703,0
PSMD6-AS2,0
TEX26-AS1,0
ADRB2,0
CLIP1-AS1,0
LOC100507071,0
LINC01798,0
DLG1-AS1,0
PITPNM2-AS1,0
ADAMTS9-AS2,0
FRY-AS1,0
ASAP1-IT2,0
PRC1-AS1,0
LINC00707,0
SPART-AS1,0
LINC01792,0
LOC100507144,0
LOC100507156,0
BOLA3-AS1,0
LINC01012,0
LINC02408,0
SLFNL1-AS1,0
LINC02525,0
LINC02384,0
SMLR1,0
LINC02740,0
LINC00943,0
LINC01578,0
RNF157-AS1,0
VWA8-AS1,0
MAMDC2-AS1,0
SNHG16,0
LOC100507250,0
LINC01013,0
MEG9,0
STX18-AS1,0
LINC01187,0
LINC01210,0
LINC02314,0
LOC100507283,0
LOC100507291,0
TMEM44-AS1,0
SMC5-AS1,0
ALKBH3-AS1,0
SNHG19,0
TARID,0
MINCR,0
ERVK13-1,0
ZSWIM8-AS1,0
LOC100507334,0
SMIM18,0
VIM-AS1,0
LOC100507351,0
LINC01015,0
LOC100507373,0
LOC100507377,0
KCNQ5-IT1,0
LOC100507384,0
LOC100507387,0
LOC100507388,0
LOC100507389,0
LINC01968,0
SENCR,0
INTS6-AS1,0
Unnamed: 22143,0
LRP4-AS1,0
TMLHE-AS1,0
C1QTNF1-AS1,0
LOC100507412,0
MMP25-AS1,0
LINC01605,0
TMEM178B,0
MKNK1-AS1,0
Unnamed: 22153,0
LINC00458,0
LINC02551,0
ZNF571-AS1,0
DLGAP2-AS1,0
MICA,0
LOC100507437,0
ZNF213-AS1,0
NRSN2-AS1,0
LINC02032,0
GVQW2,0
PSMB8-AS1,0
DPH6-DT,0
CT66,0
GRID1-AS1,0
IDH1-AS1,0
LOC100507477,0
LINC02615,0
LINC01277,0
SDCBP2-AS1,0
EGFR-AS1,0
LINC01569,0
ECI2-DT,0
ARHGEF26-AS1,0
THEG5,0
MCPH1-AS1,0
SOX21-AS1,0
LINC02192,0
STRIT1,0
LINC01504,0
LOC100507547,0
LOC100507548,0
LOC100507557,0
LOC100507564,0
RAB11B-AS1,0
Unnamed: 22190,0
BHLHE40-AS1,0
LINC01016,0
TGFBR3L,0
NAGPA-AS1,0
LCT-AS1,0
TRIM52-AS1,0
LINC00837,0
NPIPB9,0
KRTAP9-6,0
LINC00658,0
LINC00968,0
TNKS2-AS1,0
LINC02432,0
LOC100507642,0
RNF212B,0
LINC01606,0
LINC02554,0
LINC02082,0
MUC22,0
LOC100508046,0
GMDS-DT,0
LINC02616,0
CPB2-AS1,0
Unnamed: 22214,0
LY75-CD302,0
ARPC4-TTLL3,0
MSANTD3-TMEFF1,0
RBM14-RBM4,0
CENPS-CORT,0
ATP5MF-PTCD1,0
ABHD14A-ACY1,0
CCDC169-SOHLH2,0
RNF103-CHMP3,0
SMIM35,0
STIMATE-MUSTN1,0
EPPIN-WFDC6,0
ARPIN-AP3S2,0
NT5C1B-RDH14,0
CAHM,0
INMT-MINDY4,0
SLX1A-SULT1A3,0
PHOSPHO2-KLHL23,0
SEPT5-GP1BB,0
FPGT-TNNI3K,0
BLOC1S5-TXNDC5,0
EEF1E1-BLOC1S5,0
RPL17-C18orf32,0
TGIF2-RAB5IF,0
GIMAP1-GIMAP5,0
GJA9-MYCBP,0
MROH7-TTC4,0
PMF1-BGLAP,0
LHX4-AS1,0
TLCD4-RWDD3,0
BORCS7-ASMT,0
TMX2-CTNND1,0
SAA2-SAA4,0
ARL2-SNX15,0
HSPB2-C11orf52,0
ST20-MTHFS,0
BLOC1S1-RDH5,0
POC1B-GALNT4,0
FKBP1A-SDCBP2,0
KLRC4-KLRK1,0
ARMCX5-GPRASP2,0
NEDD8-MDP1,0
BCL2L2-PABPN1,0
SERF2-C15ORF63,0
RPL36A-HNRNPH2,0
CORO7-PAM16,0
TEN1-CDK3,0
RAD51L3-RFFL,0
RNASEK-C17orf49,0
TMEM256-PLSCR3,0
ZNF559-ZNF177,0
RPS10-NUDT3,0
ZNF816-ZNF321P,0
HSPE1-MOB4,0
CKLF-CMTM1,0
SYNJ2BP-COX16,0
CHURC1-FNTB,0
MIA-RAB4B,0
RAB4B-EGLN2,0
ZNF625-ZNF20,0
NPHP3-ACAD11,0
NDUFC2-KCTD14,0
COMMD3-BMI1,0
MSH5-SAPCD1,0
INO80B-WBP1,0
MICOS10-NBL1,0
ATP6V1G2-DDX39B,0
PPT2-EGFL8,0
C8orf44-SGK3,0
ZHX1-C8orf76,0
RTEL1-TNFRSF6B,0
ZNF670-ZNF695,0
KRTAP29-1,0
PRORY,0
UBE2F-SCLY,0
FXYD6-FXYD2,0
SEC24B-AS1,0
ZNF664-RFLNA,0
ARHGAP19-SLIT1,0
FAM24B-CUZD1,0
PRH1-PRR4,0
BIVM-ERCC5,0
DNAAF4-CCPG1,0
TVP23C-CDRT4,0
RBAK-RBAKDN,0
SENP3-EIF4A1,0
P2RX5-TAX1BP3,0
SLMO2-ATP5E,0
APOC4-APOC2,0
TNFAIP8L2-SCNM1,0
URGCP-MRPS24,0
STX16-NPEPL1,0
HNRNPUL2-BSCL2,0
ISY1-RAB43,0
TM4SF19-TCTEX1D2,0
C1QTNF3-AMACR,0
LINC00159,0
MIR2681,0
MIR4793,0
MIR4668,0
MIR4469,0
MIR4648,0
MIR4653,0
MIR4486,0
MIR4731,0
MIR4686,0
MIR4448,0
MIR4526,0
MIR4728,0
MIR4787,0
MIR4428,0
MIR548AN,0
Unnamed: 22337,0
MIR4769,0
MIR4760,0
MIR4512,0
MIR4480,0
MIR4804,0
MIR4726,0
Unnamed: 22345,0
MIR4505,0
MIR4655,0
MIR4530,0
MIR4420,0
MIR4796,0
MIR4722,0
MIR4754,0
MIR378D2,0
MIR4739,0
Unnamed: 22361,0
MIR4641,0
MIR4513,0
MIR4477A,0
MIR4783,0
MIR548O2,0
MIR548AJ1,0
MIR4477B,0
MIR4718,0
MIR4525,0
MIR378D1,0
MIR4729,0
MIR4439,0
MIR4782,0
Unnamed: 22385,0
MIR4737,0
MIR548AL,0
Unnamed: 22392,0
MIR3135B,0
MIR4765,0
MIR4736,0
MIR4487,0
MIR4753,0
MIR4502,0
MIR4473,0
MIR4646,0
MIR4528,0
Unnamed: 22404,0
MIR4669,0
MIR4705,0
MIR4673,0
MIR151B,0
MIR4768,0
MIR548AJ2,0
MIR4762,0
MIR548AH,0
MIR4516,0
MIR4663,0
MIR4504,0
MIR4701,0
MIR4733,0
MIR4472-1,0
MIR4639,0
MIR4637,0
MIR4802,0
MIR4738,0
MIR4766,0
MIR4489,0
MIR4645,0
MIR4665,0
MIR4791,0
MIR4690,0
MIR4510,0
MIR4740,0
MIR4764,0
Unnamed: 22453,0
MIR4450,0
MIR4710,0
MIR548X2,0
MIR4499,0
MIR378H,0
MIR4666A,0
MIR4472-2,0
MIR4650-1,0
MIR3973,0
MIR4478,0
MIR4749,0
MIR4777,0
MIR4664,0
MIR4493,0
MIR378G,0
MIR4682,0
MIR4482,0
MIR4460,0
MIR4484,0
MIR4424,0
MIR4794,0
MIR548AE2,0
MIR4677,0
MIR548AI,0
MIR4659A,0
MIR4451,0
MIR4660,0
MIR4642,0
MIR4774,0
MIR4730,0
MIR2467,0
MIR4735,0
MIR4785,0
MIR4743,0
MIR4688,0
MIR4771-1,0
MIR4746,0
MIR4539,0
MIR4803,0
MIR4511,0
MIR4671,0
MIR548AC,0
MIR4654,0
MIR4427,0
MIR4789,0
MIR4712,0
MIR4440,0
MIR4681,0
MIR4520-1,0
MIR4515,0
MIR4518,0
MIR4692,0
MIR4462,0
MIR4761,0
MIR4727,0
MIR4786,0
MIR4744,0
MIR4689,0
MIR4537,0
MIR4748,0
MIR4694,0
Unnamed: 22549,0
MIR548AM,0
MIR4672,0
MIR4644,0
MIR4714,0
MIR4755,0
MIR4449,0
MIR1343,0
MIR4632,0
MIR4474,0
MIR4725,0
MIR2682,0
Unnamed: 22572,0
MIR4767,0
MIR4742,0
MIR4429,0
MIR4488,0
MIR4798,0
MIR4715,0
MIR548AD,0
MIR4446,0
MIR4442,0
MIR4635,0
MIR4479,0
MIR4423,0
MIR4685,0
MIR4447,0
MIR4698,0
MIR548AK,0
Unnamed: 22595,0
MIR4706,0
MIR3978,0
MIR4441,0
MIR1269B,0
MIR378E,0
MIR4435-1,0
C8orf37-AS1,0
DIO2-AS1,0
DNM3OS,0
LOC100630923,0
LOC100631378,0
FAM47E-STBD1,0
SPRY4-IT1,0
LINC00659,0
LINC01311,0
RAET1E-AS1,0
PYCARD-AS1,0
TIMM23B,0
SPATA8-AS1,0
LOC100652758,0
PRICKLE2-AS1,0
DSG2-AS1,0
NNT-AS1,0
GS1-24F4.2,0
KIAA2012,0
CACNA1C-AS1,0
LINC01023,0
LINC00408,0
LINC00539,0
LINC00904,0
LINC02078,0
LINC00702,0
LINC00706,0
LOC100652999,0
LOC100653233,0
CEP295NL,0
PCAT1,0
HIF1A-AS1,0
HTT-AS,0
KLHL7-DT,0
RBM5-AS1,0
LINC00501,0
MYZAP,0
LINC00506,0
MIR5009,0
MIR5000,0
MIR5579,0
MIR5693,0
MIR5188,0
MIR4524B,0
MIR5581,0
MIR5004,0
MIR5692B,0
MIR5691,0
MIR5695,0
MIR5692C2,0
MIR5585,0
MIR5687,0
MIR5582,0
MIR5002,0
MIR5093,0
MIR5091,0
MIR5698,0
MIR5006,0
MIR5587,0
MIR5003,0
MIR548AT,0
MIR5707,0
MIR548AR,0
MIR5092,0
MIR5572,0
MIR5682,0
MIR5010,0
MIR4666B,0
MIR5690,0
MIR4999,0
MIR5191,0
MIR5194,0
MIR5697,0
MIR5708,0
MIR5189,0
MIR5094,0
MIR548AX,0
MIR5692A1,0
MIR5089,0
MIR548AO,0
MIR5196,0
MIR5684,0
MIR5008,0
MIR5685,0
MIR5688,0
MIR548AQ,0
MIR5190,0
MIR548AV,0
MIR548AP,0
MIR5706,0
MIR5699,0
MIR5192,0
MIR5586,0
MIR5584,0
MIR5187,0
MIR548AS,0
POTEH-AS1,0
EGFLAM-AS4,0
NEGR1-IT1,0
ZRANB2-AS2,0
NRG1-IT1,0
LINC00536,0
HEIH,0
CERS6-AS1,0
FSBP,0
Unnamed: 22731,0
LRRC3-DT,0
ELMO1-AS1,0
RAI1-AS1,0
P4HA2-AS1,0
GDNF-AS1,0
POU6F2-AS1,0
RPS6KA2-AS1,0
RNA45SN5,0
CYP3A7-CYP3A51P,0
DOCK9-DT,0
LINC00554,0
LINC00557,0
LINC00564,0
LINC00566,0
PINK1-AS,0
LINC00562,0
PLUT,0
LINC00558,0
LINC00563,0
LINC00565,0
LINC00572,0
ALDH1L1-AS2,0
TMEM265,0
NAALADL2-AS3,0
LINC00507,0
DIP2A-IT1,0
RB1-DT,0
UPK1A-AS1,0
PTCHD1-AS,0
SRGAP2-AS1,0
SNORD116-30,0
SNORD115-46,0
LPP-AS1,0
NHS-AS1,0
SYP-AS1,0
ZFX-AS1,0
HLX-AS1,0
DLG3-AS1,0
DPYD-AS1,0
DPYD-AS2,0
MTOR-AS1,0
GRM7-AS1,0
LNX1-AS1,0
MYLK-AS2,0
OPA1-AS1,0
PHEX-AS1,0
PRKX-AS1,0
HLTF-AS1,0
VAV3-AS1,0
LMLN-AS1,0
NREP-AS1,0
IPO9-AS1,0
SNRK-AS1,0
LNX1-AS2,0
LINC00278,0
LINC00280,0
MED4-AS1,0
GPC5-AS1,0
GPC5-AS2,0
GPC6-AS1,0
GPC6-AS2,0
LINC02586,0
CNTN4-AS1,0
CNTN4-AS2,0
RBMS3-AS1,0
RBMS3-AS3,0
RERG-AS1,0
ABCC5-AS1,0
MAGI1-AS1,0
CHRM3-AS1,0
MED14OS,0
FGF12-AS1,0
GRM5-AS1,0
HCFC1-AS1,0
ITIH4-AS1,0
KCND3-AS1,0
KCNQ5-AS1,0
MEIS1-AS2,0
OXCT1-AS1,0
PPEF1-AS1,0
VIPR1-AS1,0
NLGN1-AS1,0
XIRP2-AS1,0
NAV2-AS5,0
NAV2-AS2,0
SYNPR-AS1,0
EPN2-AS1,0
KLHL6-AS1,0
MAGI2-AS2,0
TPRG1-AS2,0
SGO1-AS1,0
CFAP44-AS1,0
PRRT3-AS1,0
CADM2-AS2,0
THOC7-AS1,0
MACC1-AS1,0
HM13-AS1,0
TPRG1-AS1,0
LINC00499,0
DGUOK-AS1,0
LZTS1-AS1,0
LINC00534,0
JRKL-AS1,0
FALEC,0
LINC00570,0
NLGN4Y-AS1,0
COX10-AS1,0
LINC00297,0
CLYBL-AS2,0
PCDH9-AS2,0
GRTP1-AS1,0
USP12-AS1,0
USP12-AS2,0
DLEU7-AS1,0
EIF1AX-AS1,0
LINC01840,0
FGF14-AS1,0
HTR2A-AS1,0
KCNAB1-AS2,0
KCNAB1-AS1,0
NUCB1-AS1,0
PCDH9-AS3,0
PCDH9-AS4,0
PCYT1B-AS1,0
RUVBL1-AS1,0
SLC6A1-AS1,0
TM4SF1-AS1,0
UBE2E1-AS1,0
BRWD1-AS1,0
ZNF197-AS1,0
ADIPOQ-AS1,0
DOCK9-AS1,0
UBE2Q1-AS1,0
STEAP2-AS1,0
HDAC11-AS1,0
HS6ST2-AS1,0
MTUS2-AS1,0
GLYCTK-AS1,0
STEAP3-AS1,0
CCDC13-AS1,0
PLCXD2-AS1,0
INTS6L-AS1,0
ZNF630-AS1,0
FRMPD3-AS1,0
ZNRF3-AS1,0
LINC00332,0
LINC00333,0
ENOX1-AS2,0
ZBTB20-AS4,0
LINC00350,0
LINC00351,0
LINC00353,0
LINC00358,0
LINC00364,0
LINC00365,0
LINC00366,0
LINC00379,0
LINC00381,0
LINC00395,0
LINC00398,0
LINC00400,0
LINC00411,0
LINC00423,0
LINC00433,0
LINC00440,0
LINC00443,0
LINC00446,0
LINC00457,0
LINC00424,0
LINC00502,0
FRMD6-AS2,0
LINC00559,0
LINC00571,0
SAMSN1-AS1,0
CLDN10-AS1,0
DIAPH3-AS2,0
EFCAB6-AS1,0
SHANK2-AS1,0
ARHGEF3-AS1,0
B4GALT4-AS1,0
COL4A2-AS1,0
ALDH1L1-AS1,0
ATP11A-AS1,0
OSBPL10-AS1,0
ST3GAL6-AS1,0
MID1IP1-AS1,0
MYCBP2-AS1,0
TM4SF19-AS1,0
ZNF385D-AS1,0
ATP13A5-AS1,0
TMEM212-AS1,0
ZNF385D-AS2,0
OBI1-AS1,0
ARHGEF7-AS1,0
SPATA13-AS1,0
CACNA1C-AS4,0
CACNA1C-AS2,0
COL18A1-AS2,0
CACNA2D3-AS1,0
ARHGEF7-AS2,0
ARHGAP26-AS1,0
STARD13-AS,0
PRICKLE2-AS2,0
PRICKLE2-AS3,0
NAALADL2-AS2,0
NAALADL2-AS1,0
ARHGAP31-AS1,0
DENND5B-AS1,0
KIRREL3-AS2,0
LINC00853,0
RNASEH2B-AS1,0
SLC25A30-AS1,0
CCDC200,0
AOAH-IT1,0
TGFA-IT1,0
LINC01216,0
ERI3-IT1,0
NTM-IT,0
MLIP-IT1,0
DNM3-IT1,0
NRG1-IT3,0
ALMS1-IT1,0
KCND3-IT1,0
SYNJ2-IT1,0
EPN2-IT1,0
AGBL4-IT1,0
BACH1-IT2,0
HOXA10-AS,0
ATP2B2-IT2,0
DSCAM-IT1,0
LINC01014,0
RNF216-IT1,0
HS1BP3-IT1,0
RPS6KA2-IT1,0
ARHGEF9-IT1,0
PPP2R2B-IT1,0
HOXB-AS1,0
HOXC-AS3,0
HOXC13-AS,0
CACNA1C-IT2,0
CACNA1C-IT3,0
ARHGAP26-IT1,0
ARHGEF38-IT1,0
FAM155A-IT1,0
SMIM2-IT1,0
IQCJ-SCHIP1-AS1,0
XXYLT1-AS1,0
APOBEC3B-AS1,0
LINC00581,0
BANCR,0
UGDH-AS1,0
PCCA-AS1,0
NALCN-AS1,0
LINC-ROR,0
VWC2L-IT1,0
LINC00348,0
MYO16-AS1,0
IFNG-AS1,0
LARS2-AS1,0
SLC9A9-AS1,0
LINC00210,0
PTGES3L,0
PTGES3L-AARSD1,0
PTCSC3,0
MRPS31P5,0
LINC00359,0
APOBEC3A_B,0
LRIG2-DT,0
LINC02256,0
LOC100996263,0
LINC01510,0
LINC00269,0
LINC00911,0
LINC02273,0
LINC01993,0
DNAH17-AS1,0
FOXD3-AS1,0
LIPE-AS1,0
LINC01882,0
LOC100996325,0
LINC01664,0
LINC02140,0
CA3-AS1,0
LOC100996351,0
LOC100996385,0
LOC100996419,0
ARLNC1,0
LOC100996437,0
LOC100996447,0
LINC02724,0
LCA10,0
C5orf66,0
LINC01206,0
CTXND1,0
LINC01355,0
ITPR1-DT,0
FAM157C,0
NAMA,0
NFIA-AS2,0
LINC01806,0
FAM74A7,0
LOC100996583,0
LINC01505,0
LINC00690,0
LINC01436,0
LINC01981,0
Unnamed: 23050,0
LINC02607,0
LINCR-0003,0
TCP11X2,0
LOC100996654,0
LINC01533,0
LINC01544,0
LOC100996671,0
LINC02369,0
SPEGNB,0
LINC02502,0
LINC01356,0
RORA-AS2,0
FMC1-LUC7L2,0
IL21-AS1,0
PGR-AS1,0
OVCH1-AS1,0
GOLGA8R,0
NPIPA7,0
LOC101059948,0
LINC01523,0
LINC01799,0
ACTR3-AS1,0
ZNF891,0
CT45A7,0
FOXP4-AS1,0
HNRNPCL4,0
TBC1D3G,0
TBC1D3L,0
LINC01939,0
TBC1D3D,0
LINC02265,0
LINC01910,0
LINC01563,0
NUTM2B-AS1,0
LINC00601,0
LINC00609,0
TMEM220-AS1,0
LINCMD1,0
LINC01081,0
PANDAR,0
IPO11-LRRC70,0
IFNL4,0
LINC00850,0
NPTN-IT1,0
Unnamed: 23095,0
LINC02067,0
PTENP1-AS,0
SNORD124,0
SNORD121B,0
LINC00676,0
LINC00681,0
EZR-AS1,0
OSGEPL1-AS1,0
OGFR-AS1,0
YTHDF3-AS1,0
DLGAP1-AS4,0
LAMTOR5-AS1,0
EVX1-AS,0
MAGEA8-AS1,0
MMP24OS,0
FANK1-AS1,0
LINC00678,0
UCHL1-AS1,0
XXYLT1-AS2,0
RMDN2-AS1,0
STPG2-AS1,0
LINC01080,0
LOC101559451,0
BLACAT1,0
GPR1-AS,0
ZNF350-AS1,0
SCHLAP1,0
SPECC1L-ADORA2A,0
STAG3L5P-PVRIG2P-PILRB,0
CAPN10-DT,0
CCAT2,0
LINC02583,0
CASC9,0
PRNCR1,0
RALY-AS1,0
DAB1-AS1,0
LOC101926892,0
CRTC3-AS1,0
GLIS2-AS1,0
LINC02338,0
LOC101926898,0
ADRB3,0
LSAMP-AS1,0
LINC01265,0
LOC101926905,0
SLC16A12-AS1,0
LOC101926908,0
VPS33B-DT,0
LOC101926913,0
LINC01375,0
LINC01358,0
RDH10-AS1,0
CRAT37,0
LINC00378,0
LOC101926933,0
LOC101926934,0
LOC101926935,0
LINC02104,0
SPRY4-AS1,0
LINC02653,0
LOC101926943,0
LOC101926948,0
LINC01570,0
LINC02339,0
LINC01733,0
ADGRF5-AS1,0
LOC101926963,0
LOC101926964,0
LINC01804,0
LINC01284,0
LINC01844,0
LINC01111,0
DLGAP4-AS1,0
RUNDC3A-AS1,0
LOC101927000,0
PKIA-AS1,0
LINC02177,0
LINC01506,0
LINC01180,0
LOC101927018,0
LOC101927020,0
LOC101927021,0
LOC101927023,0
CHROMR,0
ROR1-AS1,0
LINC02400,0
LOC101927040,0
EPCAM-DT,0
LOC101927048,0
PLCE1-AS2,0
LOC101927051,0
LOC101927055,0
LINC02614,0
LINC02402,0
LINC02294,0
LINC01607,0
LINC02611,0
LINC00682,0
FGF10-AS1,0
LOC101927078,0
LOC101927079,0
MIR4307HG,0
LOC101927082,0
LINC01359,0
LINC02516,0
CLMAT3,0
LOC101927100,0
ITFG1-AS1,0
SUCLG2-AS1,0
LINC01581,0
LINC01933,0
PLCG1-AS1,0
LINC02735,0
LINC02016,0
LOC101927124,0
ELFN1-AS1,0
LOC101927131,0
LINC02133,0
LINC01470,0
LOC101927136,0
LOC101927139,0
NPAS2-AS1,0
LOC101927143,0
LINC01471,0
L3MBTL4-AS1,0
LOC101927151,0
SAMMSON,0
LINC02207,0
LMO7-AS1,0
LINC01934,0
LOC101927157,0
LOC101927159,0
LOC101927164,0
LOC101927166,0
GATA2-AS1,0
LOC101927168,0
LINC01564,0
LINC01069,0
LOC101927178,0
LOC101927179,0
Unnamed: 23240,0
ADGRL3-AS1,0
LOC101927188,0
LOC101927189,0
CHL1-AS1,0
LINC00382,0
FSIP2-AS2,0
FAM111A-DT,0
LINC02075,0
ZNF451-AS1,0
LINC01266,0
LINC01473,0
HNF4A-AS1,0
DEPDC1-AS1,0
UBR5-AS1,0
LINC01049,0
LINC01929,0
LINC01969,0
SEMA6A-AS1,0
LOC101927237,0
LINC01989,0
LINC01430,0
LOC101927243,0
LINC01788,0
PDZRN3-AS1,0
MRTFA-AS1,0
LINC01474,0
LOC101927267,0
LOC101927269,0
LOC101927272,0
LINC01416,0
LINC02071,0
NDUFV2-AS1,0
EP300-AS1,0
LINC02208,0
LINC02466,0
LINC01793,0
LINC02254,0
MANEA-DT,0
LINC01237,0
LINC02395,0
LINC01360,0
SNHG27,0
LOC101927310,0
LINC02185,0
LOC101927314,0
LOC101927318,0
ERICH3-AS1,0
LOC101927322,0
PPP4R1-AS1,0
LINC01475,0
LINC01582,0
LINC02127,0
LOC101927342,0
GRM7-AS3,0
LINC02186,0
LINC01254,0
PLS3-AS1,0
LOC101927354,0
CACNA2D1-AS1,0
LOC101927358,0
LOC101927359,0
LINC01103,0
LINC01571,0
LOC101927365,0
LOC101927377,0
LOC101927378,0
LINC02201,0
CARNMT1-AS1,0
LINC01163,0
LOC101927391,0
LOC101927394,0
LINC01514,0
LINC01821,0
LOC101927410,0
LINC01782,0
LINC01781,0
TMED2-DT,0
SRGAP3-AS2,0
LOC101927418,0
LINC02681,0
LOC101927421,0
GNA14-AS1,0
PANO1,0
LINC01790,0
LINC01255,0
LOC101927434,0
LINC01800,0
LOC101927446,0
LOC101927447,0
LINC01282,0
LOC101927450,0
TMEM108-AS1,0
LINC01522,0
LINC01608,0
LINC02240,0
CLYBL-AS1,0
LOC101927468,0
ITPRIP-AS1,0
LOC101927476,0
LINC01507,0
LOC101927478,0
LINC01909,0
HECW2-AS1,0
LINC01609,0
LOC101927488,0
TCERG1L-AS1,0
MRPS9-AS1,0
LOC101927495,0
CDK6-AS1,0
LINC01361,0
PINCR,0
LOC101927502,0
LOC101927513,0
LINC02620,0
LINC02587,0
LINC01656,0
LINC01204,0
LINC01736,0
LOC101927539,0
LINC01273,0
LOC101927543,0
ANKRD44-IT1,0
LINC02627,0
LOC101927550,0
LINC01250,0
LOC101927557,0
CEBPB-AS1,0
LOC101927560,0
LINC01267,0
LOC101927571,0
LOC101927572,0
LINC01186,0
LOC101927575,0
LINC01797,0
LINC02141,0
CCDC182,0
LINC01271,0
LINC01725,0
LOC101927588,0
LINC01166,0
DPP10-AS3,0
LINC02405,0
NCK1-DT,0
ZNF529-AS1,0
LOC101927604,0
LINC01922,0
RNF139-AS1,0
LINC01923,0
LOC101927620,0
LINC01534,0
LINC01150,0
LOC101927630,0
ADNP-AS1,0
LOC101927636,0
LINC02411,0
LAMA4-AS1,0
LINC01877,0
LINC01444,0
LINC02126,0
LINC01927,0
LINC02388,0
LOC101927657,0
SMAD1-AS2,0
LOC101927661,0
LOC101927666,0
LINC01535,0
LOC101927668,0
MIR202HG,0
LINC01429,0
CD81-AS1,0
LINC01744,0
LINC02541,0
SEPTIN4-AS1,0
LOC101927690,0
LOC101927692,0
LINC02368,0
LINC02227,0
DSCAS,0
LINC01524,0
LINC01812,0
FOXCUT,0
MIR3663HG,0
LOC101927708,0
LINC01029,0
DSG1-AS1,0
ZNF793-AS1,0
LINC01644,0
BEAN1-AS1,0
LINC01476,0
TMEM132D-AS2,0
LINC02202,0
EMSLR,0
ATP6V1B1-AS1,0
LOC101927752,0
RNFT1-DT,0
TH2LCRR,0
LOC101927762,0
COA6-AS1,0
LINC01847,0
HDAC2-AS2,0
LOC101927769,0
LOC101927770,0
LINC00824,0
SATB1-AS1,0
LINC01303,0
LOC101927787,0
LOC101927793,0
BZW1-AS1,0
LINC01441,0
MIR548XHG,0
LOC101927798,0
LINC00368,0
CLSTN2-AS1,0
LOC101927809,0
LOC101927811,0
HMMR-AS1,0
LOC101927815,0
LINC01425,0
LOC101927822,0
LOC101927827,0
OVOL1-AS1,0
LOC101927829,0
PAQR9-AS1,0
LINC02143,0
LOC101927839,0
LINC01687,0
LOC101927845,0
LOC101927847,0
LINC02355,0
LOC101927851,0
CTB-178M22.2,0
MYOSLID-AS1,0
LINC01689,0
LOC101927870,0
LINC01508,0
LINC01654,0
LOC101927884,0
GBAT2,0
PKN2-AS1,0
EMC1-AS1,0
LINC01477,0
LINC02421,0
LINC02449,0
LRRTM4-AS1,0
LOC101927908,0
LOC101927911,0
LOC101927914,0
TUB-AS1,0
LINC01478,0
LINC01479,0
LINC01856,0
LINC01851,0
LINC01480,0
LOC101927932,0
LINC01843,0
FAM53B-AS1,0
LOC101927948,0
LOC101927950,0
C5orf66-AS1,0
LINC01572,0
LOC101927964,0
LOC101927969,0
LOC101927972,0
LINC01695,0
SLC14A2-AS1,0
EDRF1-AS1,0
CTNNA2-AS1,0
TRDN-AS1,0
LINC01213,0
LINC01087,0
PRKCA-AS1,0
LOC101928002,0
LOC101928008,0
LOC101928009,0
LOC101928012,0
UBXN10-AS1,0
KANSL1L-AS1,0
LINC01214,0
KCNIP1-OT1,0
LOC101928035,0
HRAT17,0
LINC01635,0
LOC101928052,0
LOC101928053,0
CNOT2-DT,0
LOC101928063,0
LOC101928069,0
LOC101928075,0
ERICH6-AS1,0
LOC101928087,0
LOC101928093,0
ALG14-AS1,0
PCAT7,0
LOC101928100,0
SNHG31,0
LINC01482,0
LOC101928107,0
ST3GAL5-AS1,0
LOC101928118,0
LINC01483,0
LOC101928123,0
LOC101928128,0
LINC02683,0
LOC101928134,0
LINC01484,0
LINC02444,0
LINC01486,0
LOC101928140,0
LINC01028,0
AADACL2-AS1,0
LOC101928143,0
FAM243A,0
LINC02648,0
LINC01179,0
ITGA9-AS1,0
LINC01485,0
LAMA5-AS1,0
LOC101928160,0
NCKAP5-AS2,0
LINC02366,0
CASC17,0
LINC01917,0
LOC101928168,0
LOC101928174,0
LINC01411,0
LINC01487,0
MRGPRF-AS1,0
LOC101928201,0
LINC02125,0
LINC02097,0
LOC101928211,0
LOC101928222,0
LINC01612,0
LYPD9P,0
LINC02345,0
CT69,0
LINC01280,0
LINC01671,0
ZNF426-DT,0
LINC01787,0
DARS-AS1,0
TESC-AS1,0
LINC01229,0
LOC101928254,0
GRK2,0
LOC101928266,0
LOC101928269,0
LINC01708,0
LINC01227,0
LINC02549,0
LOC101928283,0
LINC01285,0
PLBD1-AS1,0
LOC101928295,0
LINC02670,0
LOC101928304,0
LOC101928307,0
CELF2-DT,0
LOC101928323,0
DHDDS-AS1,0
LINC01921,0
GRM8-AS1,0
LOC101928335,0
LOC101928336,0
LINC01489,0
PABPC1L2B-AS1,0
EVADR,0
LOC101928358,0
EHD4-AS1,0
LOC101928370,0
LOC101928371,0
LOC101928372,0
IL12A-AS1,0
PTOV1-AS2,0
LOC101928386,0
PLA2G4E-AS1,0
LINC01679,0
LOC101928401,0
LOC101928402,0
LOC101928404,0
LOC101928414,0
LOC101928416,0
LOC101928417,0
MYOCD-AS1,0
LINC01490,0
LOC101928424,0
LINC01700,0
LOC101928436,0
LOC101928438,0
FBXO3-DT,0
LOC101928441,0
LINC01491,0
LINC02753,0
LOC101928445,0
LOC101928446,0
C5orf67,0
LINC02426,0
LOC101928453,0
LINC01412,0
LINC01756,0
MAP3K5-AS1,0
ZNF433-AS1,0
MIR325HG,0
TMEM246-AS1,0
SOX5-AS1,0
LINC01676,0
GRK3,0
LINC01363,0
LOC101928489,0
OR2A1-AS1,0
LOC101928495,0
LINC01492,0
LOC101928504,0
LINC02268,0
CATIP-AS1,0
LINC02080,0
LOC101928516,0
LOC101928517,0
LOC101928525,0
PIGBOS1,0
LOC101928530,0
LINC01493,0
LINC01494,0
LINC02225,0
LOC101928540,0
SEPTIN7-AS1,0
SMC2-AS1,0
LOC101928551,0
LINC01537,0
LOC101928557,0
LINC01467,0
LOC101928565,0
LINC02087,0
LINC02101,0
ZNF649-AS1,0
RAP2C-AS1,0
P4HA3-AS1,0
LOC101928590,0
LINC02745,0
LOC101928595,0
ZNF84-DT,0
LINC02108,0
LINC01775,0
ARMH2,0
ZBTB46-AS1,0
ARHGEF35-AS1,0
TRPM2-AS,0
LINC01413,0
HSPC324,0
LINC02189,0
LINC00354,0
LOC101928617,0
LOC101928618,0
LOC101928622,0
LOC101928626,0
LOC101928627,0
SMIM15-AS1,0
ARNTL2-AS1,0
CTC-338M12.4,0
GORAB-AS1,0
LOC101928651,0
LINC01099,0
LOC101928659,0
LOC101928661,0
LOC101928663,0
LOC101928673,0
LOC101928674,0
LOC101928682,0
LINC01209,0
LNCAROD,0
LINC01424,0
LIPC-AS1,0
LOC101928696,0
LINC01070,0
CNTNAP2-AS1,0
LOC101928708,0
SCAT1,0
LOC101928718,0
LINC01509,0
LOC101928725,0
LOC101928731,0
WWC2-AS1,0
MIR762HG,0
LOC101928737,0
LINC01978,0
LOC101928739,0
LINC01450,0
LOC101928748,0
LINC01657,0
LINC01043,0
LINC01979,0
LINC02328,0
LINC01449,0
LOC101928775,0
LINC01258,0
LINC01741,0
TMEM26-AS1,0
LOC101928782,0
RORA-AS1,0
PEX5L-AS2,0
LINC01147,0
MAST4-AS1,0
LINC01448,0
LOC101928797,0
LOC101928809,0
LINC02696,0
LINC02535,0
LINC02763,0
LOC101928834,0
LOC101928837,0
PWRN3,0
LOC101928841,0
LOC101928844,0
LINC01842,0
HIPK1-AS1,0
LOC101928847,0
LINC02380,0
LOC101928855,0
CTD-3080P12.3,0
LOC101928858,0
LINC02728,0
GABRG3-AS1,0
LINC02182,0
LOC101928882,0
LINC02198,0
LINC01864,0
LINC02671,0
LINC01637,0
LOC101928894,0
LOC101928896,0
LOC101928909,0
LINC01515,0
LINC00463,0
LOC101928924,0
SEMA3B-AS1,0
LOC101928932,0
LOC101928937,0
LOC101928940,0
LOC101928942,0
MADD-AS1,0
LINC02720,0
RHOXF1-AS1,0
LINC01262,0
LINC01732,0
LOC101928978,0
LINC01719,0
LOC101928988,0
MIR4300HG,0
LINC02069,0
LOC101928994,0
LINC01649,0
IQCF5-AS1,0
LINC02287,0
LOC101929006,0
SIRPG-AS1,0
LINC02702,0
LINC02270,0
LINC01762,0
LINC01516,0
LINC02116,0
LINC00836,0
LOC101929054,0
LOC101929057,0
LOC101929058,0
ZIM2-AS1,0
MAPK10-AS1,0
LOC101929066,0
LINC01182,0
LOC101929073,0
PIK3CD-AS2,0
LOC101929076,0
LINC02292,0
CTD-2194D22.4,0
LINC01333,0
CASC6,0
LINC02401,0
LINC01447,0
LOC101929089,0
LINC01350,0
C1QTNF7-AS1,0
LOC101929099,0
LOC101929106,0
LOC101929109,0
CASC18,0
LOC101929116,0
LOC101929117,0
LINC01351,0
LINC00437,0
LOC101929122,0
LINC02493,0
LOC101929124,0
LINC01730,0
PGM5P3-AS1,0
LOC101929128,0
PIGY-DT,0
LOC101929140,0
LINC01858,0
PPP3CB-AS1,0
WARS2-AS1,0
LOC101929148,0
P3H2-AS1,0
LINC02114,0
LOC101929162,0
LINC01859,0
LOC101929172,0
CTD-2297D10.2,0
LINC01647,0
LINC01031,0
LINCR-0001,0
THSD4-AS1,0
ATP13A4-AS1,0
LINC02261,0
MKX-AS1,0
LINC01729,0
LOC101929210,0
SMIM2-AS1,0
CTD-2201I18.1,0
LOC101929217,0
LINC01517,0
INSYN1-AS1,0
DISC1FP1,0
DDX59-AS1,0
MCM8-AS1,0
LOC101929227,0
LOC101929229,0
MMADHC-DT,0
LOC101929234,0
LOC101929237,0
C3orf67-AS1,0
PACRG-AS2,0
LINC02325,0
LOC101929243,0
CASC20,0
LINC01231,0
LINC01920,0
LINC02123,0
LINC01428,0
LOC101929268,0
LOC101929269,0
LINC02612,0
LINC02199,0
KCNMA1-AS3,0
LINC01751,0
LOC101929294,0
LOC101929295,0
LOC101929297,0
RFX3-AS1,0
KCNMA1-AS2,0
LOC101929315,0
KCNMA1-AS1,0
LAMP5-AS1,0
LOC101929331,0
ADAMTS9-AS1,0
LINC02037,0
SEMA5A-AS1,0
LOC101929340,0
LOC101929341,0
LINC01198,0
LINC01665,0
CDC37L1-DT,0
LINC02664,0
LOC101929353,0
Unnamed: 23913,0
PARAL1,0
LOC101929372,0
LINC01659,0
LINC01876,0
LOC101929380,0
LOC101929384,0
LMF1-AS1,0
LINC01247,0
LINC01752,0
LINC01518,0
EXTL3-AS1,0
LINC01648,0
PTPRD-AS1,0
LINC02212,0
LOC101929413,0
LOC101929415,0
LOC101929420,0
MEF2C-AS1,0
LOC101929427,0
PTPRD-AS2,0
PRRX2-AS1,0
LOC101929439,0
ERLNC1,0
LINC02623,0
LINC02428,0
LINC02099,0
LOC101929452,0
LINC02149,0
LOC101929460,0
LOC101929464,0
LURAP1L-AS1,0
CXXC4-AS1,0
LOC101929470,0
CTD-2350J17.1,0
LOC101929473,0
LINGO1-AS2,0
LINC01615,0
LINC01722,0
LOC101929488,0
LINC01339,0
LINC02712,0
LINC02544,0
LINC02150,0
LOC101929512,0
PABPC4-AS1,0
ETS1-AS1,0
LINC00993,0
LOC101929523,0
LOC101929524,0
DTD1-AS1,0
LOC101929528,0
GSTCD-AS1,0
LOC101929532,0
LOC101929538,0
LINC01422,0
LINC02608,0
LINC02217,0
FOCAD-AS1,0
GAU1,0
LOC101929551,0
LINC01395,0
LINC00211,0
LOC101929563,0
LINC01740,0
LINC01814,0
KCNH7-AS1,0
LOC101929572,0
LOC101929574,0
LOC101929577,0
LOC101929579,0
LINC01241,0
LINC02443,0
LOC101929586,0
NRG3-AS1,0
KIZ-AS1,0
LOC101929592,0
LOC101929595,0
LINC02613,0
IFT74-AS1,0
LINC01990,0
LINC01726,0
LOC101929613,0
LINC01243,0
LOC101929622,0
LINC01215,0
LINC01519,0
LINC01727,0
LOC101929626,0
LINC01653,0
LOC101929633,0
LINC02280,0
NTM-AS1,0
B4GALT1-AS1,0
LINC02647,0
LINC01398,0
LOC101929653,0
TMC3-AS1,0
LOC101929657,0
LINC02109,0
LOC101929662,0
LINC01427,0
HORMAD2-AS1,0
LOC101929679,0
SCN1A-AS1,0
LINC02064,0
LINC01520,0
LNCNEF,0
LINC01251,0
LINC01583,0
RARA-AS1,0
LINC02042,0
PSD2-AS1,0
LINC01983,0
LOC101929698,0
LINC01584,0
LOC101929705,0
LOC101929709,0
LOC101929710,0
ODC1-DT,0
ARMC2-AS1,0
LINC02044,0
LOC101929718,0
LOC101929719,0
AGBL4-AS1,0
LINC01914,0
MYMX,0
LINC01352,0
LINC01954,0
LINC01372,0
METTL14-DT,0
LINC01586,0
LINC02119,0
ADSL,0
MYO3B-AS1,0
ZBTB20-AS5,0
PIK3IP1-AS1,0
LINC01585,0
LOC101929767,0
OSMR-AS1,0
LINC01063,0
LINC01655,0
LOC101929829,0
LOC101929897,0
LOC101929935,0
DST-AS1,0
LOC101930071,0
HSD11B1-AS1,0
LOC101930370,0
LINC02367,0
LINC00945,0
LINC00397,0
LINC01030,0
LINC00644,0
RNVU1-4,0
RNVU1-14,0
RNVU1-15,0
RNVU1-17,0
ADSS2,0
RNVU1-3,0
RNVU1-1,0
RNU6-7,0
RNVU1-6,0
RNVU1-19,0
LINC00970,0
PCAT14,0
LOC102031319,0
RASSF1-AS1,0
C2-AS1,0
PCBP2-OT1,0
AK6,0
FBXW7-AS1,0
CISTR,0
LINC01108,0
SPACA6P-AS,0
C11orf98,0
MIR5787,0
MIR6069,0
MIR6076,0
MIR6083,0
Unnamed: 24099,0
MIR6088,0
MIR378J,0
MIR6129,0
MIR6131,0
MIR6133,0
MIR6165,0
MIR548AY,0
MIR6504,0
MIR6507,0
MIR6512,0
MIR6513,0
MIR6514,0
MIR6511B1,0
Unnamed: 24122,0
MIR6724-1,0
MIR6726,0
MIR6728,0
MIR6735,0
MIR6738,0
MIR6740,0
MIR6746,0
MIR6753,0
MIR6761,0
MIR6762,0
MIR6768,0
MIR6770-1,0
MIR6772,0
MIR6775,0
MIR6776,0
MIR6777,0
MIR6781,0
MIR6784,0
MIR6796,0
MIR6797,0
MIR6799,0
MIR6804,0
MIR6806,0
MIR6809,0
MIR6812,0
MIR6815,0
MIR6819,0
MIR6820,0
MIR6821,0
MIR6826,0
MIR6835,0
MIR6839,0
MIR6851,0
MIR6856,0
MIR6858,0
MIR6861,0
MIR6862-1,0
MIR6864,0
MIR6865,0
MIR6867,0
MIR6870,0
MIR6876,0
MIR6877,0
MIR6885,0
MIR6891,0
MIR6892,0
MIR6895,0
MIR7107,0
MIR7111,0
MIR7150,0
MIR7152,0
MIR7158,0
MIR7161,0
MIR7160,0
Unnamed: 24204,0
MIR7703,0
MIR7843,0
MIR4433B,0
MIR7845,0
MIR7850,0
MIR7854,0
MIR7974,0
MIR7976,0
MIR8054,0
MIR8055,0
MIR8058,0
MIR8064,0
MIR8065,0
AP2A1,0
MIR8070,0
MIR8071-1,0
MIR8075,0
MIR8079,0
MIR8080,0
MIR8082,0
MIR8086,0
MIR8087,0
MIR6719,0
MIR6763,0
MIR6807,0
MIR6829,0
MIR5739,0
MIR6075,0
MIR548AZ,0
MIR6721,0
MIR6736,0
MIR6750,0
MIR6757,0
MIR6780A,0
MIR6810,0
MIR6817,0
MIR6880,0
MIR6077,0
MIR1273H,0
MIR8061,0
MIR8069-1,0
MIR8076,0
MIR1199,0
MIR6071,0
MIR6081,0
MIR6500,0
MIR6505,0
MIR6730,0
MIR6739,0
MIR6745,0
MIR6749,0
MIR6754,0
MIR6764,0
MIR6769A,0
MIR6774,0
MIR6793,0
MIR6798,0
MIR6813,0
MIR6818,0
MIR6822,0
MIR6827,0
MIR6832,0
MIR6780B,0
MIR6855,0
MIR6859-1,0
MIR6889,0
MIR6894,0
MIR7151,0
MIR7848,0
MIR7975,0
MIR8057,0
MIR8063,0
MIR8068,0
MIR8078,0
MIR8083,0
MIR6124,0
MIR6785,0
MIR6871,0
MIR6508,0
MIR6766,0
MIR6801,0
MIR7156,0
MIR7851,0
HRAT5,0
LINC01377,0
LINC02180,0
LOC102467081,0
MAFTRR,0
LINC01948,0
LINC02115,0
LINC01950,0
LINC02200,0
LOC102467222,0
LINC02214,0
LINC02147,0
LINC02215,0
LOC102467226,0
LINC02219,0
LINC02056,0
LINC01335,0
RASGRF2-AS1,0
AP2A2,0
LINC02060,0
LINC01340,0
LOC102546229,0
LOC102546294,0
NDST1-AS1,0
LOC102546299,0
LINC01947,0
LINC01574,0
LINC01962,0
PCAT5,0
LINC01152,0
LOC102606465,0
KCCAT333,0
THRIL,0
LINC01159,0
GHET1,0
LINC01169,0
STAM-AS1,0
MIR133A1HG,0
LINC01053,0
CERS3-AS1,0
LOC102723322,0
LINC02729,0
LINC00412,0
LINC02568,0
LINC02298,0
ZFPM2-AS1,0
LOC102723373,0
LOC102723376,0
CDH23-AS1,0
LINC01495,0
LOC102723385,0
LINC01496,0
LOC102723427,0
LOC102723439,0
LINC01986,0
CSE1L-AS1,0
LINC01497,0
ROCR,0
KANTR,0
LCMT1-AS1,0
ZNF30-AS1,0
LOC102723517,0
LINC02218,0
LOC102723544,0
SMIM11B,0
LMNB1-DT,0
LINC01498,0
LINC01440,0
LOC102723582,0
BMP7-AS1,0
LOC102723604,0
LINC01445,0
LINC01766,0
CT45A10,0
HID1-AS1,0
LINC01499,0
LOC102723649,0
LINC02790,0
LOC102723672,0
LOC102723692,0
LOC102723701,0
LOC102723729,0
CT45A8,0
LINC01500,0
LINC02362,0
LINC01315,0
LINC02497,0
LOC102723809,0
LINC01248,0
EML4-AS1,0
LINC02506,0
AP1B1,0
LINC02224,0
LINC01819,0
TBC1D3E,0
LOC102723883,0
LOC102723885,0
LINC02552,0
LINC01238,0
LOC102723968,0
KIF1C-AS1,0
LOC102724020,0
LOC102724050,0
LINC02529,0
LOC102724058,0
LINC01038,0
LINC01389,0
LOC102724084,0
MUC12-AS1,0
LOC102724096,0
TTC39A-AS1,0
ZNF528-AS1,0
LOC102724153,0
LOC102724163,0
PABPC5-AS1,0
LINC01674,0
LINC02289,0
TBX18-AS1,0
LINC01117,0
C3orf86,0
TTC39C-AS1,0
LOC102724265,0
CCR5AS,0
LOC102724301,0
LINC01770,0
SVIL-AS1,0
LOC102724323,0
NEURL1-AS1,0
LINC02188,0
LOC102724357,0
HOMER3-AS1,0
LINC02585,0
LINC01393,0
LINC02197,0
LOC102724421,0
SIK1B,0
LOC102724434,0
LOC102724450,0
LOC102724467,0
GAGE10,0
CHN2-AS1,0
THCAT158,0
LOC102724511,0
LINC01291,0
LOC102724532,0
LINC01714,0
LINC02015,0
RERE-AS1,0
ASB15-AS1,0
Unnamed: 24493,0
LNCTAM34A,0
LINC02626,0
U2AF1L5,0
LOC102724596,0
RABGAP1L-DT,0
LOC102724604,0
LOC102724612,0
LINC01414,0
POTEB3,0
LINC01919,0
CRYAA2,0
C1orf167-AS1,0
LINC01645,0
PPFIA2-AS1,0
LINC01423,0
MRPS9-AS2,0
LINC02043,0
LOC102724710,0
LOC102724719,0
LINC01594,0
LOC102724776,0
LOC102724784,0
LOC102724804,0
LOC102724814,0
LANCL1-AS1,0
ZNF337-AS1,0
MIATNB,0
LOC102724849,0
LINC02113,0
TBC1D3I,0
LOC102724874,0
LINC02293,0
LINC01899,0
LOC102724919,0
LINC02861,0
LINC02412,0
LINC01032,0
LOC102724957,0
LOC102724958,0
LINC01878,0
LOC102725254,0
LINC01232,0
ELDR,0
HAGLROS,0
MIR7515HG,0
LINC01246,0
LINC01222,0
TPTEP2-CSNK1E,0
LINC01230,0
LINC01828,0
CASC21,0
CASC19,0
ABALON,0
SNHG22,0
BRWD1-AS2,0
LINC01145,0
LINC01276,0
PAUPAR,0
PCAT2,0
LOC103171574,0
LINC02333,0
LINCR-0002,0
BGLT3,0
LINC01391,0
LOC103344931,0
PGM5P4-AS1,0
LINC01410,0
LINC01419,0
MIR8485,0
CASC23,0
LOC103611081,0
TGFB2-OT1,0
LLPH-DT,0
LINC00456,0
LINC01046,0
LINC01050,0
ADAMTS19-AS1,0
CATIP-AS2,0
TBX2-AS1,0
LINC00383,0
DLEU1-AS1,0
LINC01337,0
LINC01378,0
FOXG1-AS1,0
PKNOX2-AS1,0
LINC01435,0
LINC01048,0
LINC01167,0
LINC01322,0
LINC01396,0
BBOX1-AS1,0
LINC01269,0
LINC00377,0
LINC01058,0
LINC01068,0
LINC01170,0
LINC01287,0
MYCNUT,0
SPATA17-AS1,0
LINC01055,0
LINC01075,0
CCND2-AS1,0
RORB-AS1,0
BIRC6-AS2,0
FOXC2-AS1,0
PACERR,0
TMEM92-AS1,0
LOC103908605,0
RXYLT1-AS1,0
LINC01036,0
LINC01044,0
KBTBD11-OT1,0
LINC01151,0
LINC01195,0
LINC01201,0
LINC01221,0
LINC01327,0
LINC01331,0
LINC01399,0
MAFA-AS1,0
NRIR,0
LINC00399,0
APOA1-AS,0
GACAT1,0
SMAD1-AS1,0
LINC01202,0
LMO7DN-IT1,0
Unnamed: 24628,0
DLX2-DT,0
LINC00431,0
LINC01033,0
LINC01072,0
LINC01162,0
LINC01397,0
LINC00375,0
LINC01143,0
TXNDC12-AS1,0
NCOA7-AS1,0
LINC00396,0
LINC01039,0
LINC01054,0
Unnamed: 24643,0
LINC01090,0
LINC01177,0
LHX5-AS1,0
LINC01219,0
LINC01307,0
LINC01317,0
LINC01320,0
LINC01324,0
MIR217HG,0
AP2B1,0
LINC00376,0
SGMS1-AS1,0
ABCA9-AS1,0
LENG8-AS1,0
TET2-AS1,0
ZBTB20-AS3,0
SAPCD1-AS1,0
F10-AS1,0
STX18-IT1,0
PCAT29,0
DISC1-IT1,0
WARS2-IT1,0
LINC01224,0
LINC00508,0
FOXP1-AS1,0
MGAT3-AS1,0
TRIM31-AS1,0
SALRNA3,0
SALRNA2,0
LOC104613533,0
LINC01402,0
GACAT3,0
KCNMB2-AS1,0
GS1-594A7.3,0
LINC02210-CRHR1,0
LOC104968399,0
BISPR,0
AP1G1,0
PKD1P6-NPIPP1,0
LOC105369187,0
PPM1K-DT,0
LOC105369332,0
PPP1R14B-AS1,0
MIR194-2HG,0
LINC02711,0
LINC02746,0
LOC105369438,0
LINC02737,0
LINC02732,0
LOC105369507,0
LOC105369509,0
STT3A-AS1,0
LOC105369595,0
LOC105369632,0
LOC105369691,0
LINC02422,0
LINC02451,0
LINC02450,0
LINC02424,0
LINC02392,0
LOC105369911,0
LINC02410,0
LOC105369921,0
KCCAT198,0
LOC105369980,0
LINC02423,0
LOC105370024,0
LINC02441,0
LINC00390,0
LINC01052,0
LINC01040,0
PCCA-DT,0
LINC02282,0
LOC105370473,0
LOC105370489,0
LINC01629,0
LOC105370586,0
LOC105370622,0
PCSK6-AS1,0
LOC105371038,0
LOC105371046,0
LOC105371049,0
LOC105371083,0
LOC105371335,0
LOC105371433,0
SMCR2,0
SNHG30,0
THRA1/BTR,0
LOC105372028,0
LOC105372038,0
LOC105372068,0
LOC105372069,0
TCF4-AS1,0
LOC105372273,0
LINC01841,0
LOC105372397,0
GEMIN7-AS1,0
LOC105372440,0
LOC105372441,0
LOC105372582,0
LINC01640,0
LOC105373021,0
LOC105373051,0
LOC105373100,0
LINC01456,0
LOC105373383,0
LINC01614,0
DIRC3-AS1,0
MECOM-AS1,0
LINC01995,0
LOC105374344,0
LINC02482,0
LOC105374428,0
LOC105374516,0
STIM2-AS1,0
LINC02110,0
LOC105374952,0
LINC02570,0
LOC105375115,0
LOC105375166,0
LINC00972,0
LOC105375401,0
LINC02476,0
LOC105375483,0
LOC105375545,0
LOC105375556,0
LINC01022,0
MIR3150BHG,0
SMILR,0
LOC105375744,0
LOC105375787,0
LOC105375843,0
LOC105375972,0
FAM242F,0
LINC02639,0
Unnamed: 24797,0
LINC02652,0
LINC02644,0
LINC02547,0
Unnamed: 24801,0
ANO3-AS1,0
LGR4-AS1,0
EXOSC10-AS1,0
LOC105376805,0
SNHG25,0
GRM7-AS2,0
FAM3D-AS1,0
LINC02619,0
LINC02429,0
UBE2D3-AS1,0
LOC105377448,0
LOC105377480,0
LINC02365,0
LOC105377590,0
LINC01596,0
LINC01932,0
LOC105377763,0
LINC01611,0
LOC105377924,0
LOC105378047,0
LOC105378137,0
LOC105378311,0
LINC02622,0
LOC105378367,0
LINC02679,0
LINC02624,0
LOC105378663,0
LINC01771,0
LINC02609,0
LOC105378933,0
LOC105379030,0
LOC105379143,0
LOC105379194,0
NKILA,0
LINC02130,0
XACT,0
LINC01455,0
B3GALT1-AS1,0
LINC01047,0
WSPAR,0
LINC01693,0
LRP1-AS,0
LINC02676,0
ADGRD1-AS1,0
PLA2G4C-AS1,0
GRPEL2-AS1,0
LINC00374,0
ARF4-AS1,0
LINC01037,0
LINC01078,0
KCNK15-AS1,0
LINC01381,0
LINC01318,0
NOP53-AS1,0
PSLNR,0
LINC01613,0
LUADT1,0
LINC01616,0
MDC1-AS1,0
KCNK4-TEX40,0
BUB1B-PAK6,0
WRB-SH3BGR,0
MIR3142HG,0
TBC1D7-LOC100130357,0
SMURF2P1-LRRC37BP1,0
LINC02415,0
LINC01593,0
BOLA2-SMG1P6,0
SETDB2-PHF11,0
GSM,0
"ethnicity (w: white, b: black, nw: non-white)",0
dementia,0
dyskinesia,0
PRH1-TAS2R14,0
PCF11-AS1,0
NAT1,0
NAT2,0
SERPINA3,0
AADAC,0
AAMP,0
AANAT,0
AARS1,0
ABAT,0
ABCA1,0
ABCA2,0
ABCA3,0
ABCB7,0
ABCF1,0
ABCA4,0
cholinesterase inhibitors,0
